recipe_id,recipe_ingredient_id,ingredient_name_original,quantity_original,unit_original,food_id,match_method,match_confidence,review_category,explanation
PK_RCP_002,PK_ING_005,Onion sliced,1/2 medium,household_piece,PK_FCT_070,exact_slug,1.0,VALID_HOUSEHOLD_MEASURE_NO_GRAM_SOURCE,"Authoritative food commodity mapped, but source exclusively specifies household unit without gram weight; valid source state."
PK_RCP_002,PK_ING_006,Garlic cloves,3 cloves,household_clove,PK_FCT_068,exact_slug,1.0,VALID_HOUSEHOLD_MEASURE_NO_GRAM_SOURCE,"Authoritative food commodity mapped, but source exclusively specifies household unit without gram weight; valid source state."
PK_RCP_002,PK_ING_007,"Spices (Turmeric, Red chili, Salt)",1 tsp,household_tsp,,unresolved_blend,0.4,UNRESOLVED_INGREDIENT,"Compound blend, spice mixture, or raw commodity (e.g. Desi Ghee / Potato) belonging to missing FCT scan serials pending review."
PK_RCP_003,PK_ING_011,Onion chopped,1 medium,household_piece,PK_FCT_070,exact_slug,1.0,VALID_HOUSEHOLD_MEASURE_NO_GRAM_SOURCE,"Authoritative food commodity mapped, but source exclusively specifies household unit without gram weight; valid source state."
PK_RCP_003,PK_ING_012,Tomatoes chopped,1 medium,household_piece,PK_FCT_063,exact_slug,1.0,VALID_HOUSEHOLD_MEASURE_NO_GRAM_SOURCE,"Authoritative food commodity mapped, but source exclusively specifies household unit without gram weight; valid source state."
PK_RCP_003,PK_ING_013,Spices & Salt,1.5 tsp,household_tsp,,unresolved_blend,0.4,UNRESOLVED_INGREDIENT,"Compound blend, spice mixture, or raw commodity (e.g. Desi Ghee / Potato) belonging to missing FCT scan serials pending review."
PK_RCP_004,PK_ING_016,Onions and Garlic,"1 medium onion, 3 cloves",household_mix,,unresolved_compound,0.45,UNRESOLVED_INGREDIENT,"Compound blend, spice mixture, or raw commodity (e.g. Desi Ghee / Potato) belonging to missing FCT scan serials pending review."
PK_RCP_007,PK_ING_025,Egg (coating),1 egg,household_piece,PK_FCT_166,exact_slug,1.0,VALID_HOUSEHOLD_MEASURE_NO_GRAM_SOURCE,"Authoritative food commodity mapped, but source exclusively specifies household unit without gram weight; valid source state."
PK_RCP_008,PK_ING_029,Tomatoes chopped,1 medium,household_piece,PK_FCT_063,exact_slug,1.0,VALID_HOUSEHOLD_MEASURE_NO_GRAM_SOURCE,"Authoritative food commodity mapped, but source exclusively specifies household unit without gram weight; valid source state."
PK_RCP_009,PK_ING_033,Onions and Tomatoes,1 each,household_mix,,unresolved_compound,0.5,UNRESOLVED_INGREDIENT,"Compound blend, spice mixture, or raw commodity (e.g. Desi Ghee / Potato) belonging to missing FCT scan serials pending review."
PK_RCP_013,PK_ING_048,Tomatoes sliced,2 medium,household_piece,PK_FCT_063,exact_slug,1.0,VALID_HOUSEHOLD_MEASURE_NO_GRAM_SOURCE,"Authoritative food commodity mapped, but source exclusively specifies household unit without gram weight; valid source state."
