Metric,Tier 1 (16 Features),Tier 2 (32 Features),Difference (Tier 2 - Tier 1),Better Model
ROC-AUC,0.898,0.8919,-0.0061,Tier 1
PR-AUC,0.8324,0.8243,-0.0081,Tier 1
Sensitivity (@ 0.50),0.6944,0.6944,+0.0000,Tie
Specificity (@ 0.50),0.9452,0.9315,-0.0137,Tier 1
Precision (@ 0.50),0.8621,0.8333,-0.0287,Tier 1
F1-Score (@ 0.50),0.7692,0.7576,-0.0117,Tier 1
Brier Score (Prob. Error),0.1121,0.1138,+0.0017,Tier 1
Sensitivity (@ Screening tau),0.8056,0.7778,-0.0278,Tier 1
Specificity (@ Screening tau),0.8356,0.8356,+0.0000,Tie
F1-Score (@ Screening tau),0.7532,0.7368,-0.0164,Tier 1
