ID,QB1,QB3,QB6,QB8,QC3,QC3A,QC3B,QC3C,QC3D,QC3E,QC3F,QC3G,LH,FSH,T,BPAorigin,BPAcr,agegroup,education,bmigroup,ethnicity
11129,2,,1,1,0,0,0,0,0,0,1,0,3.88,3.71,4.34,0,0.05,2,3,2,1
12001,1,1,1,1,1,,,,,,,,2.39,4.85,3.71,3.35,1.74,3,2,2,3
12002,1,1,2,,1,,,,,,,,2.19,3.36,4.96,0,0.1,2,3,2,3
12003,2,,1,1,,,,,,,,,3.43,4.13,7.1,1.75,3.98,2,4,2,1
12005,1,1,1,1,0,0,0,0,0,0,1,0,8.71,7.73,5.99,1.28,2,4,2,2,3
12006,1,2,1,1,1,,,,,,,,2.98,4.77,5.48,6.18,7.63,5,3,2,3
12007,2,,2,,1,,,,,,,,3.09,3.83,3.75,5.61,7.29,2,3,4,3
12008,1,1,1,1,1,,,,,,,,2.53,4.4,3.35,3.36,6.86,4,3,3,3
12009,1,1,1,1,1,,,,,,,,4.53,5.36,5.08,4.25,6.34,3,2,4,4
12010,1,1,1,1,1,,,,,,,,3.24,5.8,4.43,2.44,3.64,3,3,2,3
12011,1,1,1,1,1,,,,,,,,3.87,6.36,7.48,4.15,6.29,3,2,2,3
12012,1,1,1,1,1,,,,,,,,2.39,4.85,6.25,1.49,2.76,4,3,2,1
12013,1,1,1,1,0,0,0,1,0,0,0,0,4.12,2.82,7.18,2.93,4.13,2,3,3,3
12014,1,1,1,2,1,,,,,,,,2.91,6.17,3.68,0,0.06,2,4,3,1
12016,1,1,1,1,1,,,,,,,,7.48,6.09,5.29,2.6,8.13,3,4,2,3
12017,2,,1,1,1,,,,,,,,6.3,3.02,2.55,7.06,5.15,3,4,3,3
12018,1,1,1,1,,,,,,,,,4.62,1.93,4.31,3.98,4.8,4,2,2,1
12019,1,1,1,1,,,,,,,,,5.31,5.85,6.44,2.01,2.09,2,3,2,1
12020,2,,1,1,1,,,,,,,,2.52,4.33,4.14,1.31,1.12,5,3,2,1
12022,1,1,2,,1,,,,,,,,2.69,2.37,6.45,0,0.12,5,3,3,3
12023,1,1,1,1,0,0,0,1,0,0,0,0,4.73,3.86,6.09,0,0.1,4,2,2,2
12024,2,,2,,1,,,,,,,,2.95,3.56,5.92,0,0.27,3,2,3,3
12025,1,1,1,1,0,0,0,0,0,0,0,1,7.87,7.85,6.49,1.04,1.06,4,3,2,3
12026,1,1,1,1,1,,,,,,,,4.3,2.99,8.18,0.49,0.43,5,2,2,3
12027,1,1,1,1,0,0,0,0,0,0,1,0,5.24,3.52,2.2,0,0.11,3,3,2,3
12028,1,1,1,1,1,,,,,,,,3.61,3.76,3.27,0,0.08,2,4,3,3
12029,1,1,1,2,,,,,,,,,4.7,2.63,4.22,0.41,0.43,1,3,1,3
12030,1,1,2,,1,,,,,,,,8.84,9.24,2.75,0,0.42,4,2,3,3
12032,2,,2,,0,0,0,0,0,0,0,1,5.04,5.55,2.3,0,0.12,5,3,4,3
12033,2,,2,,1,,,,,,,,3.93,3.09,3.03,0.13,0.5,3,3,3,2
12034,2,,1,1,1,,,,,,,,4.37,3.2,4.51,0.41,2.93,3,3,2,3
12035,2,,1,1,1,,,,,,,,3.35,2.21,5.76,1.07,0.79,4,3,3,3
12036,2,,1,1,1,,,,,,,,4.24,4.05,3.88,0.6,0.97,3,2,1,3
12037,1,1,1,1,1,,,,,,,,5.82624,3.99168,3.44,1.25,1.89,2,3,2,2
12038,1,1,2,,1,,,,,,,,7.07616,7.98048,8.06,0,0.11,3,3,2,1
12039,2,,2,,0,0,0,0,0,0,0,1,6.78528,6.83136,6.5,1.25,0.74,3,3,2,1
12040,2,,1,1,1,,,,,,,,5.75712,3.68352,5.05,1.33,1.25,3,2,3,2
12041,2,,2,,1,,,,,,,,5.05152,5.47776,5.07,0.18,0.53,3,2,2,2
12042,1,1,2,,1,,,,,,,,5.49,4.45,6.84,0,0.19,5,3,2,4
12043,1,1,1,1,1,,,,,,,,2.21,2.75,7.27,0,0.19,2,3,3,1
12044,1,1,1,1,1,,,,,,,,6.64,7.06,7.05,0,0.19,5,3,2,4
12045,,,,,,,,,,,,,2.1,2.11,5.97,0,0.15,3,,2,3
12046,,2,2,,1,,,,,,,,1.5,2.92,7.35,0,0.05,4,2,1,1
12048,1,1,1,1,1,,,,,,,,1.95,3.83,4.8,0,0.13,4,3,2,2
12049,1,1,1,1,1,,,,,,,,2.29,3.98,3.65,0,0.04,2,3,2,2
12050,2,,1,1,1,,,,,,,,3.54,7.4,5.32,0,0.08,2,4,2,4
12051,1,1,1,1,1,,,,,,,,6.37,4.49,4.96,0.31,0.57,2,4,2,3
12052,1,1,1,1,1,,,,,,,,2.62,3.61,3.44,0.41,,3,3,4,1
12054,2,,2,,1,,,,,,,,4.44,6.65,5.66,0,0.1,3,2,2,1
12055,2,,1,1,1,,,,,,,,3.37,2.92,6.91,0.26,0.54,3,2,2,1
12056,1,1,1,1,1,,,,,,,,2.61,3.35,3.59,0,0.1,4,2,2,2
12057,1,1,1,1,1,,,,,,,,2.18,2.38,4.48,0,0.1,2,3,2,2
12058,2,,1,1,1,,,,,,,,2.11,1.61,4.64,0.39,0.13,2,3,3,1
12059,1,1,1,1,1,,,,,,,,5.7,5.05,5.69,0,0.07,1,3,3,1
12060,1,1,1,1,1,,,,,,,,3.89,3.9,3.94,1.62,1.46,4,2,3,1
12061,2,,2,,1,,,,,,,,6.17,10.98,6.05,0.81,0.87,5,3,2,1
12062,1,1,1,1,1,,,,,,,,3.69,2.83,2.46,0.44,0.67,2,2,3,3
12063,1,1,1,1,1,,,,,,,,3.81,3.94,2.64,0,0.18,4,2,4,1
12064,1,1,1,1,1,,,,,,,,3.73,6.81,2.51,3.28,2.05,4,2,3,4
12065,1,1,2,,1,,,,,,,,4.09,3.27,4.8,0.81,1.19,3,4,3,1
12066,2,,2,,1,,,,,,,,8.00352,8.1504,4.31,0.44,0.83,2,4,2,3
12067,1,1,1,1,1,,,,,,,,2.59,4.23,5.91,2.38,2.33,2,3,2,1
12068,1,1,1,1,1,,,,,,,,2.91,4.9,4.72,1.38,1.77,4,4,2,1
12069,1,1,2,,1,,,,,,,,1.95,2.43,5.47,0.38,1.27,2,3,2,2
12070,2,,1,1,1,,,,,,,,4.33,2.24,4.89,3.1,1.81,4,4,2,4
12071,1,1,2,,1,,,,,,,,3.33,8.52,6.19,1.66,2.81,4,3,3,4
12073,1,1,2,,1,,,,,,,,3.36,4.37,2.68,0.26,0.37,1,3,4,1
12074,1,1,1,1,1,,,,,,,,9.8,7.97,9.05,2.46,2.96,4,2,2,1
12076,1,1,1,1,1,,,,,,,,2.43,3.7,4.81,6.14,8.19,5,2,2,1
12077,2,,2,,1,,,,,,,,5.5,4.54,9.39,0.26,0.39,4,2,2,1
12078,1,1,1,1,1,,,,,,,,2.81,2.16,3.52,0.22,0.17,4,2,2,3
12079,2,,1,1,1,,,,,,,,3.3,5.99,5.75,6.14,4.09,4,2,2,3
12080,2,,2,,1,,,,,,,,8.18784,5.35392,8.22,0,0.07,2,4,2,1
12081,1,1,1,1,1,,,,,,,,4.91616,5.4288,5.15,17.3,30.35,3,2,2,2
12082,,,,,,,,,,,,,4.94784,5.84928,4.22,1.66,0.99,5,,2,1
12083,1,2,2,,1,,,,,,,,8.21664,9.84384,8.34,5.14,4.59,2,2,3,2
12084,1,1,1,1,,,,,,,,,5.48064,7.3152,3.92,1.82,1.38,3,2,2,1
12085,1,1,1,1,0,1,0,0,0,0,1,0,6.98112,2.4624,4.16,4.74,5.58,3,3,2,1
12086,1,1,1,1,1,,,,,,,,3.20832,7.17984,3,0.42,0.58,3,2,3,3
12087,1,1,1,2,1,,,,,,,,2.11104,4.61088,5.82,7.46,9.69,4,2,2,1
12088,2,,2,,1,,,,,,,,4.98528,3.816,5.85,34.38,28.18,3,3,2,3
12089,1,1,1,1,1,,,,,,,,9.52704,0.45216,6.22,4.38,3.74,5,2,2,1
12090,1,1,1,1,1,,,,,,,,4.31712,6.75648,4.35,5.54,12.04,5,3,3,1
12091,1,1,2,,1,,,,,,,,8.86176,4.64832,7.3,4.74,11.02,2,4,2,3
12122,1,1,2,,1,,,,,,,,3.58848,7.68384,2.93,1.58,1.23,3,3,2,1
12123,2,,2,,1,,,,,,,,7.26624,3.00384,1.08,3.06,3.92,2,3,4,1
12124,1,1,1,1,1,,,,,,,,2.9808,8.424,5.23,12.42,15.33,1,3,2,1
12125,2,,1,1,1,,,,,,,,3.22,5.67,5.4,0,0.28,1,3,2,1
12126,2,,2,,0,0,0,0,0,0,0,1,6.9408,2.62368,3.12,0,,3,3,2,1
12129,1,1,2,,1,,,,,,,,2.11,2.99,9.43,0,0.09,4,3,3,3
12130,1,1,1,1,1,,,,,,,,4.27968,6.68448,3.44,1.94,,2,4,3,1
12131,1,1,1,1,0,0,1,0,0,0,0,0,7.78176,6.09408,5.45,9.22,9.81,2,3,4,3
12132,1,1,1,1,1,,,,,,,,2.43,3.81,7.69,0.78,1.03,2,3,2,3
12133,1,1,1,1,1,,,,,,,,3.02,3.39,5.91,3.18,9.35,1,3,2,3
12134,1,1,2,,1,,,,,,,,4.55328,6.92928,6.86,0,0.2,2,3,2,3
12135,1,1,2,,1,,,,,,,,8.07552,3.42144,6.41,4.7,9.79,3,2,3,4
12136,1,1,2,,1,,,,,,,,8.11872,5.184,2.67,3.38,9.66,2,2,3,1
12138,1,1,2,,1,,,,,,,,4.36896,6.01632,6.09,2.3,4.89,2,3,1,3
12139,2,,2,,1,,,,,,,,5.25024,2.68416,4.2,0,0.12,2,2,3,3
12140,2,,1,1,1,,,,,,,,6.4368,7.10208,8.99,0,,5,3,3,3
12141,2,,2,,1,,,,,,,,6.21,5.73,5.27,0,,3,3,2,2
12142,1,1,1,1,1,,,,,,,,4.66272,8.26848,8.16,0,0.05,4,2,3,3
12143,2,,1,1,1,,,,,,,,3.24576,4.01184,7.02,110.22,60.23,5,3,3,3
12144,1,1,2,,1,,,,,,,,4.6368,6.50592,6.51,88.62,268.55,2,3,4,3
12145,1,1,1,1,1,,,,,,,,6.32,8.54,6.13,0,0.06,4,3,2,1
12146,2,,1,1,1,,,,,,,,5.39712,2.56032,3.36,0,0.18,5,3,3,3
12147,1,2,1,1,1,,,,,,,,2.65,4.01,3.81,0,0.15,4,3,2,3
12148,2,,1,1,0,0,0,0,0,0,0,1,7.0848,5.1264,4.27,0,0.12,3,3,3,3
12150,2,,2,,1,,,,,,,,4.91616,5.54112,5.57,0,0.13,4,2,2,3
12151,1,1,1,,1,,,,,,,,8.68,5.41,6.32,109.54,92.05,5,3,3,3
12152,2,,1,1,1,,,,,,,,7.04736,6.08544,5.09,4.1,7.32,4,4,3,3
12153,1,2,1,1,0,0,0,0,0,0,0,1,2.51,3.79,4.59,0.5,0.34,4,2,2,4
12155,2,,1,,1,,,,,,,,3.15,9.18,2.74,0,0.11,4,3,2,3
12156,1,1,2,,1,,,,,,,,4.45,7.06,4.62,56.5,61.41,4,3,3,3
12157,1,1,1,1,1,,,,,,,,4.79,3.65,3.9,0,,2,4,2,3
12158,1,1,1,1,1,,,,,,,,5.3136,4.104,7.52,0,0.05,2,2,2,3
12159,1,1,2,,1,,,,,,,,7.4304,4.50432,4.85,0,0.14,5,2,3,3
12160,1,1,1,1,1,,,,,,,,5.05,3.59,4.43,7.1,7.8,5,2,2,3
12161,2,,1,1,1,,,,,,,,2.38,7.52,7.07,2.06,4.9,4,3,2,3
12163,2,,1,1,1,,,,,,,,3.9,4.03,3.97,0,0.12,4,2,2,3
12165,2,,1,1,1,,,,,,,,7.272,4.72032,3.94,0,0.04,3,4,1,1
12166,1,1,1,1,1,,,,,,,,5.69088,3.09888,6.21,0,0.11,4,2,3,2
12167,1,1,1,1,1,,,,,,,,4.76928,4.70592,7.42,0,0.07,1,3,1,3
12168,1,1,1,1,1,,,,,,,,4.52,5.74,3.73,1.18,0.69,5,2,2,2
12169,2,,2,,1,,,,,,,,2.89728,5.65632,2.94,0,0.1,2,2,2,2
12171,1,1,2,,1,,,,,,,,1.93,2.45,7.19,0,0.08,4,3,2,1
12172,1,1,2,,1,,,,,,,,4.56,7.39,13.11,0.18,0.26,3,3,2,1
12173,1,1,1,1,1,,,,,,,,3.88224,5.10336,6.38,0,0.06,5,2,2,1
12174,1,1,2,,0,0,0,0,0,0,0,1,4.77216,7.12512,4.01,0,0.12,3,3,2,1
12175,2,,1,1,1,,,,,,,,3.73,3.58,9.37,0,0.16,3,2,2,1
12176,2,,2,,1,,,,,,,,2.17,6.14,3,2.1,,2,2,2,1
12177,2,,2,,1,,,,,,,,4.06944,2.75616,4.33,0,0.27,3,2,2,1
12178,1,2,1,1,1,,,,,,,,5.19,6.17,6.91,0,0.13,3,4,3,1
12180,1,1,2,,1,,,,,,,,3.4,2.75,5.45,13.46,5.45,4,3,2,3
12182,1,1,1,1,,,,,,,,,3.77,4.02,6.18,0,0.04,3,2,3,3
12183,2,,2,,1,,,,,,,,4.51296,5.08032,7.49,0,,3,,3,1
12184,1,1,1,1,1,,,,,,,,4.18,2.16,3.77,0,0.12,2,2,2,1
12185,1,1,2,,1,,,,,,,,3.64896,4.06656,5.86,4.14,2.3,2,4,4,1
12188,1,2,2,,1,,,,,,,,6.88896,4.06944,4.75,0.94,0.54,1,3,3,1
12189,1,2,1,2,1,,,,,,,,3.02,3.8,8.42,0.5,0.64,2,2,2,1
12190,2,,2,,1,,,,,,,,5.56,2.55,7.21,0,,2,2,2,1
12191,1,1,1,1,1,,,,,,,,2,2.1,6.3,0,,2,3,2,1
12194,2,,2,,1,,,,,,,,4.41792,11.91744,7.04,0.18,0.14,1,3,2,1
12195,2,,1,1,1,,,,,,,,11.54304,4.96224,7.73,1.94,1.26,3,2,2,1
12196,1,1,1,1,1,,,,,,,,1.45,3.16,2.43,0.54,0.28,3,2,2,1
12199,1,1,2,,1,,,,,,,,3,6.77,4.23,6.94,13.09,2,3,3,1
12200,1,1,1,1,1,,,,,,,,3.12,7.71,3.6,0,0.05,5,2,3,1
12204,2,,2,,1,,,,,,,,9.38592,5.74848,7.5,0.38,0.26,3,3,2,1
12205,1,1,1,1,1,,,,,,,,5.14,4.19,7.27,0,0.06,5,3,1,1
12208,1,1,1,1,1,,,,,,,,3.53,5.35,6.91,1.34,0.96,2,3,3,1
12209,2,,2,,0,0,0,0,0,0,1,0,2.25,4.42,5.21,3.06,3.78,2,3,3,1
12211,1,1,2,,1,,,,,,,,4.31,4.85,7.95,0,0.07,3,2,2,1
12212,2,,1,2,1,,,,,,,,2.87,2.93,5.96,0.3,0.2,2,2,2,1
12213,1,1,2,,1,,,,,,,,2.65,2.03,4.72,1.14,1.3,2,3,3,1
12215,1,2,1,1,1,,,,,,,,5.20704,2.34432,5.64,0,0.14,5,4,3,1
12216,2,,2,,1,,,,,,,,3.88,2.83,6.6,0.18,0.17,5,3,2,1
12217,2,,1,1,1,,,,,,,,5.66208,5.50656,5.72,0.34,1.13,5,3,3,1
12220,1,1,1,1,1,,,,,,,,4.19616,6.07104,8.69,0,0.15,3,3,2,1
12221,1,2,1,2,1,,,,,,,,4.43232,4.67424,9.41,0,0.09,3,2,2,1
12223,1,1,2,,1,,,,,,,,4.95648,12.09888,5.37,0,0.08,5,3,2,1
12224,2,,1,1,1,,,,,,,,3.81,8.84,4.65,0,0.06,5,3,3,1
12226,2,,2,,1,,,,,,,,5.98176,5.70528,1.12,1.46,1.34,2,2,3,1
12227,2,,2,,1,,,,,,,,2.24,4.79,3.73,0.26,,1,2,3,4
12228,1,1,1,1,1,,,,,,,,7.19136,3.97152,3.6,0,0.06,3,4,3,1
12229,2,,2,,1,,,,,,,,5.01984,5.92704,5.27,1.46,6.08,1,2,2,1
12230,2,,2,,1,,,,,,,,3.27,3.83,2.34,0.54,0.52,3,3,2,2
12231,1,1,1,1,1,,,,,,,,4.4064,5.0112,5.31,0,0.07,3,3,2,1
12233,1,2,1,2,1,,,,,,,,2.74,2.11,3.18,0,0.05,3,2,2,1
12234,1,1,1,1,1,,,,,,,,2.95,7.3,5.69,0,0.07,3,3,2,1
12237,1,1,2,,1,,,,,,,,4.48,4.53,4.67,0.78,0.57,4,3,2,4
12238,1,1,1,,1,,,,,,,,8.52,5.73,6.75,1.38,1.05,3,3,2,1
12239,,,,,,,,,,,,,4.54,5.53,4.96,0,0.07,4,,4,2
12240,1,1,1,1,1,,,,,,,,5.62,1.39,2.98,0,0.14,4,2,2,1
12242,,,,,,,,,,,,,2.85,4.71,2.75,0,0.09,2,,2,1
12244,1,1,1,1,1,,,,,,,,5.49,6.22,5.35,1.9,1.64,4,4,3,1
12245,2,,1,1,1,,,,,,,,2.78,5.93,2.72,0,0.06,4,4,4,3
12247,2,,2,,1,,,,,,,,4.36,3.04,3.3,0.14,0.17,4,2,3,4
12248,1,1,2,,1,,,,,,,,4.98,7.31,3.42,0,0.57,4,2,2,1
12249,2,,1,1,1,,,,,,,,2.74464,6.11712,2.19,0,0.15,4,2,2,1
12250,1,1,1,1,1,,,,,,,,7.56,8.3,4.1,0.66,0.4,5,3,2,1
12251,1,1,1,1,1,,,,,,,,7.95168,7.30944,3.22,0.38,0.2,3,3,2,1
12252,1,1,1,1,1,,,,,,,,5.85,2.59,3.9,0.7,0.45,2,3,2,1
12254,2,,1,1,1,,,,,,,,5.41152,7.50816,5.04,5.18,5.34,3,2,2,1
12255,1,1,2,,1,,,,,,,,11.14848,6.80544,6.92,0.26,0.13,4,2,2,1
12256,1,1,1,1,1,,,,,,,,7.85,8.24,6.28,0.14,0.1,4,3,2,1
12258,2,,1,2,1,,,,,,,,5.21,2.58,10.28,0,0.06,2,4,3,1
12259,1,1,1,1,1,,,,,,,,5.16672,2.32704,5.2,1.9,8.64,3,3,2,1
12261,1,1,1,1,0,0,0,0,0,0,1,0,3.60288,5.29056,4.96,7.62,17.72,1,3,2,1
12262,1,1,1,,1,,,,,,,,4.77,6.69,2.71,0,0.07,2,3,2,1
12263,1,1,1,1,1,,,,,,,,3.49,3.02,7.21,0,0.06,2,2,1,1
12265,2,,2,,1,,,,,,,,6.73,6.09,6.27,0.42,0.38,4,3,2,1
12267,1,1,2,,1,,,,,,,,6.18624,5.36832,9.7,0.98,1.4,2,2,2,1
12268,2,,1,2,1,,,,,,,,3.84768,6.60384,4.18,0.18,0.11,3,2,2,1
12269,1,1,2,,1,,,,,,,,7.03008,7.26336,9.45,0.3,0.34,3,3,1,1
12270,2,,1,1,1,,,,,,,,6.28128,3.89664,3.59,0.26,0.24,4,4,3,1
12271,2,,1,1,1,,,,,,,,5.84928,4.95648,3.76,0,0.2,3,4,2,1
12272,2,,1,1,0,1,0,0,0,0,0,0,5.56992,6.84,6.85,0,0.05,3,2,2,3
12273,2,,2,,1,,,,,,,,5.31936,8.496,4.25,0.22,0.14,2,3,2,3
12274,1,1,1,2,1,,,,,,,,5.97312,3.91392,5.09,1.78,4.05,4,2,2,1
12275,2,,1,1,1,,,,,,,,6.45,4.12,5.21,0.13,0.19,3,3,2,1
12277,1,1,1,1,1,,,,,,,,8.62,4.54,7.11,0,0.11,4,3,3,2
12278,1,1,1,1,1,,,,,,,,6.09,3,3.98,0.94,0.43,5,2,2,1
12279,1,1,1,1,1,,,,,,,,3.88,5.04,6.76,0,0.25,3,2,2,1
12281,1,1,1,1,1,,,,,,,,8.11,5.3,7.42,0.7,0.64,5,2,2,1
12282,1,1,1,1,1,,,,,,,,6.06,3.61,10.45,0.12,0.08,2,3,1,1
12283,2,,2,,1,,,,,,,,4.47,3,2.94,0.12,0.08,4,4,3,1
12284,1,1,1,1,1,,,,,,,,3.4,2.41,4.23,0.26,0.93,2,3,2,1
12285,2,,1,1,1,,,,,,,,5.42,7.04,6.08,0,0.16,4,3,4,2
12286,1,1,1,1,1,,,,,,,,3.72,3.2,4.67,0,0.05,2,3,3,1
12287,1,1,1,1,1,,,,,,,,5.6,6.25,6.83,0.34,0.34,4,2,2,3
12288,1,1,1,1,,,,,,,,,2.8,2.86,4.95,0,0.09,4,2,2,1
12289,1,1,2,,1,,,,,,,,8.61,4.55,6.79,0.15,0.16,2,3,2,1
12293,1,1,1,2,1,,,,,,,,4.1,4.57,5.71,0.5,1.02,1,3,2,3
12294,2,,1,,1,,,,,,,,10.79,11.16,4.25,0.47,0.46,3,4,2,1
12296,1,1,1,1,1,,,,,,,,6.04,10.21,6.79,0,0.13,5,3,2,1
12297,1,1,1,1,1,,,,,,,,5.38,3.91,9.57,0,0.13,4,2,2,1
12298,1,1,1,1,1,,,,,,,,4.61,2.49,5.43,0,,5,3,3,1
12299,2,,1,1,1,,,,,,,,6.85,9.97,5.34,1.71,1.78,5,4,3,1
12300,2,,1,1,1,,,,,,,,5.71,9.4,4.41,0,0.05,5,3,3,1
12302,1,1,1,1,1,,,,,,,,5.94,3.19,9.39,0,,5,3,2,1
12303,1,1,1,1,1,,,,,,,,8.57,5.17,5.72,0,,3,2,2,1
12304,1,1,1,1,1,,,,,,,,8.15,10.36,9.26,0.15,0.14,5,2,2,1
12305,2,,1,1,1,,,,,,,,4.41,4.57,9.24,0,0.04,4,2,2,1
12306,1,1,2,,1,,,,,,,,4.98,6.12,7.31,0,,2,3,3,1
12307,2,,1,1,1,,,,,,,,3.89,2.55,3.81,0,0.09,4,3,2,1
12308,1,1,1,2,1,,,,,,,,9.33,11.81,8.63,0.29,0.25,5,4,2,1
12309,1,1,1,1,1,,,,,,,,3.34,2.83,5.81,0.39,0.35,3,3,2,1
12312,1,2,1,1,1,,,,,,,,3.57,3.78,7.7,0.12,0.09,3,3,2,1
12313,2,,1,1,1,,,,,,,,3.39,5.02,7.82,0.5,0.6,2,2,2,1
12314,2,,1,1,1,,,,,,,,6.59,6.79,14.66,1.1,1.1,4,3,2,1
12315,1,1,1,1,1,,,,,,,,4.27,3.85,2.74,0,0.1,3,2,2,1
12319,2,,2,,1,,,,,,,,4.1,3.21,8.62,0,0.25,3,3,2,1
12321,1,2,2,,1,,,,,,,,5.63,3.35,5.36,0,0.05,2,2,2,1
12322,2,,2,,1,,,,,,,,4.75,4.28,4.82,0,0.04,2,3,2,1
12323,1,1,1,1,1,,,,,,,,10.16,6.38,7.93,0.21,0.18,5,2,2,1
12324,1,1,2,,1,,,,,,,,3.01,3.67,5.98,0,0.06,1,4,2,1
12325,2,,2,,1,,,,,,,,4.47,4.42,5.98,3.46,3.33,5,3,2,1
12327,2,,2,,1,,,,,,,,4.57,4.11,3.69,0.25,0.14,4,4,4,1
12329,2,,2,,1,,,,,,,,7.13,6.74,10.11,0,0.16,4,4,2,3
12330,2,,2,,1,,,,,,,,10.16,6.01,4.62,0,0.05,3,4,3,1
12331,2,,1,1,1,,,,,,,,6.44,3.48,5.04,0.21,0.12,2,3,3,1
12333,1,1,2,,1,,,,,,,,6.4512,9.5904,6.35,0.3,0.23,5,2,3,1
12335,2,,2,,1,,,,,,,,7.61,3.69,5.38,0.62,0.51,1,4,2,1
12336,2,,2,,1,,,,,,,,8.19,8.57,6.22,39.26,17.3,1,2,2,1
12337,1,1,1,2,1,,,,,,,,5.8,4.93,7.91,7.38,5.13,1,3,1,1
12338,1,1,1,1,1,,,,,,,,6.81696,4.248,5.76,1.06,1.39,1,3,2,2
12339,1,1,1,1,1,,,,,,,,3.1,2.31,4.83,1.06,0.88,3,4,3,1
12340,1,1,1,1,1,,,,,,,,4.12,4.72,6.32,0.7,1.13,1,3,2,1
12341,1,1,2,,1,,,,,,,,6.27264,5.04288,11.86,0.38,0.27,1,3,2,1
12342,2,,2,,1,,,,,,,,4.92,2.92,9.77,4.22,3.08,1,3,2,1
12343,1,1,2,,1,,,,,,,,6.62,3.73,7.88,0.38,0.39,3,2,2,1
12344,1,1,1,1,1,,,,,,,,14.39,12.85,5.83,2.34,2.39,5,2,1,1
12346,2,,2,,1,,,,,,,,6.23,2.82,3.76,0.18,0.14,2,2,3,1
12348,1,1,2,,1,,,,,,,,4.29,4.72,5.72,0,0.09,1,3,1,1
12349,1,1,1,1,,,,,,,,,4.89,4.27,5.03,0.37,0.24,2,4,2,1
12350,1,1,1,1,1,,,,,,,,8.02,2.45,3.53,0,0.04,1,3,2,1
12352,1,1,1,1,,,,,,,,,7.27,7.42,7.57,0,0.03,5,4,2,1
12353,2,,2,,1,,,,,,,,3.49,4.98,3.98,0.34,0.3,2,3,2,1
12355,1,1,1,1,0,1,0,0,0,0,0,0,11.71,5.53,11.03,0.14,0.2,2,4,2,1
12357,2,,2,,1,,,,,,,,7.77,8.81,8.82,0.28,0.37,4,4,3,1
12358,1,1,1,1,1,,,,,,,,7.91136,5.48064,3.47,0.25,0.19,2,4,1,1
12359,1,1,1,1,1,,,,,,,,4.89,7.11,2.98,0.23,0.26,5,2,3,1
12360,1,1,1,1,1,,,,,,,,2.54,4.25,5.4,0.5,0.41,2,2,2,1
12361,1,1,1,1,1,,,,,,,,4.12,4.38,5.37,1.58,1.09,5,2,2,1
12362,2,,2,,1,,,,,,,,4.88,5.04,8.38,0,0.06,3,3,2,1
12363,1,1,2,,0,0,0,0,0,0,1,0,10.43,10.83,5.88,0.42,0.3,1,4,2,1
12364,2,,1,1,1,,,,,,,,4.92,4.73,4.93,0.46,0.43,2,3,4,1
12367,2,,1,1,1,,,,,,,,5.45472,5.688,5.39,0.18,0.21,1,4,2,1
12368,1,1,2,,1,,,,,,,,7.99,2.61,6.93,0,0.1,4,4,2,1
12372,1,1,1,1,0,0,0,1,0,0,0,0,9.26,5.84,3.86,0.18,0.33,1,3,4,1
12373,2,,1,1,0,0,0,0,0,0,0,1,5.3568,4.824,7.35,0.46,0.49,2,2,2,1
12374,1,1,1,1,1,,,,,,,,5.86,14.92,6.07,0.66,0.66,3,2,2,1
12375,2,,1,1,1,,,,,,,,5.84,4.32,3.77,0.38,0.54,1,3,3,1
12376,1,1,1,1,1,,,,,,,,5.90976,5.98464,7.14,0.42,0.58,3,2,2,3
12377,1,2,1,1,1,,,,,,,,6.69,3.92,3.31,0.14,0.22,2,3,2,3
12378,2,,2,,1,,,,,,,,6.12,5.88,3.88,0.42,0.86,3,2,3,3
12379,2,,2,,1,,,,,,,,7.23,11.75,7.23,0.57,0.38,5,4,2,3
12380,1,1,1,1,1,,,,,,,,8.02,3.56,5.46,1.42,2.18,4,3,3,3
12381,1,1,1,1,1,,,,,,,,8.5,3,5.25,0.22,0.18,1,3,2,1
12382,1,1,1,1,0,0,0,0,0,0,1,0,7.48,4.44,4.97,0.9,0.67,2,3,2,1
12383,2,,1,1,1,,,,,,,,5.72,5.94,4.74,0.22,0.24,3,3,2,3
12384,2,,2,,1,,,,,,,,8.2,11.97,4.99,3.82,3.71,3,4,4,3
12385,2,,1,1,1,,,,,,,,2.73,4.59,2.46,0,0.14,4,3,3,3
12387,1,1,1,1,1,,,,,,,,8.38,6.96,4.86,0.34,0.23,2,3,1,3
12388,2,,1,1,1,,,,,,,,5.66,4.86,5.68,0,0.04,4,3,2,3
12389,1,1,1,1,1,,,,,,,,6.21792,5.83488,6.17,0.22,0.23,3,3,2,3
12390,2,,1,1,1,,,,,,,,5.9,3.25,7.21,0.34,0.59,3,3,2,1
12391,2,,2,,1,,,,,,,,4.53,5.94,7.1,2.58,2.28,3,3,3,3
12392,1,1,1,1,1,,,,,,,,5.83,5.82,8.49,0.66,0.61,5,2,2,1
12393,1,1,2,,1,,,,,,,,2.592,11.58048,6.66,0.74,0.46,3,2,2,3
12394,1,1,1,1,1,,,,,,,,11.85,17.93,4.7,0.74,0.5,5,2,2,3
12397,1,1,2,,1,,,,,,,,5.58432,6.12288,3.77,0.42,1.31,2,3,3,2
12399,2,,1,1,1,,,,,,,,4.99,6.67,6.21,2.46,6.83,2,4,2,1
12400,1,1,1,2,1,,,,,,,,8.81568,7.87968,6.42,0.7,0.74,1,3,2,3
12402,2,,2,,1,,,,,,,,8.79,3.71,4.75,0.34,0.52,1,2,2,2
12403,1,1,1,1,1,,,,,,,,4.83264,3.69216,8.51,1.46,1.19,4,2,3,3
12405,1,1,1,1,1,,,,,,,,4.18,4.41,3.38,0.58,0.85,3,2,4,1
12406,1,1,1,1,1,,,,,,,,5.04,5.39,4.08,0.3,0.34,2,4,3,2
12407,2,,1,1,1,,,,,,,,3.81,2.97,5.73,0.94,0.68,3,2,2,1
12408,2,,2,,1,,,,,,,,2.33,4.51,8.53,5.74,6.04,3,3,2,3
12409,2,,1,1,1,,,,,,,,4.81248,3.23136,4.82,0.26,0.5,4,3,3,1
12410,2,,1,1,1,,,,,,,,8.48,5.92,8.48,9.1,8.92,2,3,3,1
12414,1,1,1,1,1,,,,,,,,3.05,4.44,3.22,0,0.1,2,2,3,1
12415,1,1,1,1,1,,,,,,,,2.97504,5.976,3.95,0.3,0.19,4,2,2,1
12418,1,1,1,1,1,,,,,,,,6.98,5.96,4.6,0.14,0.14,4,2,2,1
12420,2,,1,1,0,1,0,0,0,0,0,0,6.74784,4.18464,7.03,0.58,0.45,2,3,2,2
12421,1,1,2,,1,,,,,,,,2.30112,6.0912,8.55,1.98,2.96,2,4,2,1
12424,1,1,2,,1,,,,,,,,9.70272,2.05344,8.41,0.3,,2,3,2,1
12426,1,1,1,1,1,,,,,,,,6.2784,11.69856,5.48,0.34,0.27,1,3,2,3
12427,1,1,1,1,1,,,,,,,,5.70528,8.63424,8.25,0.18,0.18,2,3,2,3
12429,1,1,1,1,1,,,,,,,,0.28512,6.70752,3.78,0.86,1.87,3,3,2,1
12430,2,,2,,1,,,,,,,,4.08096,6.15168,4.59,0.22,0.25,1,4,2,1
12431,2,,1,1,1,,,,,,,,4.43,1.79,4.25,1.78,1.6,1,3,2,1
12433,2,,1,1,1,,,,,,,,6.76,2.7,4.19,0,0.1,2,2,3,1
12435,2,,1,1,1,,,,,,,,5.13792,3.21696,5.47,1.1,1.39,1,2,2,1
12437,1,1,1,1,1,,,,,,,,3.7728,2.63808,6.55,0.18,0.24,2,2,2,2
12438,1,1,1,1,1,,,,,,,,4.6656,3.8592,3.69,0.94,0.99,3,3,2,1
12439,2,,2,,1,,,,,,,,4.44672,3.888,4.69,0.26,0.38,3,3,4,2
12440,2,,2,,1,,,,,,,,7.24896,6.0768,7.76,0.46,0.29,5,3,3,3
12442,2,,2,,1,,,,,,,,0.7632,7.17696,4.44,0.5,0.54,5,3,3,2
12443,1,1,1,1,1,,,,,,,,9.97,3.89,4.18,0,0.14,3,4,1,1
12444,2,,1,2,1,,,,,,,,7.0992,2.38176,5.42,0.46,0.46,2,4,2,1
12445,1,2,1,1,1,,,,,,,,5.42592,0.27072,4.88,3.22,4.41,4,4,4,1
12446,1,1,1,1,1,,,,,,,,10.39392,5.73408,4.36,0.22,0.28,3,3,2,3
12449,1,1,2,,1,,,,,,,,6.5376,6.92928,4.68,0.86,0.81,3,2,2,1
12451,1,1,1,1,1,,,,,,,,3.23712,3.92832,4.99,1.54,2.8,3,3,2,1
12454,1,1,1,1,1,,,,,,,,4.88,2.53,5.64,0.42,0.44,3,3,2,2
12455,2,,2,,1,,,,,,,,3.7728,3.87648,5.35,2.42,1.74,3,4,2,1
12456,2,,2,,1,,,,,,,,6.91488,13.11264,5.56,0,0.11,2,3,2,2
12457,1,1,1,1,1,,,,,,,,5.36832,3.2832,7.99,0.38,0.36,2,3,2,2
12458,1,1,1,1,1,,,,,,,,4.74336,5.37696,7.19,1.1,0.72,3,3,2,1
12459,2,,1,1,1,,,,,,,,6.11712,6.4944,4.62,0.34,0.52,4,2,2,2
12460,1,1,2,,1,,,,,,,,4.12128,6.0192,4.61,0,0.47,3,2,2,2
12461,1,1,1,,1,,,,,,,,4.47552,7.28352,5.23,0.42,0.58,3,2,3,2
12462,2,,1,1,1,,,,,,,,3.41856,4.7232,8.59,0.18,0.13,4,4,2,2
12463,1,1,1,1,1,,,,,,,,5.43744,4.74912,2.71,0.26,1.63,3,2,2,2
12464,1,1,1,1,1,,,,,,,,5.49504,4.6224,6.37,0.18,0.16,2,2,2,2
12465,1,1,2,,1,,,,,,,,3.63456,6.10272,6.64,0.14,0.11,3,3,2,2
12466,1,1,1,,1,,,,,,,,3.2688,7.75584,7.18,0.18,0.17,4,2,2,2
12468,2,,2,,1,,,,,,,,6.38496,5.3856,7.54,0.3,2.14,2,2,2,2
12470,1,1,1,1,1,,,,,,,,2.63808,5.90976,5.67,0.34,0.37,2,2,2,2
12471,1,1,2,,1,,,,,,,,5.7168,2.90016,8.42,0.34,0.52,5,4,2,2
12472,2,,2,,1,,,,,,,,1.67616,7.28064,5.42,0,0.35,4,4,2,1
12473,2,,1,1,1,,,,,,,,3.99744,3.32352,6.82,0.26,0.27,2,2,2,2
12475,1,1,2,,1,,,,,,,,6.3504,5.07456,5.82,0,,5,2,2,2
12476,1,1,2,,1,,,,,,,,9.1296,3.46752,10.13,0.14,0.22,3,3,2,2
12477,1,1,1,1,1,,,,,,,,3.58848,6.94656,2.59,0.18,0.28,4,2,2,1
12478,1,1,1,1,1,,,,,,,,2.33,2.54,5.55,0,0.08,1,3,4,1
12479,1,1,1,1,1,,,,,,,,5.3424,4.69152,5.82,0,0.18,2,3,2,3
12480,2,,2,,1,,,,,,,,8.06112,7.3584,4.13,0.26,0.2,3,2,3,1
12481,1,1,1,1,1,,,,,,,,7.64,5.82,8.49,0,0.07,4,2,2,1
12482,2,,1,1,1,,,,,,,,10.15,4.58,8.8,0.54,0.3,3,2,2,1
12483,1,1,2,,1,,,,,,,,3.62,4.05,11.74,1.34,0.72,3,3,2,1
12484,1,1,1,1,1,,,,,,,,6.4224,2.67264,6.96,0.46,0.35,3,2,2,1
12485,1,1,1,1,1,,,,,,,,6.6,6.98,3.59,0.26,0.37,4,2,3,1
12488,1,1,2,,1,,,,,,,,5.66496,4.09536,5.93,1.1,1.62,4,3,3,3
12489,2,,1,1,1,,,,,,,,7.20864,3.38112,4.23,0.94,1.42,3,3,2,1
12490,1,1,1,,1,,,,,,,,5.67936,5.9328,7.4,0.14,0.45,2,3,2,3
12491,1,1,1,1,1,,,,,,,,8.5,10.91,9.54,0.38,1,4,3,3,3
12492,1,1,1,1,1,,,,,,,,4.72608,2.36448,7.76,0.22,1.05,4,2,3,3
12493,2,,2,,1,,,,,,,,3.93,2.02,3.3,0.22,0.24,2,4,3,1
12494,2,,2,,1,,,,,,,,6.0768,3.75264,8.25,0,0.1,3,3,2,1
12495,2,,1,1,1,,,,,,,,2.73888,2.79648,2.78,0.26,0.41,2,3,2,1
12498,2,,1,1,1,,,,,,,,3.25,6.12,5.67,0.18,0.15,4,2,2,2
12499,1,1,1,1,1,,,,,,,,3.60288,9.24192,4.11,0.22,0.56,4,3,2,3
12500,2,,1,,1,,,,,,,,1.87,2.28,7,0.18,0.19,5,3,2,3
12501,2,,1,1,1,,,,,,,,7.78,7.47,3.15,7.22,14.73,5,2,4,3
12502,1,1,1,1,1,,,,,,,,2.26,5.24,6.37,0,0.12,2,3,2,4
12503,1,1,1,1,1,,,,,,,,3.74688,6.60096,4.67,0.26,0.37,3,3,2,3
12504,1,1,2,,1,,,,,,,,4.26,6.37,6.3,0,0.14,4,3,4,1
12505,2,,2,,1,,,,,,,,5.8,3.72,6.06,0.54,0.73,4,3,3,3
12506,1,1,1,1,1,,,,,,,,5.73696,5.39136,3.75,0.22,0.14,1,3,1,1
12507,1,1,2,,1,,,,,,,,6.32448,2.71872,4.86,0,0.12,1,2,2,1
12508,1,1,2,,1,,,,,,,,4.49,6.37,6.6,0.14,0.07,4,3,2,1
12509,1,1,2,,1,,,,,,,,4.1,2.97,10.48,1.46,,2,3,2,3
12511,2,,2,,1,,,,,,,,4.01472,3.69792,5.02,0.42,0.5,4,2,1,3
12512,1,1,1,1,1,,,,,,,,6.72192,5.65632,3.73,0,0.09,1,3,3,3
12513,2,,2,,1,,,,,,,,3.01,4.17,7.88,0.26,0.21,1,3,2,3
12514,1,1,1,1,1,,,,,,,,6.60384,5.67072,7.89,0,0.15,3,3,2,1
12516,1,1,1,1,1,,,,,,,,2.61,3.55,8.36,1.14,1.01,3,3,2,3
12517,2,,1,1,1,,,,,,,,5.04,3.18,6.49,0.26,0.65,2,3,3,2
12518,2,,1,1,1,,,,,,,,6.41,2.89,5.98,0.5,0.68,1,3,2,2
12519,2,,1,1,1,,,,,,,,4.04,3.21,5.01,0,0.07,5,2,3,2
12520,2,,1,1,1,,,,,,,,1.4,4.69,2.68,0,0.1,3,3,2,2
12521,1,1,1,1,1,,,,,,,,1.38,1.28,5.98,0.26,0.27,1,3,1,2
12522,2,,1,1,1,,,,,,,,4.7,1.76,5.88,0.22,0.48,4,3,2,2
12525,1,1,1,1,1,,,,,,,,5.27,3.63,6.96,0,0.12,4,2,3,3
12526,1,1,1,1,1,,,,,,,,7.98,2.15,8.48,0.14,0.16,3,3,2,1
12529,2,,2,,1,,,,,,,,5.17,5,6,0,0.17,3,2,3,1
12530,1,1,1,1,1,,,,,,,,4.18,1.65,3.52,0,0.09,2,2,3,2
12532,2,,2,,1,,,,,,,,5.21,2.97,6.94,0.18,0.56,3,3,2,2
12533,1,1,1,1,1,,,,,,,,5.11,3.36,2.62,0,0.06,4,3,3,2
12534,1,1,1,2,1,,,,,,,,6.14,9.07,7.64,0.5,0.68,4,3,2,2
12537,1,1,1,1,1,,,,,,,,7.83,9.59,8.21,0.82,0.96,3,2,2,2
12538,1,1,1,1,1,,,,,,,,3.74,3.08,7.43,0.34,0.14,2,3,2,1
12541,1,1,1,1,1,,,,,,,,13.67,11.65,4.48,0.62,0.32,4,3,3,1
12542,1,1,1,1,1,,,,,,,,5.09,3.65,5.37,0.9,0.39,3,3,4,1
12543,1,1,1,1,1,,,,,,,,6.14,5.17,6.07,0.74,0.38,2,3,2,1
12544,1,1,1,1,1,,,,,,,,6.09,3.02,3.94,0.42,0.39,1,3,1,1
12545,1,1,1,1,1,,,,,,,,1.23,3.26,2.13,0.22,0.2,3,3,2,1
12546,1,1,1,1,1,,,,,,,,6.38,4.89,4.34,0.34,0.29,3,2,2,1
12548,1,2,2,,1,,,,,,,,9.04,11.12,6.19,0.38,,5,2,2,1
12549,2,,1,1,1,,,,,,,,6.6,4.76,5.71,0,0.21,5,2,2,2
12550,2,,1,1,1,,,,,,,,2.06,6.12,5.98,0.3,0.83,3,2,2,2
12551,1,1,1,1,1,,,,,,,,5.15,2.82,5.66,1.1,1.18,5,2,3,1
12554,2,,1,1,0,0,1,0,0,0,0,0,3.74,2.12,5.14,0.26,0.18,3,3,4,3
12555,2,,2,,1,,,,,,,,7.54,4.91,4.07,2.82,5.22,3,2,3,1
12556,2,,1,1,1,,,,,,,,4.43,4.5,5.33,0,0.11,5,2,2,1
12559,2,,2,,1,,,,,,,,7.17,10.45,11.15,0,0.22,5,3,2,3
12560,1,1,1,1,1,,,,,,,,7.79,4.33,4.83,2.46,4.03,5,2,2,3
12561,2,,2,,1,,,,,,,,4.37,1.78,5.51,0.22,0.19,3,3,2,1
12562,1,1,1,1,1,,,,,,,,8.11872,5.97024,9.85,0.7,2.41,5,2,2,3
12563,1,1,1,1,1,,,,,,,,6.14,4.88,7.26,0.18,0.21,5,2,2,3
12564,2,,1,1,1,,,,,,,,3.9,6.46,4.84,0,0.13,4,3,2,3
12565,1,1,2,,1,,,,,,,,6.83,7.03,9.12,0,0.07,5,3,2,2
12566,2,,1,1,1,,,,,,,,4.86144,7.8912,6.76,0,0.27,5,2,2,2
12567,1,1,2,,1,,,,,,,,3.03,4.35,3.85,1.58,2.77,1,2,1,2
12568,2,,2,,1,,,,,,,,3.68,5.46,7.59,0.14,0.18,2,3,2,2
12569,2,,2,,1,,,,,,,,6.14,5.05,9.43,0.94,1.42,2,2,2,2
12573,1,1,1,1,1,,,,,,,,2.86,6.08,10.06,22.06,37.39,5,4,2,3
12576,1,1,2,,1,,,,,,,,5.2,4.27,7.03,0,0.13,3,3,3,3
12577,2,,1,1,1,,,,,,,,6.24,4.26,6.81,0,0.11,4,3,3,3
12578,1,1,1,1,1,,,,,,,,3.46,2.71,5.17,0.54,0.5,2,3,2,3
12579,1,1,2,,1,,,,,,,,6.91488,6.43968,5.24,2.58,1.16,1,3,2,2
12580,1,1,2,,1,,,,,,,,4.08,3.05,6.6,9.18,10.2,5,2,2,1
12582,1,1,1,1,1,,,,,,,,8.99712,9.85248,3.17,0,0.05,2,3,1,3
12585,2,,1,1,1,,,,,,,,4.97952,8.58816,4.32,0.3,0.3,3,2,3,1
12586,2,,2,,1,,,,,,,,6.6,2.97,2.76,0,0.06,1,2,2,2
12587,2,,1,1,1,,,,,,,,5.55,1.4,4.77,5.07,4.19,1,2,2,2
12588,2,,2,,1,,,,,,,,4.31,3.89,5.66,6.94,6.74,5,2,3,2
12589,2,,1,1,1,,,,,,,,2.66,2.91,2.9,0,,1,2,2,2
12591,2,,1,1,1,,,,,,,,8.23968,0.99072,6.7,1.98,2.02,4,3,4,3
12592,1,1,1,1,0,0,0,0,0,0,0,1,2.92608,5.23008,2.59,7.82,7.45,1,2,2,2
12593,1,1,1,1,1,,,,,,,,5.23296,5.92992,2.98,1.86,1.63,1,3,3,2
12595,2,,2,,1,,,,,,,,4.32,2.63,5.62,0.86,1.28,1,3,3,3
12596,1,1,1,1,1,,,,,,,,3.5712,8.64288,4.48,0.78,0.98,5,2,2,1
12598,1,1,1,1,1,,,,,,,,8.51616,3.21984,5.38,0.62,0.3,4,3,2,1
12599,2,,1,1,1,,,,,,,,3.95136,7.21152,7.14,0.46,1.39,4,2,2,3
12600,2,,2,,1,,,,,,,,9.58176,7.59456,4.99,0,0.09,3,2,3,4
12601,2,2,2,,1,,,,,,,,8.01,5.86,6.25,0,0.17,3,2,2,2
12602,1,1,1,1,1,,,,,,,,7.07904,9.35136,3.25,2.94,3.5,2,3,2,4
12603,1,2,1,1,1,,,,,,,,4.7,2.85,5.17,0.3,0.41,2,2,2,4
12604,1,1,1,1,1,,,,,,,,5.63904,6.7104,6.18,0.42,2.21,2,3,2,4
12605,1,1,1,1,1,,,,,,,,6.37344,3.74688,3.43,0.46,0.48,1,3,2,4
12606,1,1,1,1,1,,,,,,,,1.82592,3.90528,4.11,0.38,0.26,2,3,2,1
12607,1,1,1,1,1,,,,,,,,6.86,3.26,3.96,0.46,1.12,3,4,3,2
12608,1,1,1,1,1,,,,,,,,5.23872,5.39712,5.07,1.42,3.3,2,3,2,2
12609,2,,1,1,1,,,,,,,,6.82272,5.01984,2.46,0.66,0.49,1,4,2,3
12610,2,,2,,1,,,,,,,,6.46272,6.25536,5.13,0,0.08,1,3,2,3
12611,1,1,1,2,1,,,,,,,,5.45184,4.75488,3.56,1.18,0.95,1,3,3,3
12613,1,1,2,,1,,,,,,,,6.08544,5.19552,4.67,0,0.06,2,3,2,1
12614,1,1,1,1,1,,,,,,,,7.0416,6.37632,6.68,6.98,4.39,2,2,2,1
12616,1,1,1,2,1,,,,,,,,4.66272,6.17472,5.46,0.7,0.96,1,4,3,2
12617,1,1,1,1,1,,,,,,,,8.53344,8.1504,4,3.14,1.73,2,3,2,3
12618,2,,2,,1,,,,,,,,2.88,4.59,2.59,0,0.07,4,2,4,3
12619,2,,1,1,1,,,,,,,,3.9,2.59,3.13,0.98,0.54,3,2,2,2
12621,1,1,2,,1,,,,,,,,6.0912,5.56992,3.33,1.26,1.47,2,3,3,2
12622,1,1,1,1,1,,,,,,,,1.1232,9.70272,4.14,7.54,5.2,2,2,2,4
12623,1,1,2,,1,,,,,,,,9.45216,5.20128,4.65,0.94,2.04,3,2,3,4
12625,1,1,1,1,1,,,,,,,,5.33,3.67,4.25,0.74,0.7,1,3,2,4
12626,2,,2,,1,,,,,,,,8.27424,4.248,2.01,0,0.1,2,4,3,2
12628,2,,1,1,1,,,,,,,,5,3.8,4.98,0.38,0.22,2,4,3,2
12629,2,,2,,1,,,,,,,,8.44,7.39,7.31,0.54,1,4,3,2,2
12630,1,1,1,1,1,,,,,,,,8.69184,6.00192,4.54,0,0.09,2,3,2,3
12631,2,,2,,1,,,,,,,,4.33152,6.51168,7.15,2.94,3.34,1,3,1,3
12633,2,,1,,1,,,,,,,,2.94336,6.66432,1.44,2.94,4.2,2,2,2,2
12635,1,1,1,1,1,,,,,,,,3.73,4.88,6.91,0.5,0.38,4,2,2,1
12636,2,,2,,0,0,0,0,0,0,0,1,2.12,5.05,5.2,0.42,0.23,4,3,2,1
12637,1,1,1,,1,,,,,,,,5.2704,5.86944,4.33,0,0.13,1,3,3,1
12638,1,1,1,1,1,,,,,,,,5.85792,5.36544,3.37,0.46,0.43,2,2,2,1
12639,2,,2,,1,,,,,,,,2.82,3.58,2.05,0.66,0.32,2,4,2,2
12640,,,,,,,,,,,,,4.15584,4.18176,8.86,0.46,0.7,2,,2,3
12641,2,,1,1,1,,,,,,,,7.04,5.31,2.84,0.14,0.09,5,2,2,1
12642,1,1,1,1,1,,,,,,,,4.25088,2.20608,6.18,0.9,0.98,4,2,2,1
12643,2,,1,1,1,,,,,,,,9.49,6.77,5.58,0,0.08,4,2,3,1
12644,2,,2,,1,,,,,,,,14.55,3.8,9.7,0.26,0.13,3,3,2,1
12646,2,,1,1,1,,,,,,,,3.2976,2.13408,4.98,0,0.09,1,3,2,2
12648,2,,1,1,1,,,,,,,,4.98,3.93,6.12,0.82,0.53,4,3,2,2
12649,1,1,1,1,1,,,,,,,,2.05,2.25,2.34,0,0.04,2,2,2,4
12650,2,,2,,1,,,,,,,,1.86,1.68,3.23,0.78,0.61,1,3,1,1
12651,1,1,1,2,0,0,0,0,0,0,0,1,4.07,3.13,11.58,0.66,0.97,3,2,2,1
12653,1,1,1,1,1,,,,,,,,3.47,2.3,4.94,0.26,0.46,3,2,3,1
12654,1,1,1,1,1,,,,,,,,8.96,6.14,4.22,0.42,0.6,4,2,2,1
12656,1,,1,1,1,,,,,,,,7.49664,5.19552,2.72,2.06,2.99,2,2,3,1
12657,2,,2,,1,,,,,,,,2.62,0.81,5.7,7.5,7.73,3,2,2,1
12658,1,1,1,1,1,,,,,,,,5.35,6.6,2.64,0.22,0.36,2,3,2,2
12659,2,,2,,1,,,,,,,,7.52,4.16,4.75,0.62,0.51,4,2,2,4
12662,,2,2,,1,,,,,,,,5.2,3.76,4.65,1.34,1.04,3,2,2,2
12666,2,,2,,1,,,,,,,,2.81664,4.15872,1.11,0.22,0.29,3,4,2,1
12667,1,1,2,,1,,,,,,,,6.39,5.51,4.73,0.22,,4,3,2,1
12668,2,,1,1,1,,,,,,,,6.5,3.71,7.08,0,0.05,2,2,2,4
12671,1,1,2,,1,,,,,,,,5.21,5.14,7.34,0.5,0.35,2,2,2,4
12672,1,1,2,,1,,,,,,,,10.83,6.08,1.5,0.98,0.78,3,2,2,2
12673,2,,2,,1,,,,,,,,5.85,3.48,5.24,0.22,0.41,2,2,2,2
12674,1,1,2,,1,,,,,,,,3.32,4.3,4.67,0,0.07,1,2,2,2
12675,1,1,2,,1,,,,,,,,2.7,3.41,3.77,0.98,,3,2,2,2
12676,2,,1,1,1,,,,,,,,6.84,6.16,2.5,0.7,0.6,2,2,3,2
12677,2,,1,1,1,,,,,,,,2.56,3.46,4.53,0,0.06,3,2,2,2
12679,2,,1,1,1,,,,,,,,5.91,2.93,3.14,1.46,1.04,3,2,3,2
12680,1,1,1,1,1,,,,,,,,7.49088,8.60832,5.48,0.82,1,2,3,2,2
12685,2,,1,1,1,,,,,,,,5.46624,4.5936,3.13,0,0.12,5,2,2,1
12687,2,,2,,1,,,,,,,,6.95232,5.30784,1.83,0.34,0.3,3,2,4,1
12689,1,1,1,1,1,,,,,,,,7.64352,2.68128,3.91,1.54,1.12,2,4,2,2
12691,2,,1,1,1,,,,,,,,2.45,3.26,4.39,0.7,0.67,2,4,2,1
12692,2,,2,,1,,,,,,,,4.67136,3.81024,7.59,2.98,2.92,1,3,2,1
12693,1,1,1,1,1,,,,,,,,3.90816,5.48064,11.36,13.62,7.87,4,2,2,1
12694,1,1,1,1,1,,,,,,,,3.44448,4.81824,9.53,10.14,15.36,5,2,3,1
12695,2,,2,,1,,,,,,,,6.9696,6.37056,5.4,0,,3,3,2,4
12696,1,1,1,1,1,,,,,,,,2.68416,5.21856,4.31,1.1,0.76,2,3,2,1
12698,2,,2,,1,,,,,,,,4.66,4.25,3.38,2.46,1.95,4,3,2,3
12699,2,,1,1,1,,,,,,,,3.92544,4.98816,9.35,4.38,3.32,4,2,3,3
12700,1,1,1,1,1,,,,,,,,4.88,6.78,5.86,1.9,1.7,4,2,2,3
12701,2,,1,1,1,,,,,,,,7.99,6.93,6.62,9.46,10.17,4,3,2,1
12702,1,1,1,1,1,,,,,,,,5.79,5.88,5.35,0,0.15,5,3,2,3
12703,1,1,1,1,1,,,,,,,,6.23,3.73,4.62,2.94,1.32,5,3,3,1
12704,2,,2,,1,,,,,,,,6.28,4.94,6.09,0,0.07,4,3,2,1
12705,1,1,1,1,1,,,,,,,,7.66,4.38,7.13,0.86,0.54,4,2,2,3
12706,2,,2,,1,,,,,,,,5.96,9.05,6.53,1.66,20.75,3,2,2,3
12709,2,,1,1,1,,,,,,,,1.5,6.34,6.15,3.58,3.58,3,3,1,3
12710,2,,1,,1,,,,,,,,4.99,5.49,7.27,39.26,23.37,3,3,2,3
12712,1,1,2,,1,,,,,,,,4.26,6.76,5.47,3.82,3.24,3,2,2,1
12713,1,1,1,1,1,,,,,,,,10.66,14.72,7.02,1.38,2.23,5,2,2,3
12715,2,,1,1,1,,,,,,,,3.53,3.43,5.5,1.22,1.54,3,2,3,3
12716,2,,1,1,1,,,,,,,,4.03,3.44,4.99,0.46,0.23,3,2,2,3
12717,1,1,1,1,1,,,,,,,,9.05,7.98,5.1,1.82,1.1,5,2,2,3
12718,1,1,2,,1,,,,,,,,6.76,2.67,6.11,2.58,2.69,2,2,2,3
12719,1,1,1,1,1,,,,,,,,6.42,10.61,8.08,1.94,2.13,5,3,2,3
12720,1,1,2,,1,,,,,,,,4.37,3.15,7,0,0.05,2,3,3,3
12721,1,1,2,,0,0,0,0,0,0,0,1,2.86848,4.51872,3.12,5.02,8.1,2,3,4,3
12722,2,,1,1,1,,,,,,,,4.40352,7.704,6.08,0,0.07,2,3,2,3
12723,2,,2,,1,,,,,,,,2.44,4.03,7.68,5.86,7.42,3,2,2,3
12724,,,,,,,,,,,,,2.19,1.72,3.5,1.42,0.95,5,,2,1
12725,1,1,1,1,1,,,,,,,,2.59,7.71,4.37,1.58,,4,2,2,1
12735,2,,2,,1,,,,,,,,4.65,4.09,3.64,0.78,1.04,2,3,3,1
12737,1,1,1,1,1,,,,,,,,5.86,5.93,5.3,2.3,2.15,1,3,2,1
12738,1,1,1,1,1,,,,,,,,8.35,7.38,5.75,1.7,1.29,4,2,2,1
12739,1,1,2,,1,,,,,,,,4.77,4.68,4.92,1.06,1.61,2,3,3,1
12741,2,,2,,1,,,,,,,,5.73,5.34,5.39,0.62,0.48,2,4,2,1
12742,2,,2,,1,,,,,,,,7.7184,9.90432,3.7,9.14,7.25,4,2,3,1
12744,2,,2,,1,,,,,,,,15.08,26.46,4.29,0.46,0.71,3,2,3,1
12745,1,2,1,2,1,,,,,,,,4.64,5.03,4.5,0.42,0.4,3,3,3,1
12746,1,1,1,1,1,,,,,,,,4.23936,8.80704,8.33,0.86,1.01,5,2,2,1
12751,1,2,2,,1,,,,,,,,6.47712,3.98304,4.9,0.18,0.14,2,2,2,1
12752,1,1,1,1,1,,,,,,,,4.53,2.62,4.42,0,0.47,2,3,3,3
12753,1,1,2,,1,,,,,,,,6.11,6.36,4.1,0.3,0.25,2,3,2,3
12754,1,1,2,,1,,,,,,,,5.47,6.04,8.08,0.94,4.95,3,3,2,3
12755,1,1,1,1,1,,,,,,,,5.34,7.3,5.25,6.5,17.57,3,3,2,3
12756,2,,2,,1,,,,,,,,2.68,3.06,4.66,0.54,0.26,2,3,2,3
12758,1,1,1,1,1,,,,,,,,7.14,12.83,6.51,0.46,0.31,4,2,2,1
12760,1,2,1,2,1,,,,,,,,7.34112,8.07552,6.38,0.34,0.19,2,2,2,1
12761,1,1,1,1,1,,,,,,,,4.23,6.11,3.42,0.78,0.32,4,4,3,3
12763,2,,1,1,1,,,,,,,,4.95072,6.75648,3.75,0,0.14,3,2,2,3
12764,2,,1,1,1,,,,,,,,9.56736,6.79104,3.09,0.58,0.55,3,3,2,3
12765,2,,1,1,1,,,,,,,,5.59,6.01,3.55,1.38,1.29,1,3,3,3
12770,1,1,2,,1,,,,,,,,3.93,1.78,4.42,0.54,0.29,2,4,4,4
12773,2,,2,,1,,,,,,,,11.7,5.53,4.55,3.3,2.5,2,4,2,1
12774,1,1,2,,1,,,,,,,,5.3,11.49,5.31,0.5,0.58,1,3,2,1
12776,2,,2,,1,,,,,,,,11.74,8.7,6.07,0,0.14,4,3,2,4
12779,1,1,2,,0,0,0,0,0,0,0,1,5.22,4.68,4.91,2.74,2.06,1,3,2,1
12780,1,1,1,1,1,,,,,,,,5.16,3.32,6.23,0,0.11,1,3,1,2
