Feature,Mean_Abs_SHAP,Rank
skin_darkening,0.10601939143932711,1
hirsutism,0.0907751078177512,2
weight_gain,0.06905493306821933,3
cycle_regularity,0.046224801148609246,4
fast_food,0.043630719548756,5
pimples_acne,0.030807491169962373,6
hair_loss,0.015668637850805935,7
cycle_length_raw,0.011220154480189785,8
regular_exercise,0.007827223737859287,9
age,0.006438878113873634,10
hip_inch,0.0049072128702897025,11
waist_hip_ratio,0.004172346174612539,12
waist_inch,0.0035059018035511706,13
height_cm,0.0019379810816709195,14
weight_kg,0.0017908122069525624,15
bmi,0.0017162482427039336,16
