roc_auc,pr_auc,sensitivity,specificity,precision,f1,brier_score,tn,fp,fn,tp,threshold,model,fold
0.8868038740920097,0.7917416975436312,0.7142857142857143,0.9152542372881356,0.8,0.7547169811320755,0.12093759295772717,54,5,8,20,0.5,Logistic Regression (Unweighted),1
0.8686087990487514,0.8271856980902663,0.6896551724137931,0.9137931034482759,0.8,0.7407407407407407,0.12505762124413156,53,5,9,20,0.5,Logistic Regression (Unweighted),2
0.8725369458128079,0.7950946144907327,0.7857142857142857,0.8793103448275862,0.7586206896551724,0.7719298245614035,0.12253186367858593,51,7,6,22,0.5,Logistic Regression (Unweighted),3
0.8614532019704433,0.8130477063568663,0.6428571428571429,0.896551724137931,0.75,0.6923076923076923,0.1296275255866808,52,6,10,18,0.5,Logistic Regression (Unweighted),4
0.8947044334975369,0.8247301730524985,0.7142857142857143,0.9137931034482759,0.8,0.7547169811320755,0.11867881879613998,53,5,8,20,0.5,Logistic Regression (Unweighted),5
0.8910411622276029,0.8059882790474918,0.7142857142857143,0.9322033898305084,0.8333333333333334,0.7692307692307693,0.11054182927987208,55,4,8,20,0.5,Logistic Regression (Unweighted),6
0.8418549346016647,0.7693026012319654,0.6896551724137931,0.896551724137931,0.7692307692307693,0.7272727272727273,0.13719335312554096,52,6,9,20,0.5,Logistic Regression (Unweighted),7
0.897167487684729,0.8291162602763864,0.6428571428571429,0.8793103448275862,0.72,0.6792452830188679,0.1244036168452899,51,7,10,18,0.5,Logistic Regression (Unweighted),8
0.8596059113300494,0.7728709812617746,0.7142857142857143,0.8793103448275862,0.7407407407407407,0.7272727272727273,0.13431405246793063,51,7,8,20,0.5,Logistic Regression (Unweighted),9
0.8737684729064039,0.8534283372518254,0.6428571428571429,0.9482758620689655,0.8571428571428571,0.7346938775510204,0.11453454616526201,55,3,10,18,0.5,Logistic Regression (Unweighted),10
0.8002421307506054,0.6336908544835622,0.5357142857142857,0.847457627118644,0.625,0.5769230769230769,0.1688593462639609,50,9,13,15,0.5,Logistic Regression (Unweighted),11
0.9066587395957193,0.8684959875815688,0.7931034482758621,0.8448275862068966,0.71875,0.7540983606557377,0.11666449231141009,49,9,6,23,0.5,Logistic Regression (Unweighted),12
0.8940886699507389,0.8747272375640801,0.7857142857142857,0.9310344827586207,0.8461538461538461,0.8148148148148148,0.09850428228339363,54,4,6,22,0.5,Logistic Regression (Unweighted),13
0.8583743842364532,0.7997925626416165,0.6785714285714286,0.9310344827586207,0.8260869565217391,0.7450980392156863,0.12456694517941663,54,4,9,19,0.5,Logistic Regression (Unweighted),14
0.9217980295566502,0.8737161997550807,0.7857142857142857,0.896551724137931,0.7857142857142857,0.7857142857142857,0.09815014914315538,52,6,6,22,0.5,Logistic Regression (Unweighted),15
0.8843825665859564,0.7913549029367652,0.8214285714285714,0.864406779661017,0.7419354838709677,0.7796610169491526,0.13001636798633776,51,8,5,23,0.5,Logistic Regression (Balanced),1
0.8692033293697978,0.8272722052620407,0.7241379310344828,0.7931034482758621,0.6363636363636364,0.6774193548387096,0.13992018711237386,46,12,8,21,0.5,Logistic Regression (Balanced),2
0.8737684729064039,0.7901397020272037,0.8214285714285714,0.7758620689655172,0.6388888888888888,0.71875,0.14101035737912357,45,13,5,23,0.5,Logistic Regression (Balanced),3
0.8633004926108375,0.8114407096243291,0.8214285714285714,0.8275862068965517,0.696969696969697,0.7540983606557377,0.14145226283399182,48,10,5,23,0.5,Logistic Regression (Balanced),4
0.8940886699507389,0.8212503978553989,0.7857142857142857,0.8620689655172413,0.7333333333333333,0.7586206896551724,0.12592692592296412,50,8,6,22,0.5,Logistic Regression (Balanced),5
0.8958837772397095,0.8143504419674362,0.8214285714285714,0.864406779661017,0.7419354838709677,0.7796610169491526,0.12160424844486623,51,8,5,23,0.5,Logistic Regression (Balanced),6
0.8406658739595719,0.7639845417110857,0.7931034482758621,0.7931034482758621,0.6571428571428571,0.71875,0.1567815387397164,46,12,6,23,0.5,Logistic Regression (Balanced),7
0.8866995073891626,0.8047665192027319,0.8214285714285714,0.7931034482758621,0.6571428571428571,0.7301587301587301,0.1388168872643846,46,12,5,23,0.5,Logistic Regression (Balanced),8
0.8626847290640394,0.7691602561964582,0.7857142857142857,0.7758620689655172,0.6285714285714286,0.6984126984126984,0.14979684941858248,45,13,6,22,0.5,Logistic Regression (Balanced),9
0.8780788177339901,0.8549419500279996,0.75,0.8620689655172413,0.7241379310344828,0.7368421052631579,0.1285378306369541,50,8,7,21,0.5,Logistic Regression (Balanced),10
0.8014527845036319,0.6279652190301698,0.7142857142857143,0.8135593220338984,0.6451612903225806,0.6779661016949152,0.17543222616237344,48,11,8,20,0.5,Logistic Regression (Balanced),11
0.8995243757431628,0.8435735776352626,0.8620689655172413,0.7586206896551724,0.6410256410256411,0.7352941176470589,0.14510099146822014,44,14,4,25,0.5,Logistic Regression (Balanced),12
0.8947044334975369,0.873601990230418,0.8214285714285714,0.896551724137931,0.7931034482758621,0.8070175438596491,0.11632012833006443,52,6,5,23,0.5,Logistic Regression (Balanced),13
0.8577586206896552,0.7939496963337928,0.7142857142857143,0.8448275862068966,0.6896551724137931,0.7017543859649122,0.13166474511504084,49,9,8,20,0.5,Logistic Regression (Balanced),14
0.9217980295566504,0.8753537490737943,0.9285714285714286,0.8103448275862069,0.7027027027027027,0.8,0.1143207962095881,47,11,2,26,0.5,Logistic Regression (Balanced),15
0.8958837772397095,0.793764675116429,0.6785714285714286,0.864406779661017,0.7037037037037037,0.6909090909090909,0.12265294537920181,51,8,9,19,0.5,Random Forest (Unweighted),1
0.870986920332937,0.7781361357213721,0.6206896551724138,0.9655172413793104,0.9,0.7346938775510204,0.13301655480300284,56,2,11,18,0.5,Random Forest (Unweighted),2
0.8811576354679803,0.8214294631003138,0.7142857142857143,0.9482758620689655,0.8695652173913043,0.7843137254901961,0.12482230373324354,55,3,8,20,0.5,Random Forest (Unweighted),3
0.8786945812807881,0.8455802107229125,0.6785714285714286,0.9310344827586207,0.8260869565217391,0.7450980392156863,0.12334813974695802,54,4,9,19,0.5,Random Forest (Unweighted),4
0.8897783251231528,0.8379967909494663,0.5714285714285714,0.9310344827586207,0.8,0.6666666666666666,0.12265237670969888,54,4,12,16,0.5,Random Forest (Unweighted),5
0.9188861985472154,0.856640392874949,0.75,0.9322033898305084,0.84,0.7924528301886793,0.11120509861261943,55,4,7,21,0.5,Random Forest (Unweighted),6
0.8287752675386445,0.7980074398410881,0.7586206896551724,0.9137931034482759,0.8148148148148148,0.7857142857142857,0.1420832435213899,53,5,7,22,0.5,Random Forest (Unweighted),7
0.8577586206896552,0.7779732014451931,0.6428571428571429,0.8793103448275862,0.72,0.6792452830188679,0.13693462780143895,51,7,10,18,0.5,Random Forest (Unweighted),8
0.8793103448275862,0.7985484159649991,0.6785714285714286,0.8793103448275862,0.7307692307692307,0.7037037037037037,0.13061241289239248,51,7,9,19,0.5,Random Forest (Unweighted),9
0.9094827586206897,0.848895376558199,0.6428571428571429,0.9655172413793104,0.9,0.75,0.11289704006931793,56,2,10,18,0.5,Random Forest (Unweighted),10
0.8299031476997579,0.6826042875177524,0.5714285714285714,0.8983050847457628,0.7272727272727273,0.64,0.15789896113700105,53,6,12,16,0.5,Random Forest (Unweighted),11
0.9203329369797861,0.8689660556245218,0.7586206896551724,0.9137931034482759,0.8148148148148148,0.7857142857142857,0.11679793763195175,53,5,7,22,0.5,Random Forest (Unweighted),12
0.8971674876847291,0.8255646152725449,0.7142857142857143,0.9482758620689655,0.8695652173913043,0.7843137254901961,0.11451728643544733,55,3,8,20,0.5,Random Forest (Unweighted),13
0.8552955665024631,0.8020420330627626,0.6071428571428571,0.9137931034482759,0.7727272727272727,0.68,0.13331864471701788,53,5,11,17,0.5,Random Forest (Unweighted),14
0.9076354679802956,0.8383612570490316,0.7142857142857143,0.896551724137931,0.7692307692307693,0.7407407407407407,0.11344372310746796,52,6,8,20,0.5,Random Forest (Unweighted),15
0.8916464891041163,0.7816111537194299,0.8571428571428571,0.847457627118644,0.7272727272727273,0.7868852459016393,0.13255634452953693,50,9,4,24,0.5,Random Forest (Balanced),1
0.8686087990487515,0.7820045904478926,0.6896551724137931,0.9137931034482759,0.8,0.7407407407407407,0.134596125015737,53,5,9,20,0.5,Random Forest (Balanced),2
0.895320197044335,0.8405840464518421,0.8571428571428571,0.8620689655172413,0.75,0.8,0.12644135190414194,50,8,4,24,0.5,Random Forest (Balanced),3
0.8799261083743843,0.8445998036568403,0.7142857142857143,0.8448275862068966,0.6896551724137931,0.7017543859649122,0.12875082744758634,49,9,8,20,0.5,Random Forest (Balanced),4
0.8799261083743843,0.8168776439440759,0.75,0.8793103448275862,0.75,0.75,0.12641438902053928,51,7,7,21,0.5,Random Forest (Balanced),5
0.9194915254237288,0.8541622507778454,0.8214285714285714,0.9152542372881356,0.8214285714285714,0.8214285714285714,0.1159522326602947,54,5,5,23,0.5,Random Forest (Balanced),6
0.8382877526753865,0.7992846394892177,0.7931034482758621,0.8793103448275862,0.7666666666666667,0.7796610169491526,0.14278820445899967,51,7,6,23,0.5,Random Forest (Balanced),7
0.8688423645320197,0.800333266569026,0.75,0.8275862068965517,0.6774193548387096,0.711864406779661,0.13868474829843305,48,10,7,21,0.5,Random Forest (Balanced),8
0.8799261083743842,0.8046512869592151,0.7142857142857143,0.8448275862068966,0.6896551724137931,0.7017543859649122,0.13152334936194923,49,9,8,20,0.5,Random Forest (Balanced),9
0.9082512315270936,0.8526608071482094,0.6428571428571429,0.9655172413793104,0.9,0.75,0.1159324463927914,56,2,10,18,0.5,Random Forest (Balanced),10
0.8238498789346247,0.6635410943792286,0.6428571428571429,0.864406779661017,0.6923076923076923,0.6666666666666666,0.16079709286010718,51,8,10,18,0.5,Random Forest (Balanced),11
0.9197384066587396,0.8676398217659271,0.8620689655172413,0.8103448275862069,0.6944444444444444,0.7692307692307693,0.12702293498400927,47,11,4,25,0.5,Random Forest (Balanced),12
0.8947044334975369,0.8278327380805569,0.7857142857142857,0.896551724137931,0.7857142857142857,0.7857142857142857,0.12066268988210425,52,6,6,22,0.5,Random Forest (Balanced),13
0.8491379310344828,0.797468718244139,0.7142857142857143,0.8620689655172413,0.7142857142857143,0.7142857142857143,0.14023379204016742,50,8,8,20,0.5,Random Forest (Balanced),14
0.9119458128078817,0.8600135580996469,0.7857142857142857,0.8620689655172413,0.7333333333333333,0.7586206896551724,0.11797824749906519,50,8,6,22,0.5,Random Forest (Balanced),15
0.9098062953995157,0.8153170265163201,0.7857142857142857,0.8983050847457628,0.7857142857142857,0.7857142857142857,0.11594647444218609,53,6,6,22,0.5,Extra Trees (Unweighted),1
0.8626634958382878,0.7877209291938287,0.6206896551724138,0.896551724137931,0.75,0.6792452830188679,0.1386886413490341,52,6,11,18,0.5,Extra Trees (Unweighted),2
0.9008620689655172,0.8119121811578497,0.75,0.9482758620689655,0.875,0.8076923076923077,0.1168386017298942,55,3,7,21,0.5,Extra Trees (Unweighted),3
0.8633004926108375,0.8395903996735781,0.6785714285714286,0.896551724137931,0.76,0.7169811320754716,0.12752720894413958,52,6,9,19,0.5,Extra Trees (Unweighted),4
0.8860837438423645,0.8300595717042559,0.6785714285714286,0.9310344827586207,0.8260869565217391,0.7450980392156863,0.12181708172052207,54,4,9,19,0.5,Extra Trees (Unweighted),5
0.9073849878934626,0.8115815747469416,0.75,0.9152542372881356,0.8076923076923077,0.7777777777777778,0.11643156116984457,54,5,7,21,0.5,Extra Trees (Unweighted),6
0.8394768133174791,0.7745132360206305,0.7241379310344828,0.896551724137931,0.7777777777777778,0.75,0.1321078176312082,52,6,8,21,0.5,Extra Trees (Unweighted),7
0.874384236453202,0.8056730873655498,0.7142857142857143,0.8448275862068966,0.6896551724137931,0.7017543859649122,0.13173390478274755,49,9,8,20,0.5,Extra Trees (Unweighted),8
0.9057881773399016,0.8606909445200771,0.7142857142857143,0.8620689655172413,0.7142857142857143,0.7142857142857143,0.11834268018307578,50,8,8,20,0.5,Extra Trees (Unweighted),9
0.9082512315270936,0.8469977753802959,0.6071428571428571,0.9482758620689655,0.85,0.7083333333333334,0.11752637624091745,55,3,11,17,0.5,Extra Trees (Unweighted),10
0.8444309927360775,0.7012470696317085,0.5714285714285714,0.864406779661017,0.6666666666666666,0.6153846153846154,0.15771574201413266,51,8,12,16,0.5,Extra Trees (Unweighted),11
0.9126040428061831,0.8569173828801289,0.7931034482758621,0.8620689655172413,0.7419354838709677,0.7666666666666667,0.11643155177002255,50,8,6,23,0.5,Extra Trees (Unweighted),12
0.9070197044334976,0.8674156594117747,0.7142857142857143,0.9310344827586207,0.8333333333333334,0.7692307692307693,0.1093618483594295,54,4,8,20,0.5,Extra Trees (Unweighted),13
0.853448275862069,0.7570858964981436,0.6071428571428571,0.896551724137931,0.7391304347826086,0.6666666666666666,0.13780791953102353,52,6,11,17,0.5,Extra Trees (Unweighted),14
0.9193349753694582,0.8609166007335591,0.7142857142857143,0.8793103448275862,0.7407407407407407,0.7272727272727273,0.11101387792309647,51,7,8,20,0.5,Extra Trees (Unweighted),15
0.9049636803874093,0.8030436144841179,0.8571428571428571,0.8813559322033898,0.7741935483870968,0.8135593220338984,0.1289138995214594,52,7,4,24,0.5,Extra Trees (Balanced),1
0.8573127229488704,0.7596651758638524,0.7586206896551724,0.8448275862068966,0.7096774193548387,0.7333333333333333,0.14552000232376142,49,9,7,22,0.5,Extra Trees (Balanced),2
0.8971674876847292,0.8095736928732638,0.8214285714285714,0.8448275862068966,0.71875,0.7666666666666667,0.12410410845751534,49,9,5,23,0.5,Extra Trees (Balanced),3
0.8614532019704433,0.8419859629031441,0.75,0.8103448275862069,0.65625,0.7,0.14010545502364619,47,11,7,21,0.5,Extra Trees (Balanced),4
0.8928571428571429,0.8388334136397384,0.75,0.8448275862068966,0.7,0.7241379310344828,0.12586003407270108,49,9,7,21,0.5,Extra Trees (Balanced),5
0.9055690072639224,0.8114119710702243,0.8214285714285714,0.8135593220338984,0.6764705882352942,0.7419354838709677,0.12761734804120564,48,11,5,23,0.5,Extra Trees (Balanced),6
0.8513674197384067,0.7886211754569303,0.7931034482758621,0.8793103448275862,0.7666666666666667,0.7796610169491526,0.14084279672431674,51,7,6,23,0.5,Extra Trees (Balanced),7
0.8737684729064039,0.8076629142679794,0.7857142857142857,0.8103448275862069,0.6666666666666666,0.7213114754098361,0.14184428888851286,47,11,6,22,0.5,Extra Trees (Balanced),8
0.8990147783251231,0.8416315026605605,0.7857142857142857,0.8448275862068966,0.7096774193548387,0.7457627118644068,0.12676735891576232,49,9,6,22,0.5,Extra Trees (Balanced),9
0.9107142857142856,0.847283979932205,0.75,0.896551724137931,0.7777777777777778,0.7636363636363637,0.12109087191339396,52,6,7,21,0.5,Extra Trees (Balanced),10
0.8365617433414043,0.6848170082821833,0.6785714285714286,0.8135593220338984,0.6333333333333333,0.6551724137931034,0.16185242803959135,48,11,9,19,0.5,Extra Trees (Balanced),11
0.918549346016647,0.8720008575031823,0.896551724137931,0.7931034482758621,0.6842105263157895,0.7761194029850746,0.13312061006255196,46,12,3,26,0.5,Extra Trees (Balanced),12
0.9057881773399015,0.8644311596009213,0.8214285714285714,0.896551724137931,0.7931034482758621,0.8070175438596491,0.11802709498406133,52,6,5,23,0.5,Extra Trees (Balanced),13
0.8479064039408867,0.7548050661028716,0.75,0.8275862068965517,0.6774193548387096,0.711864406779661,0.14312671648108782,48,10,7,21,0.5,Extra Trees (Balanced),14
0.9211822660098522,0.8750578358063222,0.8214285714285714,0.8620689655172413,0.7419354838709677,0.7796610169491526,0.12109947972524511,50,8,5,23,0.5,Extra Trees (Balanced),15
0.9037530266343826,0.8051158983267814,0.75,0.8813559322033898,0.75,0.75,0.11728567140345564,52,7,7,21,0.5,XGBoost (Unweighted),1
0.8703923900118906,0.7687014553949232,0.6206896551724138,0.9310344827586207,0.8181818181818182,0.7058823529411765,0.1305229335556339,54,4,11,18,0.5,XGBoost (Unweighted),2
0.874384236453202,0.8181481621604487,0.7857142857142857,0.8793103448275862,0.7586206896551724,0.7719298245614035,0.1228839201022923,51,7,6,22,0.5,XGBoost (Unweighted),3
0.8491379310344829,0.8000928286292216,0.6428571428571429,0.896551724137931,0.75,0.6923076923076923,0.13184094979956199,52,6,10,18,0.5,XGBoost (Unweighted),4
0.8953201970443349,0.8327872317195013,0.6785714285714286,0.896551724137931,0.76,0.7169811320754716,0.1226090520504107,52,6,9,19,0.5,XGBoost (Unweighted),5
0.9110169491525424,0.8101316197588335,0.75,0.9322033898305084,0.84,0.7924528301886793,0.10994509448132439,55,4,7,21,0.5,XGBoost (Unweighted),6
0.821640903686088,0.7570975151190921,0.7241379310344828,0.896551724137931,0.7777777777777778,0.75,0.1371729384969028,52,6,8,21,0.5,XGBoost (Unweighted),7
0.8768472906403941,0.7948684555020251,0.6071428571428571,0.8620689655172413,0.68,0.6415094339622641,0.12944956040315297,50,8,11,17,0.5,XGBoost (Unweighted),8
0.8866995073891626,0.8170435831920821,0.6785714285714286,0.8620689655172413,0.7037037037037037,0.6909090909090909,0.12495961608094354,50,8,9,19,0.5,XGBoost (Unweighted),9
0.9070197044334976,0.8595929011884123,0.6071428571428571,0.9655172413793104,0.8947368421052632,0.723404255319149,0.1087511367856973,56,2,11,17,0.5,XGBoost (Unweighted),10
0.8002421307506054,0.6735149772763157,0.6071428571428571,0.8983050847457628,0.7391304347826086,0.6666666666666666,0.16282842791415617,53,6,11,17,0.5,XGBoost (Unweighted),11
0.9215219976218787,0.8958839446431606,0.7586206896551724,0.8793103448275862,0.7586206896551724,0.7586206896551724,0.11170294311626684,51,7,7,22,0.5,XGBoost (Unweighted),12
0.8885467980295566,0.82559364612957,0.6785714285714286,0.9137931034482759,0.7916666666666666,0.7307692307692307,0.118520404258806,53,5,9,19,0.5,XGBoost (Unweighted),13
0.8472906403940886,0.7975167861898314,0.5714285714285714,0.9137931034482759,0.7619047619047619,0.6530612244897959,0.13112461787652638,53,5,12,16,0.5,XGBoost (Unweighted),14
0.9113300492610837,0.8564483431996073,0.6785714285714286,0.8793103448275862,0.7307692307692307,0.7037037037037037,0.10541067782126438,51,7,9,19,0.5,XGBoost (Unweighted),15
0.8928571428571429,0.7963249644167766,0.8928571428571429,0.8305084745762712,0.7142857142857143,0.7936507936507936,0.12573644799787909,49,10,3,25,0.5,XGBoost (Balanced),1
0.8638525564803805,0.7744849307405756,0.7241379310344828,0.8793103448275862,0.75,0.7368421052631579,0.1331092482675865,51,7,8,21,0.5,XGBoost (Balanced),2
0.8756157635467979,0.8324484289901415,0.8571428571428571,0.7931034482758621,0.6666666666666666,0.75,0.13634349165299314,46,12,4,24,0.5,XGBoost (Balanced),3
0.8552955665024631,0.7984809128052639,0.75,0.8103448275862069,0.65625,0.7,0.1418249347115027,47,11,7,21,0.5,XGBoost (Balanced),4
0.9020935960591133,0.844844582022056,0.7857142857142857,0.8793103448275862,0.7586206896551724,0.7719298245614035,0.12225355385150989,51,7,6,22,0.5,XGBoost (Balanced),5
0.9152542372881355,0.8219349198222017,0.7857142857142857,0.8813559322033898,0.7586206896551724,0.7719298245614035,0.11749504217792416,52,7,6,22,0.5,XGBoost (Balanced),6
0.8151010701545779,0.7404643681165755,0.7931034482758621,0.8448275862068966,0.71875,0.7540983606557377,0.1497488257394566,49,9,6,23,0.5,XGBoost (Balanced),7
0.8713054187192119,0.7994333222200299,0.8214285714285714,0.7758620689655172,0.6388888888888888,0.71875,0.14016058142839274,45,13,5,23,0.5,XGBoost (Balanced),8
0.8866995073891626,0.8146096014897977,0.8571428571428571,0.7931034482758621,0.6666666666666666,0.75,0.12982108851370994,46,12,4,24,0.5,XGBoost (Balanced),9
0.9082512315270935,0.8579002706957567,0.75,0.8793103448275862,0.75,0.75,0.11536680835322803,51,7,7,21,0.5,XGBoost (Balanced),10
0.8075060532687651,0.6529218700726468,0.6428571428571429,0.847457627118644,0.6666666666666666,0.6545454545454545,0.16261777718747056,50,9,10,18,0.5,XGBoost (Balanced),11
0.9221165279429251,0.8875915598977893,0.896551724137931,0.7413793103448276,0.6341463414634146,0.7428571428571429,0.13158544328435692,43,15,3,26,0.5,XGBoost (Balanced),12
0.8940886699507389,0.834463612780834,0.8214285714285714,0.8448275862068966,0.71875,0.7666666666666667,0.12326719781080359,49,9,5,23,0.5,XGBoost (Balanced),13
0.8466748768472906,0.803921242529125,0.7142857142857143,0.8620689655172413,0.7142857142857143,0.7142857142857143,0.13214324561005622,50,8,8,20,0.5,XGBoost (Balanced),14
0.9070197044334977,0.8431060089788868,0.8214285714285714,0.8448275862068966,0.71875,0.7666666666666667,0.11736067511403345,49,9,5,23,0.5,XGBoost (Balanced),15
