sr_no,dish_name,description,consumption_frequency,relative_frequency,percent_frequent_consumption,selected_for_sensory_std,category,quantitative_formulation_available,tested_nutrition_available,existing_biopulse_match_id,existing_biopulse_match_name,match_type,candidate_status,authority_level,source_document,source_page,audit_notes
1,Aloo Anday,egg and potato curry,350,0.83,83%*,True,Vegetable Dish / Curry,False,False,,,no_match,NEEDS_RECIPE_SOURCE,LEVEL_D,Pakistani Traditional Gastronomy Study (South Asian J Public Health 2024),Pages 5-6 (Table 2),"High cultural consumption frequency in Pakistani Gastronomy study, but paper lacks quantitative ingredient grams and laboratory proximate data. Needs authoritative recipe source in Phase 4B."
2,Aloo Baingan,potato and eggplant curry,324,0.77,77%*,True,Vegetable Dish / Curry,False,False,,,no_match,NEEDS_RECIPE_SOURCE,LEVEL_D,Pakistani Traditional Gastronomy Study (South Asian J Public Health 2024),Pages 5-6 (Table 2),"High cultural consumption frequency in Pakistani Gastronomy study, but paper lacks quantitative ingredient grams and laboratory proximate data. Needs authoritative recipe source in Phase 4B."
3,Aloo Bhujia,potato curry,341,0.81,81%*,True,Vegetable Dish / Curry,False,False,,,no_match,NEEDS_RECIPE_SOURCE,LEVEL_D,Pakistani Traditional Gastronomy Study (South Asian J Public Health 2024),Pages 5-6 (Table 2),"High cultural consumption frequency in Pakistani Gastronomy study, but paper lacks quantitative ingredient grams and laboratory proximate data. Needs authoritative recipe source in Phase 4B."
4,Aloo Gajjar,potato and carrot curry,337,0.8,80%*,True,Vegetable Dish / Curry,False,False,,,no_match,NEEDS_RECIPE_SOURCE,LEVEL_D,Pakistani Traditional Gastronomy Study (South Asian J Public Health 2024),Pages 5-6 (Table 2),"High cultural consumption frequency in Pakistani Gastronomy study, but paper lacks quantitative ingredient grams and laboratory proximate data. Needs authoritative recipe source in Phase 4B."
5,Aloo Gobhi,potato and cauliflower curry,274,0.65,65%*,True,Vegetable Dish / Curry,False,False,,,no_match,NEEDS_RECIPE_SOURCE,LEVEL_D,Pakistani Traditional Gastronomy Study (South Asian J Public Health 2024),Pages 5-6 (Table 2),"High cultural consumption frequency in Pakistani Gastronomy study, but paper lacks quantitative ingredient grams and laboratory proximate data. Needs authoritative recipe source in Phase 4B."
6,Aloo Gosht,potato and meat curry,341,0.81,81%*,True,Meat & Vegetable Curry,True,True,PK_RCP_003,Alu Gosht (Potato Meat Curry),normalized_alias_match,READY,LEVEL_A,Pakistani Traditional Gastronomy Study (South Asian J Public Health 2024),Pages 5-6 (Table 2),"Matches PK_RCP_003 Alu Gosht in FCT 2001 (Table 3, Appendix-3). Authoritative Level-A laboratory proximate data available."
7,Aloo Kachnar,potato and bauhinia variegate curry,164,0.39,39%,False,Vegetable Dish / Curry,False,False,,,no_match,NEEDS_RECIPE_SOURCE,LEVEL_D,Pakistani Traditional Gastronomy Study (South Asian J Public Health 2024),Pages 5-6 (Table 2),"High cultural consumption frequency in Pakistani Gastronomy study, but paper lacks quantitative ingredient grams and laboratory proximate data. Needs authoritative recipe source in Phase 4B."
8,Aloo Kulfa,potato and purslane curry,164,0.39,39%,False,Vegetable Dish / Curry,False,False,,,no_match,NEEDS_RECIPE_SOURCE,LEVEL_D,Pakistani Traditional Gastronomy Study (South Asian J Public Health 2024),Pages 5-6 (Table 2),"High cultural consumption frequency in Pakistani Gastronomy study, but paper lacks quantitative ingredient grams and laboratory proximate data. Needs authoritative recipe source in Phase 4B."
9,Aloo Mattar,potato and pea curry,333,0.79,79%*,True,Vegetable Dish / Curry,False,False,,,no_match,NEEDS_RECIPE_SOURCE,LEVEL_D,Pakistani Traditional Gastronomy Study (South Asian J Public Health 2024),Pages 5-6 (Table 2),"High cultural consumption frequency in Pakistani Gastronomy study, but paper lacks quantitative ingredient grams and laboratory proximate data. Needs authoritative recipe source in Phase 4B."
10,Aloo Meethi,potato and fenugreek curry,312,0.74,74%*,True,Vegetable Dish / Curry,False,False,,,no_match,NEEDS_RECIPE_SOURCE,LEVEL_D,Pakistani Traditional Gastronomy Study (South Asian J Public Health 2024),Pages 5-6 (Table 2),"High cultural consumption frequency in Pakistani Gastronomy study, but paper lacks quantitative ingredient grams and laboratory proximate data. Needs authoritative recipe source in Phase 4B."
11,Aloo Mooli,potato and radish curry,143,0.34,34%,False,Vegetable Dish / Curry,False,False,,,no_match,NEEDS_RECIPE_SOURCE,LEVEL_D,Pakistani Traditional Gastronomy Study (South Asian J Public Health 2024),Pages 5-6 (Table 2),"High cultural consumption frequency in Pakistani Gastronomy study, but paper lacks quantitative ingredient grams and laboratory proximate data. Needs authoritative recipe source in Phase 4B."
12,Aloo Moongray,potato and radish pods curry,270,0.64,64%*,True,Vegetable Dish / Curry,False,False,,,no_match,NEEDS_RECIPE_SOURCE,LEVEL_D,Pakistani Traditional Gastronomy Study (South Asian J Public Health 2024),Pages 5-6 (Table 2),"High cultural consumption frequency in Pakistani Gastronomy study, but paper lacks quantitative ingredient grams and laboratory proximate data. Needs authoritative recipe source in Phase 4B."
13,Aloo Palaak,potato and spinach curry,177,0.42,42%,False,Vegetable Dish / Curry,False,False,,,no_match,NEEDS_RECIPE_SOURCE,LEVEL_D,Pakistani Traditional Gastronomy Study (South Asian J Public Health 2024),Pages 5-6 (Table 2),"High cultural consumption frequency in Pakistani Gastronomy study, but paper lacks quantitative ingredient grams and laboratory proximate data. Needs authoritative recipe source in Phase 4B."
14,Aloo Qeema,potato and minced meat,316,0.75,75%*,True,Meat & Vegetable Curry,False,False,,,no_match,NEEDS_RECIPE_SOURCE,LEVEL_D,Pakistani Traditional Gastronomy Study (South Asian J Public Health 2024),Pages 5-6 (Table 2),"High cultural consumption frequency in Pakistani Gastronomy study, but paper lacks quantitative ingredient grams and laboratory proximate data. Needs authoritative recipe source in Phase 4B."
15,Aloo Shimla Mirch,potato and capsicum curry,135,0.32,32%,False,Vegetable Dish / Curry,False,False,,,no_match,NEEDS_RECIPE_SOURCE,LEVEL_D,Pakistani Traditional Gastronomy Study (South Asian J Public Health 2024),Pages 5-6 (Table 2),"High cultural consumption frequency in Pakistani Gastronomy study, but paper lacks quantitative ingredient grams and laboratory proximate data. Needs authoritative recipe source in Phase 4B."
16,Arbi Baingan,taro and eggplant curry,261,0.62,62%*,True,Vegetable Dish / Curry,False,False,,,no_match,NEEDS_RECIPE_SOURCE,LEVEL_D,Pakistani Traditional Gastronomy Study (South Asian J Public Health 2024),Pages 5-6 (Table 2),"High cultural consumption frequency in Pakistani Gastronomy study, but paper lacks quantitative ingredient grams and laboratory proximate data. Needs authoritative recipe source in Phase 4B."
17,Arbi Bhujia,taro curry,236,0.56,56%,False,Vegetable Dish / Curry,False,False,,,no_match,NEEDS_RECIPE_SOURCE,LEVEL_D,Pakistani Traditional Gastronomy Study (South Asian J Public Health 2024),Pages 5-6 (Table 2),"High cultural consumption frequency in Pakistani Gastronomy study, but paper lacks quantitative ingredient grams and laboratory proximate data. Needs authoritative recipe source in Phase 4B."
18,Arbi Gosht,taro and meat curry,223,0.53,53%,False,Meat & Vegetable Curry,False,False,,,no_match,NEEDS_RECIPE_SOURCE,LEVEL_D,Pakistani Traditional Gastronomy Study (South Asian J Public Health 2024),Pages 5-6 (Table 2),"High cultural consumption frequency in Pakistani Gastronomy study, but paper lacks quantitative ingredient grams and laboratory proximate data. Needs authoritative recipe source in Phase 4B."
19,Baingan Bharta,eggplant curry,269,0.64,64%*,True,Vegetable Dish / Curry,False,False,,,no_match,NEEDS_RECIPE_SOURCE,LEVEL_D,Pakistani Traditional Gastronomy Study (South Asian J Public Health 2024),Pages 5-6 (Table 2),"High cultural consumption frequency in Pakistani Gastronomy study, but paper lacks quantitative ingredient grams and laboratory proximate data. Needs authoritative recipe source in Phase 4B."
20,Beef Biryani,beef and rice,189,0.45,45%,False,Rice & Cereal Dish,False,False,,,no_match,NEEDS_RECIPE_SOURCE,LEVEL_D,Pakistani Traditional Gastronomy Study (South Asian J Public Health 2024),Pages 5-6 (Table 2),"High cultural consumption frequency in Pakistani Gastronomy study, but paper lacks quantitative ingredient grams and laboratory proximate data. Needs authoritative recipe source in Phase 4B."
21,Beef Pulao,beef and rice cooked in beef broth,177,0.42,42%,False,Rice & Cereal Dish,True,True,PK_RCP_006,Pulao Gosht (Rice with Beef),normalized_alias_match,READY,LEVEL_A,Pakistani Traditional Gastronomy Study (South Asian J Public Health 2024),Pages 5-6 (Table 2),"Matches PK_RCP_006 Pulao Gosht in FCT 2001 (Table 6, Appendix-6) which specifies beef and rice cooked in beef broth. Authoritative Level-A laboratory proximate data available."
22,Bhindi,okra,358,0.85,85%*,True,Traditional Dish,False,False,,,no_match,NEEDS_RECIPE_SOURCE,LEVEL_D,Pakistani Traditional Gastronomy Study (South Asian J Public Health 2024),Pages 5-6 (Table 2),"High cultural consumption frequency in Pakistani Gastronomy study, but paper lacks quantitative ingredient grams and laboratory proximate data. Needs authoritative recipe source in Phase 4B."
23,Bhindi Gosht,okra and meat curry,307,0.73,73%*,True,Meat & Vegetable Curry,False,False,,,no_match,NEEDS_RECIPE_SOURCE,LEVEL_D,Pakistani Traditional Gastronomy Study (South Asian J Public Health 2024),Pages 5-6 (Table 2),"High cultural consumption frequency in Pakistani Gastronomy study, but paper lacks quantitative ingredient grams and laboratory proximate data. Needs authoritative recipe source in Phase 4B."
24,Channa Pulao,chickpeas and rice,324,0.77,77%*,True,Rice & Cereal Dish,False,False,,,no_match,NEEDS_RECIPE_SOURCE,LEVEL_D,Pakistani Traditional Gastronomy Study (South Asian J Public Health 2024),Pages 5-6 (Table 2),"High cultural consumption frequency in Pakistani Gastronomy study, but paper lacks quantitative ingredient grams and laboratory proximate data. Needs authoritative recipe source in Phase 4B."
25,Chicken Biryani,chicken and rice,400,0.95,95%*,True,Rice & Cereal Dish,True,True,PK_RCP_013,Biryani (Rice with Chicken Meat),normalized_alias_match,READY,LEVEL_A,Pakistani Traditional Gastronomy Study (South Asian J Public Health 2024),Pages 5-6 (Table 2),"Matches PK_RCP_013 Biryani in FCT 2001 (Table 13, Appendix-13) which specifies chicken meat layered with rice. Authoritative Level-A laboratory proximate data available."
26,Chicken Pulao,chicken and rice cooked in chicken broth,328,0.78,78%*,True,Rice & Cereal Dish,False,False,,,no_match,NEEDS_RECIPE_SOURCE,LEVEL_D,Pakistani Traditional Gastronomy Study (South Asian J Public Health 2024),Pages 5-6 (Table 2),"High cultural consumption frequency in Pakistani Gastronomy study, but paper lacks quantitative ingredient grams and laboratory proximate data. Needs authoritative recipe source in Phase 4B."
27,Fish Biryani,fish and rice,67,0.16,16%,False,Rice & Cereal Dish,False,False,,,no_match,NEEDS_RECIPE_SOURCE,LEVEL_D,Pakistani Traditional Gastronomy Study (South Asian J Public Health 2024),Pages 5-6 (Table 2),"High cultural consumption frequency in Pakistani Gastronomy study, but paper lacks quantitative ingredient grams and laboratory proximate data. Needs authoritative recipe source in Phase 4B."
28,Ghiyya,bottle gourd,345,0.82,82%*,True,Vegetable Dish / Curry,False,False,,,no_match,NEEDS_RECIPE_SOURCE,LEVEL_D,Pakistani Traditional Gastronomy Study (South Asian J Public Health 2024),Pages 5-6 (Table 2),"High cultural consumption frequency in Pakistani Gastronomy study, but paper lacks quantitative ingredient grams and laboratory proximate data. Needs authoritative recipe source in Phase 4B."
29,Ghiyya Gosht,bottle gourd and mutton curry,312,0.74,74%*,True,Meat & Vegetable Curry,False,False,,,no_match,NEEDS_RECIPE_SOURCE,LEVEL_D,Pakistani Traditional Gastronomy Study (South Asian J Public Health 2024),Pages 5-6 (Table 2),"High cultural consumption frequency in Pakistani Gastronomy study, but paper lacks quantitative ingredient grams and laboratory proximate data. Needs authoritative recipe source in Phase 4B."
30,Gobhi,cauliflower,312,0.74,74%*,True,Vegetable Dish / Curry,False,False,,,no_match,NEEDS_RECIPE_SOURCE,LEVEL_D,Pakistani Traditional Gastronomy Study (South Asian J Public Health 2024),Pages 5-6 (Table 2),"High cultural consumption frequency in Pakistani Gastronomy study, but paper lacks quantitative ingredient grams and laboratory proximate data. Needs authoritative recipe source in Phase 4B."
31,Kachnar Gosht,meat and bauhinia variegate curry,189,0.45,45%,False,Meat & Vegetable Curry,False,False,,,no_match,NEEDS_RECIPE_SOURCE,LEVEL_D,Pakistani Traditional Gastronomy Study (South Asian J Public Health 2024),Pages 5-6 (Table 2),"High cultural consumption frequency in Pakistani Gastronomy study, but paper lacks quantitative ingredient grams and laboratory proximate data. Needs authoritative recipe source in Phase 4B."
32,Karelay,bitter gourd,324,0.77,77%*,True,Vegetable Dish / Curry,False,False,,,no_match,NEEDS_RECIPE_SOURCE,LEVEL_D,Pakistani Traditional Gastronomy Study (South Asian J Public Health 2024),Pages 5-6 (Table 2),"High cultural consumption frequency in Pakistani Gastronomy study, but paper lacks quantitative ingredient grams and laboratory proximate data. Needs authoritative recipe source in Phase 4B."
33,Karelay Gosht,bitter gourd and meat curry,299,0.71,71%*,True,Meat & Vegetable Curry,False,False,,,no_match,NEEDS_RECIPE_SOURCE,LEVEL_D,Pakistani Traditional Gastronomy Study (South Asian J Public Health 2024),Pages 5-6 (Table 2),"High cultural consumption frequency in Pakistani Gastronomy study, but paper lacks quantitative ingredient grams and laboratory proximate data. Needs authoritative recipe source in Phase 4B."
34,Karelay Qeema,bitter gourd and minced meat,240,0.57,57%,False,Meat & Vegetable Curry,False,False,,,no_match,NEEDS_RECIPE_SOURCE,LEVEL_D,Pakistani Traditional Gastronomy Study (South Asian J Public Health 2024),Pages 5-6 (Table 2),"High cultural consumption frequency in Pakistani Gastronomy study, but paper lacks quantitative ingredient grams and laboratory proximate data. Needs authoritative recipe source in Phase 4B."
35,Kichdi,lentils and rice cooked together,244,0.58,58%,False,Rice & Cereal Dish,False,False,,,no_match,NEEDS_RECIPE_SOURCE,LEVEL_D,Pakistani Traditional Gastronomy Study (South Asian J Public Health 2024),Pages 5-6 (Table 2),"High cultural consumption frequency in Pakistani Gastronomy study, but paper lacks quantitative ingredient grams and laboratory proximate data. Needs authoritative recipe source in Phase 4B."
36,Kulfa Gosht,meat and purslane curry,131,0.31,31%,False,Meat & Vegetable Curry,False,False,,,no_match,NEEDS_RECIPE_SOURCE,LEVEL_D,Pakistani Traditional Gastronomy Study (South Asian J Public Health 2024),Pages 5-6 (Table 2),"High cultural consumption frequency in Pakistani Gastronomy study, but paper lacks quantitative ingredient grams and laboratory proximate data. Needs authoritative recipe source in Phase 4B."
37,Kulfa Qeema,purslane and minced meat,105,0.25,25%,False,Meat & Vegetable Curry,False,False,,,no_match,NEEDS_RECIPE_SOURCE,LEVEL_D,Pakistani Traditional Gastronomy Study (South Asian J Public Health 2024),Pages 5-6 (Table 2),"High cultural consumption frequency in Pakistani Gastronomy study, but paper lacks quantitative ingredient grams and laboratory proximate data. Needs authoritative recipe source in Phase 4B."
38,Lauki Shaljam,bottle gourd and turnip curry,67,0.16,16%,False,Traditional Dish,False,False,,,no_match,NEEDS_RECIPE_SOURCE,LEVEL_D,Pakistani Traditional Gastronomy Study (South Asian J Public Health 2024),Pages 5-6 (Table 2),"High cultural consumption frequency in Pakistani Gastronomy study, but paper lacks quantitative ingredient grams and laboratory proximate data. Needs authoritative recipe source in Phase 4B."
39,Makhanay,fox nuts,42,0.1,10%,False,Snack / Specialty Dish,False,False,,,no_match,NEEDS_RECIPE_SOURCE,LEVEL_D,Pakistani Traditional Gastronomy Study (South Asian J Public Health 2024),Pages 5-6 (Table 2),"High cultural consumption frequency in Pakistani Gastronomy study, but paper lacks quantitative ingredient grams and laboratory proximate data. Needs authoritative recipe source in Phase 4B."
40,Makhanay Gosht,fox nuts and meat curry,51,0.12,12%,False,Meat & Vegetable Curry,False,False,,,no_match,NEEDS_RECIPE_SOURCE,LEVEL_D,Pakistani Traditional Gastronomy Study (South Asian J Public Health 2024),Pages 5-6 (Table 2),"High cultural consumption frequency in Pakistani Gastronomy study, but paper lacks quantitative ingredient grams and laboratory proximate data. Needs authoritative recipe source in Phase 4B."
41,Mattar Pulao,peas and rice,349,0.83,83%*,True,Rice & Cereal Dish,False,False,,,no_match,NEEDS_RECIPE_SOURCE,LEVEL_D,Pakistani Traditional Gastronomy Study (South Asian J Public Health 2024),Pages 5-6 (Table 2),"High cultural consumption frequency in Pakistani Gastronomy study, but paper lacks quantitative ingredient grams and laboratory proximate data. Needs authoritative recipe source in Phase 4B."
42,Mattar Qeema,peas and minced meat,248,0.59,59%,False,Meat & Vegetable Curry,False,False,,,no_match,NEEDS_RECIPE_SOURCE,LEVEL_D,Pakistani Traditional Gastronomy Study (South Asian J Public Health 2024),Pages 5-6 (Table 2),"High cultural consumption frequency in Pakistani Gastronomy study, but paper lacks quantitative ingredient grams and laboratory proximate data. Needs authoritative recipe source in Phase 4B."
43,Meethi Gosht,fenugreek and meat curry,240,0.57,57%,False,Meat & Vegetable Curry,False,False,,,no_match,NEEDS_RECIPE_SOURCE,LEVEL_D,Pakistani Traditional Gastronomy Study (South Asian J Public Health 2024),Pages 5-6 (Table 2),"High cultural consumption frequency in Pakistani Gastronomy study, but paper lacks quantitative ingredient grams and laboratory proximate data. Needs authoritative recipe source in Phase 4B."
44,Mixed Sabzi,"mixed vegetables comprising  of potatoes, carrots, peas, cauliflower and fenu- greek",337,0.8,80%*,True,Vegetable Dish / Curry,False,False,,,no_match,NEEDS_RECIPE_SOURCE,LEVEL_D,Pakistani Traditional Gastronomy Study (South Asian J Public Health 2024),Pages 5-6 (Table 2),"High cultural consumption frequency in Pakistani Gastronomy study, but paper lacks quantitative ingredient grams and laboratory proximate data. Needs authoritative recipe source in Phase 4B."
45,Mixed Sabzi Pulao,"potatoes, carrots and peas in rice",320,0.76,76%*,True,Rice & Cereal Dish,False,False,,,no_match,NEEDS_RECIPE_SOURCE,LEVEL_D,Pakistani Traditional Gastronomy Study (South Asian J Public Health 2024),Pages 5-6 (Table 2),"High cultural consumption frequency in Pakistani Gastronomy study, but paper lacks quantitative ingredient grams and laboratory proximate data. Needs authoritative recipe source in Phase 4B."
46,Mooli,radish,206,0.49,49%,False,Vegetable Dish / Curry,False,False,,,no_match,NEEDS_RECIPE_SOURCE,LEVEL_D,Pakistani Traditional Gastronomy Study (South Asian J Public Health 2024),Pages 5-6 (Table 2),"High cultural consumption frequency in Pakistani Gastronomy study, but paper lacks quantitative ingredient grams and laboratory proximate data. Needs authoritative recipe source in Phase 4B."
47,Moongray,radish pods,126,0.3,30%,False,Vegetable Dish / Curry,False,False,,,no_match,NEEDS_RECIPE_SOURCE,LEVEL_D,Pakistani Traditional Gastronomy Study (South Asian J Public Health 2024),Pages 5-6 (Table 2),"High cultural consumption frequency in Pakistani Gastronomy study, but paper lacks quantitative ingredient grams and laboratory proximate data. Needs authoritative recipe source in Phase 4B."
48,Mongray Aloo Mattar,"radish pods, potato and pea curry",202,0.48,48%,False,Vegetable Dish / Curry,False,False,,,no_match,NEEDS_RECIPE_SOURCE,LEVEL_D,Pakistani Traditional Gastronomy Study (South Asian J Public Health 2024),Pages 5-6 (Table 2),"High cultural consumption frequency in Pakistani Gastronomy study, but paper lacks quantitative ingredient grams and laboratory proximate data. Needs authoritative recipe source in Phase 4B."
49,Moongray Gosht,radish pods and mutton curry,248,0.59,59%,False,Meat & Vegetable Curry,False,False,,,no_match,NEEDS_RECIPE_SOURCE,LEVEL_D,Pakistani Traditional Gastronomy Study (South Asian J Public Health 2024),Pages 5-6 (Table 2),"High cultural consumption frequency in Pakistani Gastronomy study, but paper lacks quantitative ingredient grams and laboratory proximate data. Needs authoritative recipe source in Phase 4B."
50,Mutton Biryani,mutton and rice,160,0.38,38%,False,Rice & Cereal Dish,False,False,,,no_match,NEEDS_RECIPE_SOURCE,LEVEL_D,Pakistani Traditional Gastronomy Study (South Asian J Public Health 2024),Pages 5-6 (Table 2),"High cultural consumption frequency in Pakistani Gastronomy study, but paper lacks quantitative ingredient grams and laboratory proximate data. Needs authoritative recipe source in Phase 4B."
51,Mutton Pulao,mutton and rice cooked in mut- ton broth,189,0.45,45%,False,Rice & Cereal Dish,False,False,,,no_match,NEEDS_RECIPE_SOURCE,LEVEL_D,Pakistani Traditional Gastronomy Study (South Asian J Public Health 2024),Pages 5-6 (Table 2),"High cultural consumption frequency in Pakistani Gastronomy study, but paper lacks quantitative ingredient grams and laboratory proximate data. Needs authoritative recipe source in Phase 4B."
52,Palaak Paneer,spinach and cottage cheese curry,88,0.21,21%,False,Traditional Dish,False,False,,,no_match,NEEDS_RECIPE_SOURCE,LEVEL_D,Pakistani Traditional Gastronomy Study (South Asian J Public Health 2024),Pages 5-6 (Table 2),"High cultural consumption frequency in Pakistani Gastronomy study, but paper lacks quantitative ingredient grams and laboratory proximate data. Needs authoritative recipe source in Phase 4B."
53,Palak Gosht,spinach and meat curry,282,0.67,67%*,True,Meat & Vegetable Curry,False,False,,,no_match,NEEDS_RECIPE_SOURCE,LEVEL_D,Pakistani Traditional Gastronomy Study (South Asian J Public Health 2024),Pages 5-6 (Table 2),"High cultural consumption frequency in Pakistani Gastronomy study, but paper lacks quantitative ingredient grams and laboratory proximate data. Needs authoritative recipe source in Phase 4B."
54,Saag Gosht,mustard leaves and meat curry,274,0.65,65%*,True,Meat & Vegetable Curry,False,False,,,no_match,NEEDS_RECIPE_SOURCE,LEVEL_D,Pakistani Traditional Gastronomy Study (South Asian J Public Health 2024),Pages 5-6 (Table 2),"High cultural consumption frequency in Pakistani Gastronomy study, but paper lacks quantitative ingredient grams and laboratory proximate data. Needs authoritative recipe source in Phase 4B."
55,Saag Makhni,mustard leaves and butter,299,0.71,71%*,True,Vegetable Dish / Curry,False,False,PK_RCP_CUL_002,Sarson Ka Saag,possible_match_needs_review,REFERENCE_ONLY,LEVEL_D,Pakistani Traditional Gastronomy Study (South Asian J Public Health 2024),Pages 5-6 (Table 2),"Culturally related to PK_RCP_CUL_002 Sarson Ka Saag, but neither FCT nor paper provides quantitative formulation. Retained as reference only."
56,Shaljam Gosht,turnip and meat curry,253,0.6,60%*,True,Meat & Vegetable Curry,False,False,,,no_match,NEEDS_RECIPE_SOURCE,LEVEL_D,Pakistani Traditional Gastronomy Study (South Asian J Public Health 2024),Pages 5-6 (Table 2),"High cultural consumption frequency in Pakistani Gastronomy study, but paper lacks quantitative ingredient grams and laboratory proximate data. Needs authoritative recipe source in Phase 4B."
57,Shimla Mirch Qeema,capsicum and minced meat,236,0.56,56%,False,Meat & Vegetable Curry,False,False,,,no_match,NEEDS_RECIPE_SOURCE,LEVEL_D,Pakistani Traditional Gastronomy Study (South Asian J Public Health 2024),Pages 5-6 (Table 2),"High cultural consumption frequency in Pakistani Gastronomy study, but paper lacks quantitative ingredient grams and laboratory proximate data. Needs authoritative recipe source in Phase 4B."
58,Tarke Wale Chawwal,tempered rice,392,0.93,93%*,True,Rice & Cereal Dish,False,False,,,no_match,NEEDS_RECIPE_SOURCE,LEVEL_D,Pakistani Traditional Gastronomy Study (South Asian J Public Health 2024),Pages 5-6 (Table 2),"High cultural consumption frequency in Pakistani Gastronomy study, but paper lacks quantitative ingredient grams and laboratory proximate data. Needs authoritative recipe source in Phase 4B."
59,Tinday,apple gourd,307,0.73,73%*,True,Vegetable Dish / Curry,False,False,,,no_match,NEEDS_RECIPE_SOURCE,LEVEL_D,Pakistani Traditional Gastronomy Study (South Asian J Public Health 2024),Pages 5-6 (Table 2),"High cultural consumption frequency in Pakistani Gastronomy study, but paper lacks quantitative ingredient grams and laboratory proximate data. Needs authoritative recipe source in Phase 4B."
60,Tinday Gosht,apple gourd and meat curry,286,0.68,68%*,True,Meat & Vegetable Curry,False,False,,,no_match,NEEDS_RECIPE_SOURCE,LEVEL_D,Pakistani Traditional Gastronomy Study (South Asian J Public Health 2024),Pages 5-6 (Table 2),"High cultural consumption frequency in Pakistani Gastronomy study, but paper lacks quantitative ingredient grams and laboratory proximate data. Needs authoritative recipe source in Phase 4B."
61,Tori,ridge gourd,295,0.7,70%*,True,Vegetable Dish / Curry,False,False,,,no_match,NEEDS_RECIPE_SOURCE,LEVEL_D,Pakistani Traditional Gastronomy Study (South Asian J Public Health 2024),Pages 5-6 (Table 2),"High cultural consumption frequency in Pakistani Gastronomy study, but paper lacks quantitative ingredient grams and laboratory proximate data. Needs authoritative recipe source in Phase 4B."
62,Tori Gosht,ridge gourd and meat curry,227,0.54,54%,False,Meat & Vegetable Curry,False,False,,,no_match,NEEDS_RECIPE_SOURCE,LEVEL_D,Pakistani Traditional Gastronomy Study (South Asian J Public Health 2024),Pages 5-6 (Table 2),"High cultural consumption frequency in Pakistani Gastronomy study, but paper lacks quantitative ingredient grams and laboratory proximate data. Needs authoritative recipe source in Phase 4B."
