recipe_id,recipe_name,nutrition_basis,nutrition_method,nutrition_authority_level,meal_planning_eligible,energy_kcal_per_100g,moisture_g_per_100g,protein_g_per_100g,fat_g_per_100g,carb_g_per_100g,fiber_g_per_100g,ash_g_per_100g,calcium_mg_per_100g,phosphorus_mg_per_100g,iron_mg_per_100g,zinc_mg_per_100g,iodine_ppm,thiamin_mg_per_100g,riboflavin_mg_per_100g,niacin_mg_per_100g,vit_c_mg_per_100g,beta_carotene_mcg_per_100g,vitamin_a_re_per_100g,cholesterol_mg_per_100g,serving_size_g,servings_per_recipe,energy_kcal_per_serving,protein_g_per_serving,fat_g_per_serving,carb_g_per_serving,fiber_g_per_serving,calcium_mg_per_serving,iron_mg_per_serving,vit_c_mg_per_serving,source_document,pdf_page,printed_page,source_table,review_status
PK_RCP_001,Chapati,per_100g_cooked,laboratory_tested_fct,LEVEL_A,True,282.0,31.0,9.7,2.0,54.7,1.0,1.6,0.5,,0.2,,,,,,0.9,,,,,,,,,,,,,,Food Composition Table for Pakistan (Revised 2001),54,48,FCT Traditional Foods Table (Dish 1),auto_verified
PK_RCP_002,Daal Masur Curry,per_100g_cooked,laboratory_tested_fct,LEVEL_A,True,96.0,75.1,5.2,2.5,12.6,1.0,1.2,0.8,,1.1,,,,,,3.0,,,,,,,,,,,,,,Food Composition Table for Pakistan (Revised 2001),55,49,FCT Traditional Foods Table (Dish 2),auto_verified
PK_RCP_003,Alu Gosht,per_100g_cooked,laboratory_tested_fct,LEVEL_A,True,120.0,73.0,7.0,4.0,13.0,2.0,1.0,1.1,,0.5,,,,,,1.4,,,,,,,,,,,,,,Food Composition Table for Pakistan (Revised 2001),55,49,FCT Traditional Foods Table (Dish 3),auto_verified
PK_RCP_004,Kalool,per_100g_cooked,laboratory_tested_fct,LEVEL_A,True,162.0,58.0,11.7,1.5,24.3,2.5,2.0,1.0,,0.8,,,,,,2.1,,,,,,,,,,,,,,Food Composition Table for Pakistan (Revised 2001),55,49,FCT Traditional Foods Table (Dish 4),auto_verified
PK_RCP_005,Kofta Curry,per_100g_cooked,laboratory_tested_fct,LEVEL_A,True,152.0,65.0,13.5,4.0,14.5,0.0,3.0,1.1,,1.0,,,,,,0.3,,,,,,,,,,,,,,Food Composition Table for Pakistan (Revised 2001),55,49,FCT Traditional Foods Table (Dish 5),auto_verified
PK_RCP_006,Pulao Gosht,per_100g_cooked,laboratory_tested_fct,LEVEL_A,True,179.0,62.0,11.0,6.0,18.9,1.1,1.0,1.0,,0.3,,,,,,0.0,,,,,,,,,,,,,,Food Composition Table for Pakistan (Revised 2001),56,50,FCT Traditional Foods Table (Dish 6),auto_verified
PK_RCP_007,Shami Kabab,per_100g_cooked,laboratory_tested_fct,LEVEL_A,True,137.0,68.0,10.2,3.0,16.3,0.0,2.5,1.0,,0.9,,,,,,0.4,,,,,,,,,,,,,,Food Composition Table for Pakistan (Revised 2001),56,50,FCT Traditional Foods Table (Dish 7),auto_verified
PK_RCP_008,Chapal Kabab,per_100g_cooked,laboratory_tested_fct,LEVEL_A,True,134.0,74.0,5.0,6.5,12.8,1.5,1.3,0.3,,1.5,,,,,,0.2,,,,,,,,,,,,,,Food Composition Table for Pakistan (Revised 2001),56,50,FCT Traditional Foods Table (Dish 8),auto_verified
PK_RCP_009,Chicken Curry,per_100g_cooked,laboratory_tested_fct,LEVEL_A,True,167.0,68.0,9.8,8.5,11.7,0.0,1.0,3.0,,0.5,,,,,,0.0,,,,,,,,,,,,,,Food Composition Table for Pakistan (Revised 2001),56,50,FCT Traditional Foods Table (Dish 9),auto_verified
PK_RCP_010,Haleem,per_100g_cooked,laboratory_tested_fct,LEVEL_A,True,156.0,62.4,10.2,2.0,23.2,1.0,1.0,31.0,,1.2,,,,,,8.6,,,,,,,,,,,,,,Food Composition Table for Pakistan (Revised 2001),57,51,FCT Traditional Foods Table (Dish 10),auto_verified
PK_RCP_011,Machli,per_100g_cooked,laboratory_tested_fct,LEVEL_A,True,237.0,58.0,23.7,14.2,1.8,0.3,1.1,42.0,,1.5,,,,,,0.2,,,,,,,,,,,,,,Food Composition Table for Pakistan (Revised 2001),57,51,FCT Traditional Foods Table (Dish 11),auto_verified
PK_RCP_012,Sajji,per_100g_cooked,laboratory_tested_fct,LEVEL_A,True,157.0,60.5,17.2,6.6,1.5,0.0,1.2,15.0,,1.8,,,,,,0.0,,,,,,,,,,,,,,Food Composition Table for Pakistan (Revised 2001),57,51,FCT Traditional Foods Table (Dish 12),auto_verified
PK_RCP_013,Biryani,per_100g_cooked,laboratory_tested_fct,LEVEL_A,True,197.0,57.6,9.1,6.7,23.8,0.8,1.2,52.0,,0.9,,,,,,3.6,,,,,,,,,,,,,,Food Composition Table for Pakistan (Revised 2001),57,51,FCT Traditional Foods Table (Dish 13),auto_verified
PK_RCP_014,Halwa Suji,per_100g_cooked,laboratory_tested_fct,LEVEL_A,True,337.0,21.0,2.9,12.0,52.1,12.0,0.2,0.7,,0.1,,,,,,0.0,,,,,,,,,,,,,,Food Composition Table for Pakistan (Revised 2001),58,52,FCT Traditional Foods Table (Dish 14),auto_verified
PK_RCP_015,Zarda,per_100g_cooked,laboratory_tested_fct,LEVEL_A,True,246.0,43.0,4.5,4.0,46.5,0.5,1.5,0.4,,0.5,,,,,,0.3,,,,,,,,,,,,,,Food Composition Table for Pakistan (Revised 2001),58,52,FCT Traditional Foods Table (Dish 15),auto_verified
PK_RCP_016,Kheer,per_100g_cooked,laboratory_tested_fct,LEVEL_A,True,125.0,72.2,3.6,2.7,18.2,0.2,1.1,137.0,,0.2,,,,,,1.7,,,,,,,,,,,,,,Food Composition Table for Pakistan (Revised 2001),58,52,FCT Traditional Foods Table (Dish 16),auto_verified
PK_RCP_017,Halwa Gajar,per_100g_cooked,laboratory_tested_fct,LEVEL_A,True,410.0,22.6,5.1,24.2,42.0,2.1,1.8,150.0,,1.1,,,,,,2.0,,,,,,,,,,,,,,Food Composition Table for Pakistan (Revised 2001),58,52,FCT Traditional Foods Table (Dish 17),auto_verified
