canonical_dish_id,canonical_name_en,canonical_name_local,aliases,category,meal_roles,variant_family_id,has_lab_nutrition,has_complete_recipe,has_multiple_lab_observations,nutrition_planner_eligible,recipe_instruction_eligible,preparation_instruction_available,formulation_source_available,all_ingredients_quantified_in_grams,formulation_authority,ingredient_count_total,ingredient_count_with_explicit_quantity,ingredient_count_with_quantity_g,ingredient_count_household_measure_only,ingredient_count_unquantified,dietary_class,allergen_assessment_complete,known_contains_dairy,known_contains_egg,known_contains_fish,known_contains_meat,known_contains_wheat,known_contains_nuts,planner_readiness,notes
PK_DISH_001,Chapati,Gandum ki Roti,Roti|Phulka|Flatbread,Cereal Staple,"staple,breakfast,lunch,dinner",,True,True,False,True,True,True,True,True,QUANTITATIVE_GRAM_FORMULATION,2.0,2.0,2.0,0.0,0.0,plant_based,True,False,False,False,False,True,False,READY_RECIPE_AND_NUTRITION,Canonical Pakistani composite dish Chapati. Supported by 1 independent laboratory observation(s).
PK_DISH_002,Daal Masoor,Masoor Daal Salan,Red Lentil Curry|Masoor Dal,Pulse/Legume Curry,"lunch,dinner",,True,True,False,True,True,True,True,False,COMPLETE_SOURCE_FORMULATION,5.0,4.0,2.0,2.0,1.0,plant_based,True,False,False,False,False,False,False,READY_RECIPE_AND_NUTRITION,Canonical Pakistani composite dish Daal Masoor. Supported by 1 independent laboratory observation(s).
PK_DISH_003,Alu Gosht,Aloo Gosht,Potato Meat Curry|Aloo Meat,Meat & Vegetable Curry,"lunch,dinner",,True,True,True,True,True,True,True,False,COMPLETE_SOURCE_FORMULATION,6.0,5.0,3.0,2.0,1.0,contains_meat,True,False,False,False,True,False,False,READY_RECIPE_AND_NUTRITION,Canonical Pakistani composite dish Alu Gosht. Supported by 2 independent laboratory observation(s).
PK_DISH_004,Kalool / Lobia,Kalool / Lobia Curry,Red Kidney Bean Curry|Rajma Curry,Pulse/Legume Curry,"lunch,dinner",,True,True,True,True,True,True,True,False,COMPLETE_SOURCE_FORMULATION,3.0,2.0,2.0,0.0,1.0,plant_based,True,False,False,False,False,False,False,READY_RECIPE_AND_NUTRITION,Canonical Pakistani composite dish Kalool / Lobia. Supported by 2 independent laboratory observation(s).
PK_DISH_005,Kofta Curry,Koftay ka Salan,Meat Balls Curry|Beef Kofta,Meat Curry,"lunch,dinner",,True,True,True,True,True,True,True,True,QUANTITATIVE_GRAM_FORMULATION,3.0,3.0,3.0,0.0,0.0,contains_meat,True,False,False,False,True,False,False,READY_RECIPE_AND_NUTRITION,Canonical Pakistani composite dish Kofta Curry. Supported by 2 independent laboratory observation(s).
PK_DISH_006,Pulao Gosht / Beef Pulao,Pulao Gosht,Beef Pulao|Yakhni Pulao,Rice Composite Dish,"lunch,dinner",,True,True,True,True,True,True,True,True,QUANTITATIVE_GRAM_FORMULATION,3.0,3.0,3.0,0.0,0.0,contains_meat,True,False,False,False,True,False,False,READY_RECIPE_AND_NUTRITION,Canonical Pakistani composite dish Pulao Gosht / Beef Pulao. Supported by 2 independent laboratory observation(s).
PK_DISH_007,Shami Kabab,Shami Kabab,Beef and Lentil Patty|Shami Patties,Meat Patties / Kabab,"lunch,dinner,snack",,True,True,False,True,True,True,True,False,COMPLETE_SOURCE_FORMULATION,4.0,4.0,3.0,1.0,0.0,contains_meat,True,False,True,False,True,False,False,READY_RECIPE_AND_NUTRITION,Canonical Pakistani composite dish Shami Kabab. Supported by 1 independent laboratory observation(s).
PK_DISH_008,Chapli Kabab,Chapli Kabab / Chapal Kabab,Peshawari Chapli Kabab|Minced Beef Patty,Meat Patties / Kabab,"lunch,dinner,snack",,True,True,True,True,True,True,True,False,COMPLETE_SOURCE_FORMULATION,4.0,3.0,3.0,0.0,1.0,contains_meat,True,False,False,False,True,False,False,READY_RECIPE_AND_NUTRITION,Canonical Pakistani composite dish Chapli Kabab. Supported by 2 independent laboratory observation(s).
PK_DISH_009,Chicken Curry,Murgh Salan,Tari Wali Chicken|Chicken Gravy,Poultry Dish,"lunch,dinner",,True,True,False,True,True,True,True,False,COMPLETE_SOURCE_FORMULATION,3.0,3.0,2.0,1.0,0.0,contains_meat,True,False,False,False,True,False,False,READY_RECIPE_AND_NUTRITION,Canonical Pakistani composite dish Chicken Curry. Supported by 1 independent laboratory observation(s).
PK_DISH_010,Haleem,Haleem,Shahi Haleem|Meat Wheat Porridge,Meat & Cereal Dish,"lunch,dinner",,True,True,True,True,True,True,True,True,QUANTITATIVE_GRAM_FORMULATION,7.0,7.0,7.0,0.0,0.0,contains_meat,True,False,False,False,True,True,False,READY_RECIPE_AND_NUTRITION,Canonical Pakistani composite dish Haleem. Supported by 2 independent laboratory observation(s).
PK_DISH_011,Machli (Battered Fried Fish),Tali Hui Machli (Besan),Lahori Fried Fish|Besan Fried Fish,Fish Preparation,"lunch,dinner",PK_VARFAM_FISH_001,True,True,False,True,True,True,True,True,QUANTITATIVE_GRAM_FORMULATION,9.0,9.0,9.0,0.0,0.0,contains_fish,True,False,False,True,False,False,False,READY_RECIPE_AND_NUTRITION,Canonical Pakistani composite dish Machli (Battered Fried Fish). Supported by 1 independent laboratory observation(s).
PK_DISH_012,Sajji,Balochi Sajji,Roasted Whole Chicken/Mutton|Sajji Meat,Poultry Dish,"lunch,dinner",,True,True,False,True,True,True,True,True,QUANTITATIVE_GRAM_FORMULATION,3.0,3.0,3.0,0.0,0.0,contains_meat,True,False,False,False,True,False,False,READY_RECIPE_AND_NUTRITION,Canonical Pakistani composite dish Sajji. Supported by 1 independent laboratory observation(s).
PK_DISH_013,Chicken Biryani,Chicken Biryani,Biryani|Dum Biryani,Rice Composite Dish,"lunch,dinner",,True,True,True,True,True,True,True,True,QUANTITATIVE_GRAM_FORMULATION,13.0,13.0,13.0,0.0,0.0,contains_meat,True,True,False,False,True,False,False,READY_RECIPE_AND_NUTRITION,Canonical Pakistani composite dish Chicken Biryani. Supported by 2 independent laboratory observation(s).
PK_DISH_014,Halwa Suji,Suji ka Halwa,Semolina Halwa|Meetha Halwa,Dessert / Halwa,"dessert,breakfast",,True,True,False,True,True,True,True,True,QUANTITATIVE_GRAM_FORMULATION,5.0,5.0,5.0,0.0,0.0,plant_based,True,False,False,False,False,True,False,READY_RECIPE_AND_NUTRITION,Canonical Pakistani composite dish Halwa Suji. Supported by 1 independent laboratory observation(s).
PK_DISH_015,Zarda,Meethe Chawal,Sweet Yellow Rice|Zarda Pulao,Dessert / Sweet Rice,dessert,,True,True,False,True,True,True,True,True,QUANTITATIVE_GRAM_FORMULATION,7.0,7.0,7.0,0.0,0.0,plant_based,True,False,False,False,False,False,True,READY_RECIPE_AND_NUTRITION,Canonical Pakistani composite dish Zarda. Supported by 1 independent laboratory observation(s).
PK_DISH_016,Kheer,Chawal ki Kheer,Rice Pudding|Firni,Dessert / Pudding,dessert,,True,True,False,True,True,True,True,True,QUANTITATIVE_GRAM_FORMULATION,3.0,3.0,3.0,0.0,0.0,lacto_vegetarian_candidate,True,True,False,False,False,False,True,READY_RECIPE_AND_NUTRITION,Canonical Pakistani composite dish Kheer. Supported by 1 independent laboratory observation(s).
PK_DISH_017,Halwa Gajar,Gajar ka Halwa,Carrot Halwa|Gajrela,Dessert / Halwa,dessert,,True,True,False,True,True,True,True,True,QUANTITATIVE_GRAM_FORMULATION,4.0,4.0,4.0,0.0,0.0,plant_based,True,False,False,False,False,False,True,READY_RECIPE_AND_NUTRITION,Canonical Pakistani composite dish Halwa Gajar. Supported by 1 independent laboratory observation(s).
PK_DISH_018,Beef Korma,Gosht Korma,Qorma|Shahi Korma,Meat Curry,"lunch,dinner",,True,False,False,True,False,False,False,False,MAJOR_INGREDIENTS_ONLY,,,,,,contains_meat,False,,,False,True,,,READY_NUTRITION_ONLY,Canonical Pakistani composite dish Beef Korma. Supported by 1 independent laboratory observation(s).
PK_DISH_019,Chicken Karahi,Chicken Karahi,Murgh Karahi|Shinwari Karahi,Poultry Dish,"lunch,dinner",PK_VARFAM_KARAHI_001,True,False,False,True,False,False,False,False,MAJOR_INGREDIENTS_ONLY,,,,,,contains_meat,False,,,False,True,,,READY_NUTRITION_ONLY,Canonical Pakistani composite dish Chicken Karahi. Supported by 1 independent laboratory observation(s).
PK_DISH_020,Mutton Karahi,Mutton Karahi,Gosht Karahi|Namak Mandi Karahi,Meat Dish,"lunch,dinner",PK_VARFAM_KARAHI_001,True,False,False,True,False,False,False,False,MAJOR_INGREDIENTS_ONLY,,,,,,contains_meat,False,,,False,True,,,READY_NUTRITION_ONLY,Canonical Pakistani composite dish Mutton Karahi. Supported by 1 independent laboratory observation(s).
PK_DISH_021,Beef Nihari,Nihari Gosht,Nihari|Shank Stew,Meat Stew,"breakfast,lunch,dinner",,True,False,False,True,False,False,False,False,MAJOR_INGREDIENTS_ONLY,,,,,,contains_meat,False,,,False,True,True,,READY_NUTRITION_ONLY,Canonical Pakistani composite dish Beef Nihari. Supported by 1 independent laboratory observation(s).
PK_DISH_022,Baingan,Baingan Bharta / Salan,Brinjal Curry|Eggplant Bharta,Vegetable Curry / Bhujia,"lunch,dinner",,True,False,False,True,False,False,False,False,MAJOR_INGREDIENTS_ONLY,,,,,,plant_based,False,,,False,False,,,READY_NUTRITION_ONLY,Canonical Pakistani composite dish Baingan. Supported by 1 independent laboratory observation(s).
PK_DISH_023,Bhindi,Bhindi Masala,Okra Curry|Bhindi Fry,Vegetable Curry / Bhujia,"lunch,dinner",,True,False,False,True,False,False,False,False,MAJOR_INGREDIENTS_ONLY,,,,,,plant_based,False,,,False,False,,,READY_NUTRITION_ONLY,Canonical Pakistani composite dish Bhindi. Supported by 1 independent laboratory observation(s).
PK_DISH_024,Fish (Marinated Pan-Fried),Machli Masala,Marinated Fried Fish|Pan Fried Fish,Fish Preparation,"lunch,dinner",PK_VARFAM_FISH_001,True,False,False,True,False,False,False,False,MAJOR_INGREDIENTS_ONLY,,,,,,contains_fish,False,,,True,False,,,READY_NUTRITION_ONLY,Canonical Pakistani composite dish Fish (Marinated Pan-Fried). Supported by 1 independent laboratory observation(s).
PK_DISH_025,Channa Daal,Chana Daal Fry,Split Bengal Gram Curry|Dal Chana,Pulse/Legume Curry,"lunch,dinner",,True,False,False,True,False,False,False,False,MAJOR_INGREDIENTS_ONLY,,,,,,plant_based,False,,,False,False,,,READY_NUTRITION_ONLY,Canonical Pakistani composite dish Channa Daal. Supported by 1 independent laboratory observation(s).
PK_DISH_026,Choley,Chana Masala,White Chickpea Curry|Lahori Chana,Pulse/Legume Curry,"breakfast,lunch,dinner",,True,False,False,True,False,False,False,False,MAJOR_INGREDIENTS_ONLY,,,,,,plant_based,False,,,False,False,,,READY_NUTRITION_ONLY,Canonical Pakistani composite dish Choley. Supported by 1 independent laboratory observation(s).
PK_DISH_027,Daal Kadu,Dal Lauki,Chickpea Lentil with Bottle Gourd|Lauki Chana,Vegetable & Pulse Dish,"lunch,dinner",,True,False,False,True,False,False,False,False,MAJOR_INGREDIENTS_ONLY,,,,,,plant_based,False,,,False,False,,,READY_NUTRITION_ONLY,Canonical Pakistani composite dish Daal Kadu. Supported by 1 independent laboratory observation(s).
PK_DISH_028,Daal Mash,Mash ki Daal,White Urad Lentil Curry|Dal Maash,Pulse/Legume Curry,"lunch,dinner",,True,False,False,True,False,False,False,False,MAJOR_INGREDIENTS_ONLY,,,,,,plant_based,False,,,False,False,,,READY_NUTRITION_ONLY,Canonical Pakistani composite dish Daal Mash. Supported by 1 independent laboratory observation(s).
PK_DISH_029,Mix Moong-Masoor Daal (Peeti),Peeti Daal,Mixed Lentil Curry|Moong Masoor Dal,Pulse/Legume Curry,"lunch,dinner",,True,False,False,True,False,False,False,False,MAJOR_INGREDIENTS_ONLY,,,,,,plant_based,False,,,False,False,,,READY_NUTRITION_ONLY,Canonical Pakistani composite dish Mix Moong-Masoor Daal (Peeti). Supported by 1 independent laboratory observation(s).
PK_DISH_030,Arvi Qeema,Kachalo Qeema,Colocasia with Minced Beef|Taro Minced Meat,Meat & Vegetable Curry,"lunch,dinner",,True,False,False,True,False,False,False,False,MAJOR_INGREDIENTS_ONLY,,,,,,contains_meat,False,,,False,True,,,READY_NUTRITION_ONLY,Canonical Pakistani composite dish Arvi Qeema. Supported by 1 independent laboratory observation(s).
PK_DISH_031,Kaleji,Tawa Kaleji,Spiced Mutton/Beef Liver|Liver Fry,Organ Meat Dish,"breakfast,lunch,dinner",,True,False,False,True,False,False,False,False,MAJOR_INGREDIENTS_ONLY,,,,,,contains_meat,False,,,False,True,,,READY_NUTRITION_ONLY,Canonical Pakistani composite dish Kaleji. Supported by 1 independent laboratory observation(s).
PK_DISH_032,Karelay Qeema,Karella Qeema,Bitter Gourd with Minced Beef|Stuffed Karela,Meat & Vegetable Curry,"lunch,dinner",,True,False,False,True,False,False,False,False,MAJOR_INGREDIENTS_ONLY,,,,,,contains_meat,False,,,False,True,,,READY_NUTRITION_ONLY,Canonical Pakistani composite dish Karelay Qeema. Supported by 1 independent laboratory observation(s).
PK_DISH_033,Kadhi Pakora,Kadhi Pakora,Curd Curry with Gram Flour Fritters|Punjabi Kadhi,Vegetable & Pulse Dish,"lunch,dinner",,True,False,False,True,False,False,False,False,MAJOR_INGREDIENTS_ONLY,,,,,,lacto_vegetarian_candidate,False,True,,False,False,,,READY_NUTRITION_ONLY,Canonical Pakistani composite dish Kadhi Pakora. Supported by 1 independent laboratory observation(s).
PK_DISH_034,Qeema Macaroni,Macroni Qeema,Minced Beef Pasta|Desi Macaroni,Pasta & Meat Dish,"lunch,dinner,snack",,True,False,False,True,False,False,False,False,MAJOR_INGREDIENTS_ONLY,,,,,,contains_meat,False,,,False,True,True,,READY_NUTRITION_ONLY,Canonical Pakistani composite dish Qeema Macaroni. Supported by 1 independent laboratory observation(s).
PK_DISH_035,Mixed Sabzi,Mix Sabzi,Seasonal Mixed Vegetable Curry|Mixed Vegetables,Vegetable Curry / Bhujia,"lunch,dinner",,True,False,False,True,False,False,False,False,MAJOR_INGREDIENTS_ONLY,,,,,,plant_based,False,,,False,False,,,READY_NUTRITION_ONLY,Canonical Pakistani composite dish Mixed Sabzi. Supported by 1 independent laboratory observation(s).
PK_DISH_036,Palak,Palak Bhujia,Spinach Curry|Saag Palak,Vegetable Curry / Bhujia,"lunch,dinner",,True,False,False,True,False,False,False,False,MAJOR_INGREDIENTS_ONLY,,,,,,plant_based,False,,,False,False,,,READY_NUTRITION_ONLY,Canonical Pakistani composite dish Palak. Supported by 1 independent laboratory observation(s).
PK_DISH_037,Shimla Mirch Qeema,Capsicum Qeema,Minced Beef with Bell Pepper|Shimla Mirch Keema,Meat & Vegetable Curry,"lunch,dinner",,True,False,False,True,False,False,False,False,MAJOR_INGREDIENTS_ONLY,,,,,,contains_meat,False,,,False,True,,,READY_NUTRITION_ONLY,Canonical Pakistani composite dish Shimla Mirch Qeema. Supported by 1 independent laboratory observation(s).
PK_DISH_038,Vegetable Rice,Mix Sabzi Chawal,Chinese Style Vegetable Rice|Sabzi Pulao,Rice Composite Dish,"lunch,dinner",,True,False,False,True,False,False,False,False,MAJOR_INGREDIENTS_ONLY,,,,,,plant_based,False,,,False,False,,,READY_NUTRITION_ONLY,Canonical Pakistani composite dish Vegetable Rice. Supported by 1 independent laboratory observation(s).
PK_DISH_039,Chawal (Tempered Rice),Tarka Rice,Tempered Cooked Rice|Tarke Wale Chawal,Cereal Staple,"staple,lunch,dinner",,True,False,False,True,False,False,False,False,MAJOR_INGREDIENTS_ONLY,,,,,,plant_based,False,,,False,False,False,False,READY_NUTRITION_ONLY,Canonical Pakistani composite dish Chawal (Tempered Rice). Supported by 1 independent laboratory observation(s).
PK_DISH_040,Tori,Tori Bhujia,Ridge Gourd Curry|Tori Fry,Vegetable Curry / Bhujia,"lunch,dinner",,True,False,False,True,False,False,False,False,MAJOR_INGREDIENTS_ONLY,,,,,,plant_based,False,,,False,False,,,READY_NUTRITION_ONLY,Canonical Pakistani composite dish Tori. Supported by 1 independent laboratory observation(s).
