canonical_dish_id,canonical_name_en,default_observation_id,alternate_observation_ids,observation_count,has_multiple_lab_observations,selection_reason,selection_policy_version,energy_min,energy_max,protein_min,protein_max,fat_min,fat_max,carb_min,carb_max,planner_energy_kcal_per_100g,planner_protein_g_per_100g,planner_fat_g_per_100g,planner_carb_g_per_100g,planner_fiber_g_per_100g
PK_DISH_001,Chapati,OBS_FCT_001,,1,False,Primary FCT laboratory chemical proximate analysis paired with complete source dish formulation.,1.0.0,282.0,282.0,9.7,9.7,2.0,2.0,54.7,54.7,282.0,9.7,2.0,54.7,1.0
PK_DISH_002,Daal Masoor,OBS_FCT_002,,1,False,Primary FCT laboratory chemical proximate analysis paired with complete source dish formulation.,1.0.0,96.0,96.0,5.2,5.2,2.5,2.5,12.6,12.6,96.0,5.2,2.5,12.6,1.0
PK_DISH_003,Alu Gosht,OBS_FCT_003,OBS_KHAN_001,2,True,FCT laboratory observation selected as planner default because the same source also provides a documented dish formulation. The independent Khan 2019 laboratory observation is retained unchanged as alternate evidence.,1.0.0,120.0,199.34,4.76,7.0,4.0,15.23,10.8,13.0,120.0,7.0,4.0,13.0,2.0
PK_DISH_004,Kalool / Lobia,OBS_FCT_004,OBS_KHAN_020,2,True,FCT laboratory observation selected as planner default because the same source also provides a documented dish formulation. The independent Khan 2019 laboratory observation is retained unchanged as alternate evidence.,1.0.0,162.0,171.49,3.67,11.7,1.5,11.6,13.11,24.3,162.0,11.7,1.5,24.3,2.5
PK_DISH_005,Kofta Curry,OBS_FCT_005,OBS_KHAN_019,2,True,FCT laboratory observation selected as planner default because the same source also provides a documented dish formulation. The independent Khan 2019 laboratory observation is retained unchanged as alternate evidence.,1.0.0,152.0,241.56,11.14,13.5,4.0,18.28,8.13,14.5,152.0,13.5,4.0,14.5,0.0
PK_DISH_006,Pulao Gosht / Beef Pulao,OBS_FCT_006,OBS_KHAN_027,2,True,FCT laboratory observation selected as planner default because the same source also provides a documented dish formulation. The independent Khan 2019 laboratory observation is retained unchanged as alternate evidence.,1.0.0,179.0,180.98,5.82,11.0,6.0,7.65,18.9,22.21,179.0,11.0,6.0,18.9,1.1
PK_DISH_007,Shami Kabab,OBS_FCT_007,,1,False,Primary FCT laboratory chemical proximate analysis paired with complete source dish formulation.,1.0.0,137.0,137.0,10.2,10.2,3.0,3.0,16.3,16.3,137.0,10.2,3.0,16.3,0.0
PK_DISH_008,Chapli Kabab,OBS_FCT_008,OBS_KHAN_006,2,True,FCT laboratory observation selected as planner default because the same source also provides a documented dish formulation. The independent Khan 2019 laboratory observation is retained unchanged as alternate evidence.,1.0.0,134.0,278.76,5.0,12.16,6.5,19.52,12.8,13.61,134.0,5.0,6.5,12.8,1.5
PK_DISH_009,Chicken Curry,OBS_FCT_009,,1,False,Primary FCT laboratory chemical proximate analysis paired with complete source dish formulation.,1.0.0,167.0,167.0,9.8,9.8,8.5,8.5,11.7,11.7,167.0,9.8,8.5,11.7,0.0
PK_DISH_010,Haleem,OBS_FCT_010,OBS_KHAN_014,2,True,FCT laboratory observation selected as planner default because the same source also provides a documented dish formulation. The independent Khan 2019 laboratory observation is retained unchanged as alternate evidence.,1.0.0,128.34,156.0,5.38,10.2,2.0,5.38,14.6,23.2,156.0,10.2,2.0,23.2,1.0
PK_DISH_011,Machli (Battered Fried Fish),OBS_FCT_011,,1,False,Primary FCT laboratory chemical proximate analysis paired with complete source dish formulation.,1.0.0,237.0,237.0,23.7,23.7,14.2,14.2,1.8,1.8,237.0,23.7,14.2,1.8,0.3
PK_DISH_012,Sajji,OBS_FCT_012,,1,False,Primary FCT laboratory chemical proximate analysis paired with complete source dish formulation.,1.0.0,157.0,157.0,17.2,17.2,6.6,6.6,1.5,1.5,157.0,17.2,6.6,1.5,0.0
PK_DISH_013,Chicken Biryani,OBS_FCT_013,OBS_KHAN_007,2,True,FCT laboratory observation selected as planner default because the same source also provides a documented dish formulation. The independent Khan 2019 laboratory observation is retained unchanged as alternate evidence.,1.0.0,160.22,197.0,6.43,9.1,5.23,6.7,21.85,23.8,197.0,9.1,6.7,23.8,0.8
PK_DISH_014,Halwa Suji,OBS_FCT_014,,1,False,Primary FCT laboratory chemical proximate analysis paired with complete source dish formulation.,1.0.0,337.0,337.0,2.9,2.9,12.0,12.0,52.1,52.1,337.0,2.9,12.0,52.1,12.0
PK_DISH_015,Zarda,OBS_FCT_015,,1,False,Primary FCT laboratory chemical proximate analysis paired with complete source dish formulation.,1.0.0,246.0,246.0,4.5,4.5,4.0,4.0,46.5,46.5,246.0,4.5,4.0,46.5,0.5
PK_DISH_016,Kheer,OBS_FCT_016,,1,False,Primary FCT laboratory chemical proximate analysis paired with complete source dish formulation.,1.0.0,125.0,125.0,3.6,3.6,2.7,2.7,18.2,18.2,125.0,3.6,2.7,18.2,0.2
PK_DISH_017,Halwa Gajar,OBS_FCT_017,,1,False,Primary FCT laboratory chemical proximate analysis paired with complete source dish formulation.,1.0.0,410.0,410.0,5.1,5.1,24.2,24.2,42.0,42.0,410.0,5.1,24.2,42.0,2.1
PK_DISH_018,Beef Korma,OBS_KHAN_002,,1,False,Primary peer-reviewed laboratory chemical proximate analysis (AOAC methods) from Khan et al. (2019).,1.0.0,193.95,193.95,7.85,7.85,12.21,12.21,13.16,13.16,193.95,7.85,12.21,13.16,
PK_DISH_019,Chicken Karahi,OBS_KHAN_008,,1,False,Primary peer-reviewed laboratory chemical proximate analysis (AOAC methods) from Khan et al. (2019).,1.0.0,240.51,240.51,13.37,13.37,15.85,15.85,11.09,11.09,240.51,13.37,15.85,11.09,
PK_DISH_020,Mutton Karahi,OBS_KHAN_024,,1,False,Primary peer-reviewed laboratory chemical proximate analysis (AOAC methods) from Khan et al. (2019).,1.0.0,242.42,242.42,9.02,9.02,20.35,20.35,5.81,5.81,242.42,9.02,20.35,5.81,
PK_DISH_021,Beef Nihari,OBS_KHAN_025,,1,False,Primary peer-reviewed laboratory chemical proximate analysis (AOAC methods) from Khan et al. (2019).,1.0.0,172.07,172.07,6.24,6.24,13.21,13.21,7.06,7.06,172.07,6.24,13.21,7.06,
PK_DISH_022,Baingan,OBS_KHAN_003,,1,False,Primary peer-reviewed laboratory chemical proximate analysis (AOAC methods) from Khan et al. (2019).,1.0.0,208.63,208.63,1.93,1.93,18.5,18.5,8.61,8.61,208.63,1.93,18.5,8.61,
PK_DISH_023,Bhindi,OBS_KHAN_004,,1,False,Primary peer-reviewed laboratory chemical proximate analysis (AOAC methods) from Khan et al. (2019).,1.0.0,158.33,158.33,1.24,1.24,11.64,11.64,12.15,12.15,158.33,1.24,11.64,12.15,
PK_DISH_024,Fish (Marinated Pan-Fried),OBS_KHAN_013,,1,False,Primary peer-reviewed laboratory chemical proximate analysis (AOAC methods) from Khan et al. (2019).,1.0.0,172.85,172.85,18.05,18.05,9.04,9.04,4.83,4.83,172.85,18.05,9.04,4.83,
PK_DISH_025,Channa Daal,OBS_KHAN_005,,1,False,Primary peer-reviewed laboratory chemical proximate analysis (AOAC methods) from Khan et al. (2019).,1.0.0,229.22,229.22,2.48,2.48,17.74,17.74,14.91,14.91,229.22,2.48,17.74,14.91,
PK_DISH_026,Choley,OBS_KHAN_010,,1,False,Primary peer-reviewed laboratory chemical proximate analysis (AOAC methods) from Khan et al. (2019).,1.0.0,182.52,182.52,4.15,4.15,9.88,9.88,19.26,19.26,182.52,4.15,9.88,19.26,
PK_DISH_027,Daal Kadu,OBS_KHAN_011,,1,False,Primary peer-reviewed laboratory chemical proximate analysis (AOAC methods) from Khan et al. (2019).,1.0.0,182.51,182.51,2.33,2.33,13.11,13.11,13.79,13.79,182.51,2.33,13.11,13.79,
PK_DISH_028,Daal Mash,OBS_KHAN_012,,1,False,Primary peer-reviewed laboratory chemical proximate analysis (AOAC methods) from Khan et al. (2019).,1.0.0,272.06,272.06,6.36,6.36,17.98,17.98,21.21,21.21,272.06,6.36,17.98,21.21,
PK_DISH_029,Mix Moong-Masoor Daal (Peeti),OBS_KHAN_022,,1,False,Primary peer-reviewed laboratory chemical proximate analysis (AOAC methods) from Khan et al. (2019).,1.0.0,183.16,183.16,4.9,4.9,11.49,11.49,15.05,15.05,183.16,4.9,11.49,15.05,
PK_DISH_030,Arvi Qeema,OBS_KHAN_015,,1,False,Primary peer-reviewed laboratory chemical proximate analysis (AOAC methods) from Khan et al. (2019).,1.0.0,192.81,192.81,5.42,5.42,11.71,11.71,16.45,16.45,192.81,5.42,11.71,16.45,
PK_DISH_031,Kaleji,OBS_KHAN_016,,1,False,Primary peer-reviewed laboratory chemical proximate analysis (AOAC methods) from Khan et al. (2019).,1.0.0,276.51,276.51,16.04,16.04,19.09,19.09,10.13,10.13,276.51,16.04,19.09,10.13,
PK_DISH_032,Karelay Qeema,OBS_KHAN_017,,1,False,Primary peer-reviewed laboratory chemical proximate analysis (AOAC methods) from Khan et al. (2019).,1.0.0,271.04,271.04,7.7,7.7,20.74,20.74,9.42,9.42,271.04,7.7,20.74,9.42,
PK_DISH_033,Kadhi Pakora,OBS_KHAN_018,,1,False,Primary peer-reviewed laboratory chemical proximate analysis (AOAC methods) from Khan et al. (2019).,1.0.0,177.49,177.49,2.92,2.92,13.85,13.85,10.29,10.29,177.49,2.92,13.85,10.29,
PK_DISH_034,Qeema Macaroni,OBS_KHAN_021,,1,False,Primary peer-reviewed laboratory chemical proximate analysis (AOAC methods) from Khan et al. (2019).,1.0.0,171.43,171.43,4.7,4.7,9.25,9.25,17.35,17.35,171.43,4.7,9.25,17.35,
PK_DISH_035,Mixed Sabzi,OBS_KHAN_023,,1,False,Primary peer-reviewed laboratory chemical proximate analysis (AOAC methods) from Khan et al. (2019).,1.0.0,141.86,141.86,2.34,2.34,9.81,9.81,11.04,11.04,141.86,2.34,9.81,11.04,
PK_DISH_036,Palak,OBS_KHAN_026,,1,False,Primary peer-reviewed laboratory chemical proximate analysis (AOAC methods) from Khan et al. (2019).,1.0.0,167.45,167.45,2.49,2.49,14.18,14.18,7.47,7.47,167.45,2.49,14.18,7.47,
PK_DISH_037,Shimla Mirch Qeema,OBS_KHAN_028,,1,False,Primary peer-reviewed laboratory chemical proximate analysis (AOAC methods) from Khan et al. (2019).,1.0.0,188.43,188.43,5.99,5.99,15.19,15.19,6.93,6.93,188.43,5.99,15.19,6.93,
PK_DISH_038,Vegetable Rice,OBS_KHAN_009,,1,False,Primary peer-reviewed laboratory chemical proximate analysis (AOAC methods) from Khan et al. (2019).,1.0.0,150.42,150.42,3.54,3.54,5.52,5.52,21.99,21.99,150.42,3.54,5.52,21.99,
PK_DISH_039,Chawal (Tempered Rice),OBS_KHAN_029,,1,False,Primary peer-reviewed laboratory chemical proximate analysis (AOAC methods) from Khan et al. (2019).,1.0.0,193.52,193.52,3.86,3.86,6.94,6.94,28.91,28.91,193.52,3.86,6.94,28.91,
PK_DISH_040,Tori,OBS_KHAN_030,,1,False,Primary peer-reviewed laboratory chemical proximate analysis (AOAC methods) from Khan et al. (2019).,1.0.0,137.64,137.64,1.36,1.36,10.45,10.45,9.54,9.54,137.64,1.36,10.45,9.54,
