recipe_id,recipe_name_en,recipe_name_ur,category,entity_type,formulation_completeness,cooked_weight_g,servings,serving_size_g,cooking_method,consumption_frequency_pct,hedonic_score,source_document,pdf_page,printed_page,source_table_or_appendix,nutrition_authority_level,meal_planning_eligible
PK_RCP_001,Chapati,Gandum ki Roti,Flatbread / Cereal Staple,standardized_recipe,complete_formulation,80.0,,,Dry griddle / Tawa baking,98.4,8.5,Food Composition Table for Pakistan (Revised 2001),60,54,Appendix-1 Traditional Foods Ingredients and Methods of Preparation,LEVEL_A,True
PK_RCP_002,Daal Masur Curry,Masoor Daal Salan,Pulse/Legume Curry,standardized_recipe,complete_formulation,380.0,,,Boiling followed by Tarka (spiced oil tempering),84.6,7.8,Food Composition Table for Pakistan (Revised 2001),60,54,Appendix-2 Traditional Foods Ingredients and Methods of Preparation,LEVEL_A,True
PK_RCP_003,Alu Gosht,Potato with Meat Curry,Meat & Vegetable Curry,standardized_recipe,complete_formulation,550.0,,,Braising/Bhunai with gravy,72.1,8.2,Food Composition Table for Pakistan (Revised 2001),60,54,Appendix-3 Traditional Foods Ingredients and Methods of Preparation,LEVEL_A,True
PK_RCP_004,Kalool,Kidney Beans Curry,Pulse/Legume Curry,standardized_recipe,complete_formulation,400.0,,,Boiling and spiced gravy simmering,54.2,7.5,Food Composition Table for Pakistan (Revised 2001),61,55,Appendix-4 Traditional Foods Ingredients and Methods of Preparation,LEVEL_A,True
PK_RCP_005,Kofta Curry,Meat Balls Curry,Meat Dish,standardized_recipe,complete_formulation,480.0,,,"Shaping meatballs, sautéing, simmering in onion-yogurt gravy",68.3,8.4,Food Composition Table for Pakistan (Revised 2001),61,55,Appendix-5 Traditional Foods Ingredients and Methods of Preparation,LEVEL_A,True
PK_RCP_006,Pulao Gosht,Rice with Beef / Yakhni Pulao,Rice & Meat Dish,standardized_recipe,complete_formulation,620.0,,,Yakhni meat broth preparation followed by rice absorption / dum,78.9,8.6,Food Composition Table for Pakistan (Revised 2001),62,56,Appendix-6 Traditional Foods Ingredients and Methods of Preparation,LEVEL_A,True
PK_RCP_007,Shami Kabab,Minced Meat and Lentil Patties,Meat & Pulse Snack,standardized_recipe,complete_formulation,360.0,,,"Boiling meat and dal, grinding, shallow egg frying",81.0,8.3,Food Composition Table for Pakistan (Revised 2001),62,56,Appendix-7 Traditional Foods Ingredients and Methods of Preparation,LEVEL_A,True
PK_RCP_008,Chapal Kabab,Peshawari Spiced Minced Beef Patties,Meat Dish,standardized_recipe,complete_formulation,400.0,,,Shallow frying on large tawa,69.4,8.1,Food Composition Table for Pakistan (Revised 2001),63,57,Appendix-8 Traditional Foods Ingredients and Methods of Preparation,LEVEL_A,True
PK_RCP_009,Chicken Curry,Murgh Salan,Poultry Curry,standardized_recipe,complete_formulation,520.0,,,"Sautéing, bhunai with tomato-onion gravy",76.5,8.0,Food Composition Table for Pakistan (Revised 2001),63,57,Appendix-9 Traditional Foods Ingredients and Methods of Preparation,LEVEL_A,True
PK_RCP_010,Haleem,"Mixed Grains, Lentils and Meat Porridge","Composite Cereal, Pulse & Meat Dish",standardized_recipe,complete_formulation,800.0,,,"Slow cooking, shredding, hand-mashing grains with meat",64.8,8.5,Food Composition Table for Pakistan (Revised 2001),64,58,Appendix-10 Traditional Foods Ingredients and Methods of Preparation,LEVEL_A,True
PK_RCP_011,Machli,Tala Huwa Muchli (Fried Fish),Fish / Seafood Dish,standardized_recipe,complete_formulation,400.0,,,Marinating in spices and frying in hot oil until brown,62.5,8.1,Food Composition Table for Pakistan (Revised 2001),64,58,Appendix-11 Traditional Foods Ingredients and Methods of Preparation,LEVEL_A,True
PK_RCP_012,Sajji,Balochi Sajji (Skewered Roasted Meat),Meat Dish,standardized_recipe,complete_formulation,360.0,,,Salted whole lamb leg skewered and roasted around open coals,48.0,8.7,Food Composition Table for Pakistan (Revised 2001),65,59,Appendix-12 Traditional Foods Ingredients and Methods of Preparation,LEVEL_A,True
PK_RCP_013,Biryani,Murgh Biryani (Layered Spiced Rice with Meat),Rice & Poultry Dish,standardized_recipe,complete_formulation,700.0,,,"Parboiling rice, preparing meat korma, layering and steam cooking (dum)",88.2,9.1,Food Composition Table for Pakistan (Revised 2001),65,59,Appendix-13 Traditional Foods Ingredients and Methods of Preparation,LEVEL_A,True
PK_RCP_014,Halwa Suji,Suji ka Halwa (Semolina Pudding),Traditional Dessert,standardized_recipe,complete_formulation,350.0,,,"Roasting semolina in desi ghee, adding sugar syrup with cardamom",65.0,8.4,Food Composition Table for Pakistan (Revised 2001),65,59,Appendix-14 Traditional Foods Ingredients and Methods of Preparation,LEVEL_A,True
PK_RCP_015,Zarda,Meethe Chawal (Sweet Saffron / Orange Rice),Traditional Dessert,standardized_recipe,complete_formulation,420.0,,,"Boiling rice with color, cooking in sugar syrup with ghee and nuts",58.7,8.0,Food Composition Table for Pakistan (Revised 2001),65,59,Appendix-15 Traditional Foods Ingredients and Methods of Preparation,LEVEL_A,True
PK_RCP_016,Kheer,Rice Pudding,Traditional Dessert,standardized_recipe,complete_formulation,500.0,,,Slow-boiling rice in whole buffalo milk and cream until thickened,74.3,8.9,Food Composition Table for Pakistan (Revised 2001),66,60,Appendix-16 Traditional Foods Ingredients and Methods of Preparation,LEVEL_A,True
PK_RCP_017,Halwa Gajar,Gajar ka Halwa (Carrot Pudding),Traditional Dessert,standardized_recipe,complete_formulation,450.0,,,"Simmering shredded carrots in whole milk, roasting with ghee and sugar",69.1,9.0,Food Composition Table for Pakistan (Revised 2001),66,60,Appendix-17 Traditional Foods Ingredients and Methods of Preparation,LEVEL_A,True
