food_id,sr_no,food_name_en,food_name_ur,scientific_name,food_group,energy_kcal,moisture_g,protein_g,fat_g,carb_g,fiber_g,ash_g,calcium_mg,phosphorus_mg,iron_mg,zinc_mg,iodine_ppm,thiamin_mg,riboflavin_mg,niacin_mg,vit_c_mg,beta_carotene_mcg,vitamin_a_re,cholesterol_mg,extraction_method,extraction_confidence,review_status,source_document,pdf_page_even,pdf_page_odd,printed_page,source_table
PK_FCT_001,1,Barley Whole,Jou,Hordeum,Cereals and Cereal Products,339.0,12.9,9.6,2.5,72.6,5.3,3.2,48.0,235.0,4.4,2.0,,0.35,0.17,5.5,,10.0,,,RapidOCR,0.712,auto_verified,Food Composition Table for Pakistan (Revised 2001),13,14,6-7,Cereals and Cereal Products
PK_FCT_002,2,Corn Whole grain,Makai,Zea Mays-L,Cereals and Cereal Products,276.0,13.1,9.6,3.2,70.0,1.8,1.1,12.0,223.0,2.2,1.7,45.0,0.38,0.11,1.9,,198.0,47.0,,RapidOCR,0.711,auto_verified,Food Composition Table for Pakistan (Revised 2001),13,14,6-7,Cereals and Cereal Products
PK_FCT_003,3,Corn Flakes,Makai,Zea Mays-L,Cereals and Cereal Products,375.0,3.7,7.4,0.4,78.6,1.5,2.5,13.0,45.0,2.0,0.3,,0.41,0.1,2.1,,0.0,140.0,,RapidOCR_recovered,0.679,partial_verified,Food Composition Table for Pakistan (Revised 2001),13,14,6-7,Cereals and Cereal Products
PK_FCT_004,4,Corn Bread,Makai,Zea Mays-L,Cereals and Cereal Products,203.0,51.5,5.4,2.5,38.8,1.2,0.7,13.0,157.0,2.2,0.2,,0.21,0.11,2.1,,270.0,,,RapidOCR,0.703,auto_verified,Food Composition Table for Pakistan (Revised 2001),13,14,6-7,Cereals and Cereal Products
PK_FCT_005,5,Millet Pearl,Bajra,Pennisetum,Cereals and Cereal Products,345.0,11.6,10.5,4.0,69.0,1.7,2.2,26.0,274.0,6.5,1.7,,0.36,0.15,3.3,,32.0,,,RapidOCR_recovered,0.698,partial_verified,Food Composition Table for Pakistan (Revised 2001),13,14,6-7,Cereals and Cereal Products
PK_FCT_006,6,Oat Whole grain,Jei,Avena Sativa,Cereals and Cereal Products,354.0,10.9,12.6,5.9,63.2,9.5,2.9,46.0,372.0,4.2,3.9,16.0,0.35,0.09,1.6,,,,,RapidOCR,0.716,auto_verified,Food Composition Table for Pakistan (Revised 2001),13,14,6-7,Cereals and Cereal Products
PK_FCT_007,7,Rye Whole grain,Rei,Secale,Cereals and Cereal Products,334.0,12.1,12.1,2.2,71.1,1.9,1.7,36.0,340.0,3.0,5.6,,0.42,0.22,1.6,,,,,RapidOCR,0.718,auto_verified,Food Composition Table for Pakistan (Revised 2001),13,14,6-7,Cereals and Cereal Products
PK_FCT_008,8,Rice Polished,Chaval,Oryza Sativa,Cereals and Cereal Products,360.0,12.1,6.7,0.9,79.5,0.4,0.5,18.0,128.0,1.5,1.2,,0.13,0.04,2.0,,,,,RapidOCR,0.73,auto_verified,Food Composition Table for Pakistan (Revised 2001),13,14,6-7,Cereals and Cereal Products
PK_FCT_009,9,Rice Polished,Chaval,Oryza Sativa,Cereals and Cereal Products,163.0,67.6,3.2,0.3,28.8,0.1,0.2,,68.0,0.6,1.7,,0.03,0.01,0.3,,,,,RapidOCR_recovered,0.691,partial_verified,Food Composition Table for Pakistan (Revised 2001),13,14,6-7,Cereals and Cereal Products
PK_FCT_010,10,Rice Polished,Chaval,Oryza Sativa,Cereals and Cereal Products,268.0,52.3,4.4,12.4,33.7,0.6,0.9,16.0,65.0,0.8,1.5,,0.02,0.0,0.5,,,,,RapidOCR,0.732,auto_verified,Food Composition Table for Pakistan (Revised 2001),13,14,6-7,Cereals and Cereal Products
PK_FCT_011,11,Rice Flakes,Chaval,Oryza Sativa,Cereals and Cereal Products,346.0,12.2,6.6,1.2,77.2,0.7,2.0,20.0,238.0,20.2,1.2,,0.21,0.05,4.0,0.0,,,,RapidOCR,0.722,auto_verified,Food Composition Table for Pakistan (Revised 2001),13,14,6-7,Cereals and Cereal Products
PK_FCT_012,12,Sorghum whole,Cheri,Sorghum,Cereals and Cereal Products,341.0,11.4,10.2,3.9,72.2,2.0,1.8,31.0,293.0,4.5,1.0,,0.4,0.15,3.5,,47.0,,,RapidOCR,0.713,auto_verified,Food Composition Table for Pakistan (Revised 2001),13,14,6-7,Cereals and Cereal Products
PK_FCT_013,13,Sorghum Bread,Cheri,Sorghum,Cereals and Cereal Products,267.0,29.0,5.3,3.4,56.8,3.4,2.0,38.0,227.0,7.5,6.0,,0.37,0.12,3.1,,,,,RapidOCR,0.716,auto_verified,Food Composition Table for Pakistan (Revised 2001),15,16,8-9,Cereals and Cereal Products
PK_FCT_014,14,Vermicelli,Savian,Sorghum,Cereals and Cereal Products,345.0,12.6,9.6,0.6,74.6,0.2,0.7,35.0,106.0,1.9,2.3,,0.19,0.05,1.9,,,,,RapidOCR,0.737,auto_verified,Food Composition Table for Pakistan (Revised 2001),15,16,8-9,Cereals and Cereal Products
PK_FCT_015,15,Wheat Whole,Atta,Triticum,Cereals and Cereal Products,357.0,12.7,10.0,1.2,75.1,1.0,0.9,32.0,108.0,4.5,2.9,,0.3,0.06,1.8,,,,,RapidOCR,0.73,auto_verified,Food Composition Table for Pakistan (Revised 2001),15,16,8-9,Cereals and Cereal Products
PK_FCT_016,16,Wheat flour,Maida,H.,Cereals and Cereal Products,350.0,12.7,10.8,1.4,75.8,0.8,0.9,27.0,261.0,2.6,2.0,,0.24,0.08,2.4,,,,,RapidOCR_recovered,0.686,partial_verified,Food Composition Table for Pakistan (Revised 2001),15,16,8-9,Cereals and Cereal Products
PK_FCT_017,17,Wheat flour,Suji,,Cereals and Cereal Products,370.0,9.5,10.2,2.0,77.3,0.5,,20.0,45.0,3.2,2.7,,0.28,0.12,2.6,,,,,RapidOCR,0.702,auto_verified,Food Composition Table for Pakistan (Revised 2001),15,16,8-9,Cereals and Cereal Products
PK_FCT_018,18,Wheat Bread,Nan,,Cereals and Cereal Products,369.0,10.9,10.3,1.7,75.5,1.0,1.1,34.0,300.0,3.3,2.2,,0.28,0.09,,,,,,RapidOCR,0.742,auto_verified,Food Composition Table for Pakistan (Revised 2001),15,16,8-9,Cereals and Cereal Products
PK_FCT_019,19,Wheat Bread,Chapati,,Cereals and Cereal Products,259.0,30.9,8.8,1.2,57.0,0.8,1.6,81.0,56.0,5.6,2.0,,0.0,0.0,,,,,,RapidOCR,0.72,auto_verified,Food Composition Table for Pakistan (Revised 2001),15,16,8-9,Cereals and Cereal Products
PK_FCT_020,20,Wheat Bread,Parata,,Cereals and Cereal Products,364.0,27.4,8.6,21.4,39.8,1.9,1.8,43.0,274.0,4.6,1.8,,0.0,0.0,,,,,,RapidOCR,0.718,auto_verified,Food Composition Table for Pakistan (Revised 2001),15,16,8-9,Cereals and Cereal Products
PK_FCT_021,21,Wheat Bread,Puri,,Cereals and Cereal Products,293.0,37.2,8.6,9.1,44.3,0.0,0.8,17.0,70.0,2.7,1.6,,0.0,0.0,,,,,,RapidOCR_recovered,0.694,partial_verified,Food Composition Table for Pakistan (Revised 2001),15,16,8-9,Cereals and Cereal Products
PK_FCT_022,22,Wheat Bread,Double Roti,,Cereals and Cereal Products,263.0,35.4,8.4,1.3,54.8,1.5,,26.0,186.0,1.9,1.8,,0.17,0.06,0.9,,,,,RapidOCR,0.74,auto_verified,Food Composition Table for Pakistan (Revised 2001),15,16,8-9,Cereals and Cereal Products
PK_FCT_023,23,Wheat Flour,Biscuit,,Cereals and Cereal Products,440.0,9.2,9.1,7.2,73.7,0.5,0.7,22.0,69.0,1.3,1.8,,1.11,0.06,0.5,,,,,RapidOCR_recovered,0.693,partial_verified,Food Composition Table for Pakistan (Revised 2001),15,16,8-9,Cereals and Cereal Products
PK_FCT_024,24,Broad Bean Raw,Lobia,Vicia Faba,Legumes,341.0,11.9,25.8,1.4,53.2,5.8,3.1,111.0,411.0,5.7,3.1,,0.5,0.26,2.5,,78.0,,,RapidOCR,0.718,auto_verified,Food Composition Table for Pakistan (Revised 2001),17,18,10-11,Legumes
PK_FCT_025,25,Broad Bean,Lobia,Vicia Faba,Legumes,175.0,58.5,14.2,1.2,20.9,2.7,2.5,43.0,170.0,1.7,2.6,,0.46,0.28,2.3,,54.0,12.0,,RapidOCR_recovered,0.696,partial_verified,Food Composition Table for Pakistan (Revised 2001),17,18,10-11,Legumes
PK_FCT_026,26,Chickpea Raw,Channa,Cicer,Legumes,360.0,9.8,20.5,3.8,60.7,3.9,2.9,128.0,330.0,5.8,3.4,,0.44,0.19,1.8,,,,,RapidOCR,0.723,auto_verified,Food Composition Table for Pakistan (Revised 2001),17,18,10-11,Legumes
PK_FCT_027,27,Chickpea Cooked,Channa,Cicer,Legumes,187.0,51.9,12.4,3.8,28.8,3.7,1.3,111.0,194.0,3.1,2.8,,0.16,0.19,1.6,,,,,RapidOCR,0.738,auto_verified,Food Composition Table for Pakistan (Revised 2001),17,18,10-11,Legumes
PK_FCT_028,28,Cow Pea Raw,Rawan,Vigna,Legumes,346.0,9.5,22.1,1.4,62.2,4.2,3.2,125.0,433.0,7.1,3.4,,0.75,0.18,2.1,,12.0,,,RapidOCR,0.73,auto_verified,Food Composition Table for Pakistan (Revised 2001),17,18,10-11,Legumes
PK_FCT_029,29,Cow Pea Cooked,Rawan,,Legumes,116.0,67.3,9.5,0.9,20.3,1.6,1.1,59.0,157.0,2.3,2.8,,0.53,0.2,2.1,,12.0,,,RapidOCR,0.714,auto_verified,Food Composition Table for Pakistan (Revised 2001),17,18,10-11,Legumes
PK_FCT_030,30,Kidney Bean Raw,Moth,Phaseolus,Legumes,339.0,10.4,22.0,1.6,59.6,4.5,3.5,154.0,439.0,7.0,2.8,,0.59,0.17,2.0,,,,,RapidOCR,0.724,auto_verified,Food Composition Table for Pakistan (Revised 2001),17,18,10-11,Legumes
PK_FCT_031,31,Kidney Bean,Moth,,Legumes,154.0,59.2,11.4,1.0,25.7,1.9,1.8,46.0,169.0,3.6,2.1,,0.54,0.16,2.0,,,,,RapidOCR,0.731,auto_verified,Food Composition Table for Pakistan (Revised 2001),17,18,10-11,Legumes
PK_FCT_032,32,Lentil raw,Masur,Lens,Legumes,348.0,10.0,24.8,1.1,59.7,3.6,3.0,128.0,348.0,10.9,3.9,,0.37,0.26,2.2,,,,,RapidOCR,0.746,auto_verified,Food Composition Table for Pakistan (Revised 2001),17,18,10-11,Legumes
PK_FCT_033,33,Lentil cooked,Masur,,Legumes,178.0,68.3,11.2,1.4,16.6,2.0,2.0,69.0,121.0,2.2,3.0,,0.14,0.2,2.4,,,,,RapidOCR,0.718,auto_verified,Food Composition Table for Pakistan (Revised 2001),17,18,10-11,Legumes
PK_FCT_034,34,Mung Bean raw,Mung,Vigna,Legumes,337.0,6.8,22.5,1.4,63.8,3.5,3.4,133.0,315.0,6.1,2.7,,0.44,0.25,2.0,10.0,82.0,11.0,,RapidOCR,0.719,auto_verified,Food Composition Table for Pakistan (Revised 2001),19,20,12-13,Legumes
PK_FCT_035,35,Mung Bean cooked,Mung,Vigna,Legumes,120.0,66.5,9.2,0.7,23.4,1.0,1.4,57.0,176.0,2.3,2.2,,0.15,0.19,1.6,,53.0,12.0,,RapidOCR,0.719,auto_verified,Food Composition Table for Pakistan (Revised 2001),19,20,12-13,Legumes
PK_FCT_036,36,Mash Bean Raw,Mash,Phaseolus,Legumes,363.0,7.5,23.4,1.5,62.2,2.2,3.2,140.0,227.0,6.0,2.6,,0.43,0.22,3.4,10.0,75.0,114.0,,RapidOCR,0.718,auto_verified,Food Composition Table for Pakistan (Revised 2001),19,20,12-13,Legumes
PK_FCT_037,37,Mash Bean,Mash,,Legumes,158.0,62.5,10.6,1.0,22.5,1.7,1.7,65.0,84.0,3.3,2.0,,0.38,0.2,3.4,18.0,70.0,,,RapidOCR_recovered,0.696,partial_verified,Food Composition Table for Pakistan (Revised 2001),19,20,12-13,Legumes
PK_FCT_038,38,Pigeon Pea Raw,Arhar,Cajanus cajan,Legumes,345.0,9.7,21.0,1.6,64.6,1.3,3.6,130.0,272.0,4.6,2.8,,0.43,0.19,2.0,,20.0,,,RapidOCR,0.729,auto_verified,Food Composition Table for Pakistan (Revised 2001),19,20,12-13,Legumes
PK_FCT_039,39,Pigeon Pea Cooked,,,Legumes,135.0,70.2,8.8,0.8,17.1,1.9,1.2,65.0,137.0,2.0,2.2,,0.41,0.19,1.1,,,,,RapidOCR,0.734,auto_verified,Food Composition Table for Pakistan (Revised 2001),19,20,12-13,Legumes
PK_FCT_040,40,Pea Garden Raw,Matter,Pisum,Legumes,336.0,12.0,23.1,1.2,58.2,4.8,2.2,165.0,363.0,5.2,1.2,13.0,0.56,0.18,2.0,,70.0,64.0,,RapidOCR_recovered,0.692,partial_verified,Food Composition Table for Pakistan (Revised 2001),19,20,12-13,Legumes
PK_FCT_041,41,Pea Garden,,Pisum,Legumes,84.0,73.7,8.8,0.6,15.5,0.5,0.9,74.0,200.0,3.5,0.7,,0.5,0.16,1.8,25.0,60.0,,,RapidOCR,0.709,auto_verified,Food Composition Table for Pakistan (Revised 2001),19,20,12-13,Legumes
PK_FCT_042,42,Soybean Seed,,Glycine Max-L,Legumes,411.0,9.5,36.0,18.3,28.9,4.3,4.8,229.0,545.0,7.6,4.9,,1.0,0.3,2.3,,21.0,,,RapidOCR,0.725,auto_verified,Food Composition Table for Pakistan (Revised 2001),19,20,12-13,Legumes
PK_FCT_043,43,Sunflower Seed,,Helianthus,Legumes,236.0,6.3,24.1,28.5,33.3,5.4,2.4,77.0,506.0,6.1,5.1,,1.2,0.19,2.9,,,,,RapidOCR_recovered,0.695,partial_verified,Food Composition Table for Pakistan (Revised 2001),19,20,12-13,Legumes
PK_FCT_044,44,Bath Sponge,HOL,Luffa segyptice,Vegetables,,,,,,,,,54.0,0.8,,,0.03,0.04,0.3,10.0,,,,RapidOCR,0.705,auto_verified,Food Composition Table for Pakistan (Revised 2001),21,22,14-15,Vegetables
PK_FCT_045,45,Bottle Gourd,Kaddu,vulgaris Legenaria,Vegetables,,,,,,,,12.0,38.0,0.8,,,0.02,0.02,0.6,,,10.0,,RapidOCR_recovered,0.697,partial_verified,Food Composition Table for Pakistan (Revised 2001),21,22,14-15,Vegetables
PK_FCT_046,46,Bitter Gourd,Karela,charentia Momordica,Vegetables,,,,,,,,21.0,41.0,2.0,,,0.06,0.04,0.3,64.0,,,,RapidOCR,0.72,auto_verified,Food Composition Table for Pakistan (Revised 2001),21,22,14-15,Vegetables
PK_FCT_047,47,Bringal,Baingan,Solanum melongena,Vegetables,,,,,,,,21.0,39.0,1.0,0.6,,0.08,0.05,0.3,,,53.0,,RapidOCR_recovered,0.691,partial_verified,Food Composition Table for Pakistan (Revised 2001),21,22,14-15,Vegetables
PK_FCT_048,48,Cauliflower,Phool,Brassica oleracea,Vegetables,,,,,,,,25.0,43.0,0.8,0.3,,0.07,0.07,0.4,48.0,,55.0,,RapidOCR,0.733,auto_verified,Food Composition Table for Pakistan (Revised 2001),21,22,14-15,Vegetables
PK_FCT_049,49,Cucumber,Khira,sativus Cucumis,Vegetables,,,,,,,,18.0,24.0,0.5,0.2,,0.03,0.04,0.3,24.0,,26.0,,RapidOCR,0.711,auto_verified,Food Composition Table for Pakistan (Revised 2001),21,22,14-15,Vegetables
PK_FCT_050,50,Cabbage,Band,Bressica oleracea,Vegetables,,,,,,,,52.0,45.0,0.5,0.2,,0.06,0.05,0.3,57.0,,240.0,13.0,RapidOCR,0.714,auto_verified,Food Composition Table for Pakistan (Revised 2001),21,22,14-15,Vegetables
PK_FCT_051,51,Kulfa,Sag kulfa,Oleracea Portulaca,Vegetables,23.0,,,,,,,109.0,35.0,5.0,,,0.08,,,,,,,RapidOCR,0.735,auto_verified,Food Composition Table for Pakistan (Revised 2001),21,22,14-15,Vegetables
PK_FCT_052,52,Lady Finger,Bhindi,Hibiscus esculentus,Vegetables,35.0,,,,,,,74.0,58.0,1.2,,,0.07,0.08,0.8,19.0,,70830.0,,RapidOCR,0.716,auto_verified,Food Composition Table for Pakistan (Revised 2001),21,22,14-15,Vegetables
PK_FCT_053,53,Leftuce,Salad,Lactuca sativum,Vegetables,,,,,,,,49.0,33.0,1.5,0.3,,0.06,0.11,0.4,12.0,,919.0,190.0,RapidOCR,0.7,auto_verified,Food Composition Table for Pakistan (Revised 2001),21,22,14-15,Vegetables
PK_FCT_054,54,Mountain ebony,Kutchnar,Bauhinia variegata,Vegetables,,,,,,,,56.0,54.0,5.3,,,0.02,0.1,1.4,,,,437.0,RapidOCR,0.722,auto_verified,Food Composition Table for Pakistan (Revised 2001),21,22,14-15,Vegetables
PK_FCT_055,55,Mustard leaves,Sag,Brassica,Vegetables,55.0,86.8,3.7,0.4,7.3,1.1,1.2,172.0,54.0,8.9,,,0.06,0.15,0.5,40.0,1620.0,1056.0,,RapidOCR_recovered,0.694,partial_verified,Food Composition Table for Pakistan (Revised 2001),23,24,16-17,Vegetables
PK_FCT_056,56,Moongra,Mongra,Raphus,Vegetables,25.0,90.5,2.0,0.2,4.6,0.6,1.0,122.0,45.0,4.3,,,0.08,0.25,1.1,57.0,,,,RapidOCR_recovered,0.696,partial_verified,Food Composition Table for Pakistan (Revised 2001),23,24,16-17,Vegetables
PK_FCT_057,57,Mint Leaves,Podina,Mentha,Vegetables,38.0,87.3,3.2,0.6,6.6,1.5,1.8,184.0,59.0,9.0,,,0.15,0.39,1.1,27.0,2388.0,1090.0,,RapidOCR_recovered,0.698,partial_verified,Food Composition Table for Pakistan (Revised 2001),23,24,16-17,Vegetables
PK_FCT_058,58,Mushroom,Khumbi,Agaricus,Vegetables,16.0,91.7,2.8,0.2,3.3,0.8,0.8,,108.0,0.7,0.2,,0.1,0.37,4.6,,,26.0,,RapidOCR,0.719,auto_verified,Food Composition Table for Pakistan (Revised 2001),23,24,16-17,Vegetables
PK_FCT_059,59,Pepper Sweet,Mirch,Capsicum,Vegetables,25.0,92.3,1.3,0.3,4.8,1.3,0.6,12.0,31.0,0.9,0.1,,0.07,0.06,1.0,134.0,660.0,63.0,,RapidOCR,0.704,auto_verified,Food Composition Table for Pakistan (Revised 2001),23,24,16-17,Vegetables
PK_FCT_060,60,Pepper Hot,Mirch,Capsicum,Vegetables,35.0,89.3,1.8,0.3,9.3,2.1,0.6,13.0,28.0,0.6,0.1,,0.09,0.12,0.7,191.0,400.0,42.0,,RapidOCR,0.722,auto_verified,Food Composition Table for Pakistan (Revised 2001),23,24,16-17,Vegetables
PK_FCT_061,61,Pumpkin,Halva,cucrubita,Vegetables,44.0,86.8,1.2,0.2,10.3,0.9,0.8,27.0,30.0,0.6,0.3,,0.05,0.09,0.6,13.0,1500.0,160.0,,RapidOCR_recovered,0.694,partial_verified,Food Composition Table for Pakistan (Revised 2001),23,24,16-17,Vegetables
PK_FCT_062,62,Spinach,Palak,Spinacia,Vegetables,27.0,92.7,2.1,0.4,4.2,0.6,1.1,76.0,84.0,4.3,0.5,,0.13,0.4,0.6,57.0,4991.0,672.0,,RapidOCR_recovered,0.689,partial_verified,Food Composition Table for Pakistan (Revised 2001),23,24,16-17,Vegetables
PK_FCT_063,63,Tomato,Tamatar,Lycopersicum um,Vegetables,21.0,93.5,1.1,0.2,4.1,0.5,0.7,14.0,27.0,20.0,0.1,10.0,0.07,0.04,0.5,23.0,424.0,62.0,,RapidOCR_recovered,0.684,partial_verified,Food Composition Table for Pakistan (Revised 2001),23,24,16-17,Vegetables
PK_FCT_064,64,Tinda,Tinda,Citrulus,Vegetables,23.0,93.5,1.9,0.1,3.6,0.7,0.6,20.0,36.0,1.1,,,0.07,0.01,0.4,31.0,192.0,,,RapidOCR_recovered,0.693,partial_verified,Food Composition Table for Pakistan (Revised 2001),23,24,16-17,Vegetables
PK_FCT_065,65,Beet Root,Chakunder,Beta vulgaris,Roots and Tubers,45.0,81.0,1.6,0.2,9.9,0.8,0.9,31.0,39.0,0.7,,,0.02,0.04,0.3,,20.0,678.0,,RapidOCR,0.708,auto_verified,Food Composition Table for Pakistan (Revised 2001),25,26,18-19,Roots and Tubers
PK_FCT_066,66,Carrots,Gajor,Daucus carota ta,Roots and Tubers,37.0,82.5,0.9,0.2,9.2,0.9,0.7,42.0,24.0,1.5,0.2,,0.05,0.05,0.7,10.0,8836.0,2813.0,,RapidOCR,0.712,auto_verified,Food Composition Table for Pakistan (Revised 2001),25,26,18-19,Roots and Tubers
PK_FCT_067,67,Colocasia,Arvi,Colocasia,Roots and Tubers,89.0,69.7,1.9,0.2,21.2,0.8,1.3,29.0,73.0,1.1,,,0.12,0.03,0.6,,24.0,0.0,,RapidOCR,0.71,auto_verified,Food Composition Table for Pakistan (Revised 2001),25,26,18-19,Roots and Tubers
PK_FCT_068,68,Garlic Bulb,Lahsen,Allium,Roots and Tubers,121.0,61.0,3.7,0.3,25.7,0.8,1.2,26.0,122.0,1.4,1.2,,0.21,0.06,0.3,,,,,RapidOCR,0.728,auto_verified,Food Composition Table for Pakistan (Revised 2001),25,26,18-19,Roots and Tubers
PK_FCT_069,69,Ginger,Adrak,Zingiber,Roots and Tubers,53.0,78.1,1.7,0.7,11.3,1.7,1.1,17.0,59.0,1.7,0.3,,0.01,0.03,1.5,,46.0,,,RapidOCR,0.715,auto_verified,Food Composition Table for Pakistan (Revised 2001),25,26,18-19,Roots and Tubers
PK_FCT_070,70,Onion,Piaz,Allium,Roots and Tubers,44.0,83.1,1.4,0.2,9.8,0.7,0.6,29.0,47.0,20.0,0.2,82.0,0.05,0.03,0.3,10.0,,,,RapidOCR,0.706,auto_verified,Food Composition Table for Pakistan (Revised 2001),25,26,18-19,Roots and Tubers
PK_FCT_071,71,Potato,Alu,Solanum,Roots and Tubers,83.0,77.1,1.9,0.2,,0.4,0.8,,47.0,0.8,0.4,,0.1,0.04,1.3,15.0,24.0,,,RapidOCR,0.709,auto_verified,Food Composition Table for Pakistan (Revised 2001),25,26,18-19,Roots and Tubers
PK_FCT_072,72,Reddish,Mooli,Raphanus,Roots and Tubers,23.0,92.8,1.2,0.1,,0.7,0.8,33.0,28.0,1.1,0.3,,0.03,0.03,0.3,26.0,,912.0,,RapidOCR_recovered,0.696,partial_verified,Food Composition Table for Pakistan (Revised 2001),25,26,18-19,Roots and Tubers
PK_FCT_073,73,Turnip,Shalgum,Brassica rapa,Roots and Tubers,26.0,80.4,1.1,0.2,5.9,1.0,0.6,33.0,30.0,0.46,0.3,,0.04,0.05,0.5,25.0,15.0,,,RapidOCR,0.708,auto_verified,Food Composition Table for Pakistan (Revised 2001),25,26,18-19,Roots and Tubers
PK_FCT_074,74,Caraway,Ajvain,capticum,Spices and Condiments,,,,,,9.5,5.4,1147.0,483.0,15.5,5.5,,0.0,0.0,0.0,,,36.0,,RapidOCR,0.735,auto_verified,Food Composition Table for Pakistan (Revised 2001),27,28,20-21,Spices and Condiments
PK_FCT_075,75,Cardamon,Lachi,Cardamomum,Spices and Condiments,,,,,,26.5,4.2,75.0,182.0,19.7,0.15,,0.87,0.7,1.2,,,,,RapidOCR,0.735,auto_verified,Food Composition Table for Pakistan (Revised 2001),27,28,20-21,Spices and Condiments
PK_FCT_076,76,Cinnamon,Dal Chenee,Zeylanicum,Spices and Condiments,,,,,,18.7,7.1,415.0,69.0,15.0,2.0,,0.1,0.4,,,,26.0,,RapidOCR,0.741,auto_verified,Food Composition Table for Pakistan (Revised 2001),27,28,20-21,Spices and Condiments
PK_FCT_077,77,Cumin Seed,Zera,Cyminum,Spices and Condiments,,,,,,31.5,77.0,,,,,,,,,,,,,RapidOCR_recovered,0.72,partial_verified,Food Composition Table for Pakistan (Revised 2001),27,28,20-21,Spices and Condiments
PK_FCT_078,78,Liquorice root,Molut,glabra,Spices and Condiments,,,,,,9.1,6.4,578.0,264.0,49.8,,,0.0,0.0,0.0,,,,,RapidOCR,0.759,auto_verified,Food Composition Table for Pakistan (Revised 2001),27,28,20-21,Spices and Condiments
PK_FCT_079,79,Clove,Loung,Aromaticum um,Spices and Condiments,,,,,,3.2,5.3,705.0,132.0,5.5,1.1,,0.1,0.18,2.1,,253.0,53.0,,RapidOCR,0.723,auto_verified,Food Composition Table for Pakistan (Revised 2001),27,28,20-21,Spices and Condiments
PK_FCT_080,80,Turmeric,Haldi,domestica,Spices and Condiments,,,,,,31.9,4.7,145.0,268.0,16.8,4.4,,16.8,0.05,0.1,,80.0,,,RapidOCR,0.732,auto_verified,Food Composition Table for Pakistan (Revised 2001),27,28,20-21,Spices and Condiments
PK_FCT_081,81,Coriander,Dhania,sativum,Spices and Condiments,,,,,,1.0,17.2,590.0,380.0,16.7,4.7,,0.22,0.35,1.1,,942.0,,,RapidOCR,0.704,auto_verified,Food Composition Table for Pakistan (Revised 2001),27,28,20-21,Spices and Condiments
PK_FCT_082,82,Pepper Black,Siah Mirch,,Spices and Condiments,,,,,,,,280.0,277.0,20.8,1.4,,0.0,0.0,0.0,,,19.0,,RapidOCR,0.722,auto_verified,Food Composition Table for Pakistan (Revised 2001),27,28,20-21,Spices and Condiments
PK_FCT_083,83,Apple Seb,,Malus Sylvestris,Fruits,53.0,85.2,0.8,0.3,12.5,0.8,0.6,11.0,10.0,0.6,0.1,,0.03,0.03,0.2,,,,,RapidOCR,0.702,auto_verified,Food Composition Table for Pakistan (Revised 2001),29,30,22-23,Fruits
PK_FCT_084,84,Apricot,Khubani,Prunus armeniaca,Fruits,96.0,73.5,1.3,0.4,23.6,0.5,0.8,23.0,24.0,0.9,0.3,,0.04,0.05,0.7,10.0,,,,RapidOCR,0.707,auto_verified,Food Composition Table for Pakistan (Revised 2001),29,30,22-23,Fruits
PK_FCT_085,85,Banana Ripe Kela,,Musa Paradisiaca,Fruits,64.0,83.0,1.1,0.5,13.0,2.5,0.6,12.0,30.0,0.7,0.2,,0.03,0.05,0.6,10.0,98.0,,,RapidOCR_recovered,0.691,partial_verified,Food Composition Table for Pakistan (Revised 2001),29,30,22-23,Fruits
PK_FCT_086,86,Black Berry,Gurguray,Rubus fruticusus,Fruits,293.0,17.7,2.9,0.5,77.3,3.3,1.8,20.0,27.0,2.8,0.3,,0.1,0.01,12.5,,,,,RapidOCR,0.726,auto_verified,Food Composition Table for Pakistan (Revised 2001),29,30,22-23,Fruits
PK_FCT_087,87,Dates Dried,Khajur,Phoenix dectylifera era,Fruits,131.0,64.3,1.2,0.4,31.6,2.3,1.0,46.0,68.0,3.0,0.2,,0.04,0.07,1.2,,,,,RapidOCR,0.709,auto_verified,Food Composition Table for Pakistan (Revised 2001),29,30,22-23,Fruits
PK_FCT_088,88,Dates Fresh,Khajur,,Fruits,76.0,80.1,1.2,0.3,17.3,1.7,0.6,37.0,35.0,0.8,0.3,,0.07,0.05,0.6,12.0,,,,RapidOCR_recovered,0.69,partial_verified,Food Composition Table for Pakistan (Revised 2001),29,30,22-23,Fruits
PK_FCT_089,89,Fig Fresh,Angeer,Ficus Carica,Fruits,74.0,82.0,0.5,0.3,16.2,1.0,0.5,82.0,32.0,2.1,0.2,,0.06,0.05,0.5,,82.0,14.0,,RapidOCR,0.703,auto_verified,Food Composition Table for Pakistan (Revised 2001),29,30,22-23,Fruits
PK_FCT_090,90,Grapes,Angoor,Vitis vinifera blue,Fruits,71.0,83.0,0.5,0.3,15.0,1.0,0.6,23.0,22.0,0.9,0.1,,0.1,0.03,0.2,,30.0,,,RapidOCR,0.714,auto_verified,Food Composition Table for Pakistan (Revised 2001),29,30,22-23,Fruits
PK_FCT_091,91,Grapes,Angoor,Vitis vinifera green en,Fruits,73.0,79.9,1.0,0.4,15.3,5.6,0.6,20.0,28.0,0.7,0.1,,0.1,0.06,,,,79.0,,RapidOCR,0.715,auto_verified,Food Composition Table for Pakistan (Revised 2001),29,30,22-23,Fruits
PK_FCT_092,92,Guava whole,Amrud,Psidium guajava,Fruits,82.0,85.0,1.0,0.2,13.3,0.3,0.5,20.0,26.0,0.9,0.2,,0.05,0.07,1.0,217.0,160.0,,,RapidOCR,0.712,auto_verified,Food Composition Table for Pakistan (Revised 2001),29,30,22-23,Fruits
PK_FCT_093,93,Jaman,Jaman,Eugenia Jumbus,Fruits,30.0,89.4,0.7,20.0,8.5,0.7,0.4,,19.0,1.0,,,0.0,0.01,0.2,21.0,,,,RapidOCR_recovered,0.676,partial_verified,Food Composition Table for Pakistan (Revised 2001),29,30,22-23,Fruits
PK_FCT_094,94,Lemon,Limu,c.v.Lisbon Citrus limon,Fruits,,,,,,,0.5,36.0,19.0,0.4,0.1,,0.04,0.02,0.1,52.0,14.0,,,RapidOCR,0.704,auto_verified,Food Composition Table for Pakistan (Revised 2001),29,30,22-23,Fruits
PK_FCT_095,95,Lichi,Lichi,C.aurantifolia Nephelium Litchi hi,Fruits,36.0,89.4,0.6,0.1,7.3,0.6,0.6,,,,0.1,,0.02,0.02,0.1,30.0,12.0,,,RapidOCR,0.719,auto_verified,Food Composition Table for Pakistan (Revised 2001),29,30,22-23,Fruits
PK_FCT_096,96,Lime,Lime,c.v.Khazi C.aurantifolia,Fruits,,,,,,,,15.0,15.0,0.3,0.1,,0.02,0.02,0.1,30.0,,,,RapidOCR,0.737,auto_verified,Food Composition Table for Pakistan (Revised 2001),29,30,22-23,Fruits
PK_FCT_097,97,Lime Sweet,Mitta,c.v.Mitfa C.aurantifolia,Fruits,,,,,,,,23.0,15.0,0.9,0.1,,0.03,0.04,0.2,,854.0,153.0,,RapidOCR,0.728,auto_verified,Food Composition Table for Pakistan (Revised 2001),29,30,22-23,Fruits
PK_FCT_098,98,Loquat,Khajur,Mangifera indica Eriobotrya japonica,Fruits,64.0,81.6,20.0,0.3,15.5,0.7,0.5,23.0,15.0,0.9,0.1,,0.03,0.04,0.2,,854.0,153.0,,RapidOCR,0.714,auto_verified,Food Composition Table for Pakistan (Revised 2001),29,30,22-23,Fruits
PK_FCT_099,99,Mango Ripe,Aam,Cucumis melo Mangifera indica,Fruits,29.0,92.0,0.7,0.2,5.4,0.4,0.6,20.0,16.0,0.9,0.1,,0.04,0.03,0.6,30.0,1500.0,322.0,,RapidOCR_recovered,0.676,partial_verified,Food Composition Table for Pakistan (Revised 2001),29,30,22-23,Fruits
PK_FCT_100,100,Melon Musk,Sarda,Cucumis melo,Fruits,,,,,,,,20.0,16.0,0.9,0.1,,0.04,0.03,0.6,30.0,1500.0,322.0,,RapidOCR,0.722,auto_verified,Food Composition Table for Pakistan (Revised 2001),29,30,22-23,Fruits
PK_FCT_101,101,Melon water,Tarbuz,Citrullus vulgaris,Fruits,23.0,93.3,0.4,0.1,5.5,0.2,0.3,,,0.2,0.1,,0.03,0.03,0.2,,180.0,37.0,,RapidOCR,0.711,auto_verified,Food Composition Table for Pakistan (Revised 2001),31,32,24-25,Fruits
PK_FCT_102,102,Mulberry,Shehtut,Morus nigra,Fruits,76.0,80.8,1.4,1.0,15.4,0.9,0.7,52.0,32.0,2.7,0.1,,0.04,0.08,0.7,29.0,,,,RapidOCR,0.709,auto_verified,Food Composition Table for Pakistan (Revised 2001),31,32,24-25,Fruits
PK_FCT_103,103,Mandarin,Kinno,C.reticulata c.v.,Fruits,44.0,86.7,0.7,0.2,11.6,,0.4,23.0,20.0,0.5,0.2,18.0,0.63,0.05,0.3,25.0,800.0,98.0,,RapidOCR_recovered,0.687,partial_verified,Food Composition Table for Pakistan (Revised 2001),31,32,24-25,Fruits
PK_FCT_104,104,Mandarin,Narangi,Creticulata,Fruits,46.0,87.5,0.8,0.2,10.0,0.4,0.3,28.0,19.0,0.4,0.3,18.0,0.06,0.03,0.3,35.0,1000.0,92.0,,RapidOCR_recovered,0.68,partial_verified,Food Composition Table for Pakistan (Revised 2001),31,32,24-25,Fruits
PK_FCT_105,105,Orange,Malta,C.sinesis c.v. Malta Ita,Fruits,43.0,87.8,0.8,0.2,10.0,0.8,0.4,18.0,18.0,0.5,0.1,18.0,0.07,0.03,0.4,43.0,300.0,21.0,,RapidOCR_recovered,0.687,partial_verified,Food Composition Table for Pakistan (Revised 2001),31,32,24-25,Fruits
PK_FCT_106,106,Peach,Aru,Prunus Persica,Fruits,47.0,86.9,0.7,0.2,11.4,0.9,0.5,11.0,24.0,,0.1,,0.02,0.04,0.7,,59.0,54.0,,RapidOCR_recovered,0.668,partial_verified,Food Composition Table for Pakistan (Revised 2001),31,32,24-25,Fruits
PK_FCT_107,107,Pear,Nashpati,Pyrus communis,Fruits,58.0,84.8,0.6,0.2,13.4,1.3,0.3,14.0,21.0,0.6,0.1,,0.03,0.03,0.4,,55.0,,,RapidOCR_recovered,0.698,partial_verified,Food Composition Table for Pakistan (Revised 2001),31,32,24-25,Fruits
PK_FCT_108,108,Persimmon,Amlok,Diospyros Kaki,Fruits,68.0,80.7,0.8,0.3,17.0,1.1,0.5,17.0,22.0,0.4,0.1,,0.04,0.05,0.4,21.0,2604.0,217.0,,RapidOCR_recovered,0.673,partial_verified,Food Composition Table for Pakistan (Revised 2001),31,32,24-25,Fruits
PK_FCT_109,109,Pineapple,Ananos,Ananas Comosus,Fruits,45.0,87.4,0.7,0.2,11.0,0.5,0.4,15.0,16.0,0.7,0.1,,0.06,0.03,,25.0,0.18,,,RapidOCR,0.703,auto_verified,Food Composition Table for Pakistan (Revised 2001),31,32,24-25,Fruits
PK_FCT_110,110,Plum,Alucha,Prunus domestica,Fruits,51.0,84.9,0.7,0.3,13.4,0.5,0.3,12.0,16.0,0.6,0.1,,0.03,0.04,0.4,10.0,126.0,32.0,,RapidOCR,0.711,auto_verified,Food Composition Table for Pakistan (Revised 2001),31,32,24-25,Fruits
PK_FCT_111,111,Pomegranate,Anar,Punica granatum,Fruits,66.0,81.1,1.0,0.4,16.4,2.3,0.5,15.0,28.0,0.8,0.1,,0.06,0.05,0.4,13.0,19.0,,,RapidOCR,0.713,auto_verified,Food Composition Table for Pakistan (Revised 2001),31,32,24-25,Fruits
PK_FCT_112,112,Papaya ripe,Papita,Carica Papaya,Fruits,43.0,87.4,0.4,0.3,11.2,0.6,0.3,20.0,18.0,0.4,0.1,,0.03,0.04,0.3,59.0,666.0,28.0,,RapidOCR,0.72,auto_verified,Food Composition Table for Pakistan (Revised 2001),31,32,24-25,Fruits
PK_FCT_113,113,Phalsa,Falsa,Grewia asiatic,Fruits,78.0,77.8,1.6,0.5,17.9,1.2,1.1,45.0,39.0,3.2,,,0.06,0.0,0.3,22.0,418.0,,,RapidOCR_recovered,0.691,partial_verified,Food Composition Table for Pakistan (Revised 2001),31,32,24-25,Fruits
PK_FCT_114,114,Straw-berry,,Fragaria Spp.,Fruits,35.0,90.2,0.7,0.4,7.8,1.4,0.4,26.0,32.0,0.9,0.13,,0.04,0.04,0.3,46.0,40.0,533.0,,RapidOCR_recovered,0.685,partial_verified,Food Composition Table for Pakistan (Revised 2001),31,32,24-25,Fruits
PK_FCT_115,115,Zizyphus,Desi Ber,Zizyphus jujuba,Fruits,79.0,74.8,1.6,0.4,22.4,1.1,0.7,28.0,31.0,2.4,0.2,,0.02,0.04,0.7,66.0,20.0,15.0,,RapidOCR_recovered,0.697,partial_verified,Food Composition Table for Pakistan (Revised 2001),31,32,24-25,Fruits
PK_FCT_116,116,Zizyphus,Sova Ber,,Fruits,67.0,82.2,1.2,0.3,15.3,0.5,,12.0,11.0,2.5,0.1,,0.02,0.04,0.7,76.0,21.0,,,RapidOCR,0.714,auto_verified,Food Composition Table for Pakistan (Revised 2001),31,32,24-25,Fruits
PK_FCT_117,117,Almond,Badam,Prunus amygdalus us,Nuts and Dry Fruits,613.0,4.3,18.3,55.0,,,,263.0,467.0,4.5,3.4,17.0,0.25,0.6,4.5,0.0,,,,RapidOCR,0.724,auto_verified,Food Composition Table for Pakistan (Revised 2001),33,34,26-27,Nuts and Dry Fruits
PK_FCT_118,118,Anise Sonf,,Foeniculum,Nuts and Dry Fruits,345.0,2.1,17.4,3.5,,,,1180.0,330.0,3.6,5.3,,,,,,,31.0,,RapidOCR_recovered,0.696,partial_verified,Food Composition Table for Pakistan (Revised 2001),33,34,26-27,Nuts and Dry Fruits
PK_FCT_119,119,Walnut,Akhrot,Juglans regia,Nuts and Dry Fruits,654.0,3.3,17.5,63.4,,,,0.94,334.0,2.5,3.1,,0.45,0.09,2.4,,,,,RapidOCR,0.704,auto_verified,Food Composition Table for Pakistan (Revised 2001),33,34,26-27,Nuts and Dry Fruits
PK_FCT_120,120,Betal Nut Sipari,,Areca catechu,Nuts and Dry Fruits,390.0,11.2,4.8,10.4,,,,293.0,103.0,4.2,,,0.21,0.4,1.3,,,,,RapidOCR,0.735,auto_verified,Food Composition Table for Pakistan (Revised 2001),33,34,26-27,Nuts and Dry Fruits
PK_FCT_121,121,Cashew Nut Kaju,,Anacardium,Nuts and Dry Fruits,528.0,4.7,20.3,,,,,37.0,442.0,3.3,5.6,,0.46,,1.9,,40.0,,,RapidOCR,0.73,auto_verified,Food Composition Table for Pakistan (Revised 2001),33,34,26-27,Nuts and Dry Fruits
PK_FCT_122,122,Coconut,Kopra,Cocos nucifera,Nuts and Dry Fruits,321.0,49.9,3.1,,,,,100.0,375.0,3.1,,,0.32,0.3,3.6,,,,,RapidOCR,0.737,auto_verified,Food Composition Table for Pakistan (Revised 2001),33,34,26-27,Nuts and Dry Fruits
PK_FCT_123,123,Chilgoza,Chilgoza,Pinus gerardiana,Nuts and Dry Fruits,572.0,4.7,17.3,,,,,130.0,420.0,6.0,2.2,,0.7,0.19,1.6,,26.0,55.0,,RapidOCR,0.733,auto_verified,Food Composition Table for Pakistan (Revised 2001),33,34,26-27,Nuts and Dry Fruits
PK_FCT_124,124,Pistachio Pista,,Pistacia vera,Nuts and Dry Fruits,590.0,4.2,22.5,,,,,,,,,,,,,,,,,RapidOCR_recovered,0.8,partial_verified,Food Composition Table for Pakistan (Revised 2001),33,34,26-27,Nuts and Dry Fruits
PK_FCT_125,125,Popy seed,Khash-,Papaver :,Nuts and Dry Fruits,452.0,4.7,14.2,2.0,,,,70.0,362.0,2.6,1.8,,0.82,0.21,14.8,,37.0,,,RapidOCR,0.728,auto_verified,Food Composition Table for Pakistan (Revised 2001),33,34,26-27,Nuts and Dry Fruits
PK_FCT_126,126,Peanut,Mongphali,Pyrus communis,Nuts and Dry Fruits,552.0,4.5,25.0,,,,,,,,,,,,,,,,,RapidOCR_recovered,0.768,partial_verified,Food Composition Table for Pakistan (Revised 2001),33,34,26-27,Nuts and Dry Fruits
PK_FCT_127,127,Sesame seed,,Sesamum indicum im,Nuts and Dry Fruits,580.0,5.9,19.2,51.6,,,,694.0,429.0,16.9,7.8,,0.77,0.41,5.3,,0.6,,,RapidOCR,0.711,auto_verified,Food Composition Table for Pakistan (Revised 2001),33,34,26-27,Nuts and Dry Fruits
PK_FCT_128,128,Raisin,Kish Mish,Vitis Vinifera,Nuts and Dry Fruits,312.0,16.8,3.1,,,,,41.0,78.0,4.1,0.3,,,0.08,0.5,,,,,RapidOCR,0.747,auto_verified,Food Composition Table for Pakistan (Revised 2001),33,34,26-27,Nuts and Dry Fruits
PK_FCT_129,129,Butter Milk,Lassi,,Dairy Products,31.0,93.9,0.8,1.2,0.6,,,30.0,,30.0,0.8,0.4,0.04,,,,,,,RapidOCR,0.716,auto_verified,Food Composition Table for Pakistan (Revised 2001),35,36,28-29,Dairy Products
PK_FCT_130,130,Curd,Dahi,,Dairy Products,52.0,90.1,2.9,3.1,3.3,,,130.0,,95.0,0.3,,0.05,0.16,0.1,,,,,RapidOCR_recovered,0.677,partial_verified,Food Composition Table for Pakistan (Revised 2001),35,36,28-29,Dairy Products
PK_FCT_131,131,Cheese,Paneer,,Dairy Products,35.0,42.4,22.4,26.7,4.2,,,545.0,300.0,,2.0,27.0,0.05,0.4,0.3,,400.0,278.0,105.0,RapidOCR,0.711,auto_verified,Food Composition Table for Pakistan (Revised 2001),35,36,28-29,Dairy Products
PK_FCT_132,132,Cream,Balai,,Dairy Products,361.0,56.4,2.3,38.9,2.2,,,60.0,,50.0,0.1,,0.03,0.14,0.1,,144.0,252.0,37.0,RapidOCR_recovered,0.683,partial_verified,Food Composition Table for Pakistan (Revised 2001),35,36,28-29,Dairy Products
PK_FCT_133,133,Milk Buffalo Fluid whole,,,Dairy Products,105.0,82.6,4.5,7.8,4.4,,,173.0,103.0,,0.2,0.2,0.05,0.12,0.1,,26.0,53.0,19.0,RapidOCR,0.709,auto_verified,Food Composition Table for Pakistan (Revised 2001),35,36,28-29,Dairy Products
PK_FCT_134,134,Milk Cow fluid whole,,,Dairy Products,66.0,87.4,3.3,3.9,4.6,,,120.0,87.0,,0.3,11.0,0.04,0.16,0.2,,28.0,44.0,14.0,RapidOCR_recovered,0.686,partial_verified,Food Composition Table for Pakistan (Revised 2001),35,36,28-29,Dairy Products
PK_FCT_135,135,Milk Goat fluid whole,,,Dairy Products,70.0,86.6,3.4,3.8,7.1,,,150.0,120.0,,0.1,0.4,0.04,0.12,0.3,,,56.0,11.0,RapidOCR_recovered,0.699,partial_verified,Food Composition Table for Pakistan (Revised 2001),35,36,28-29,Dairy Products
PK_FCT_136,136,Milk Human fluid whole,,,Dairy Products,62.0,86.9,1.3,3.9,7.2,,,32.0,19.0,,0.2,,0.02,0.05,0.2,,,64.0,14.0,RapidOCR_recovered,0.681,partial_verified,Food Composition Table for Pakistan (Revised 2001),35,36,28-29,Dairy Products
PK_FCT_137,137,Milk Cow Dried skimmed,,,Dairy Products,331.0,3.4,36.4,1.1,,,,1272.0,1017.0,,4.1,,0.37,1.8,1.0,,,,20.0,RapidOCR,0.705,auto_verified,Food Composition Table for Pakistan (Revised 2001),35,36,28-29,Dairy Products
PK_FCT_138,138,Milk cow Dried whole,,,Dairy Products,466.0,3.7,25.2,25.1,37.2,,,938.0,739.0,,3.3,,0.28,1.36,0.9,,,280.0,97.0,RapidOCR,0.708,auto_verified,Food Composition Table for Pakistan (Revised 2001),35,36,28-29,Dairy Products
PK_FCT_139,139,Yogurt,Dahi,,Dairy Products,71.0,83.5,3.5,1.2,5.3,,0.9,166.0,142.0,,0.6,,0.03,0.14,0.1,,,30.0,13.0,RapidOCR_recovered,0.695,partial_verified,Food Composition Table for Pakistan (Revised 2001),35,36,28-29,Dairy Products
PK_FCT_140,140,Ice Cream,,,Dairy Products,148.0,67.3,3.9,4.5,22.0,,,122.0,105.0,,0.7,,0.04,0.19,0.1,,23.0,117.0,59.0,RapidOCR_recovered,0.69,partial_verified,Food Composition Table for Pakistan (Revised 2001),35,36,28-29,Dairy Products
PK_FCT_141,141,Beef,Gai Ka Ghost,Bos-taurus,Meat and Meat Products,244.0,62.9,17.6,18.6,,,0.9,12.0,161.0,2.4,1.0,,0.06,0.23,4.4,,621.0,,99.0,RapidOCR,0.71,auto_verified,Food Composition Table for Pakistan (Revised 2001),37,38,30-31,Meat and Meat Products
PK_FCT_142,142,Beef Liver Kalajee,,,Meat and Meat Products,136.0,70.5,19.1,3.4,5.3,,1.3,,322.0,7.4,3.9,150.0,0.31,1.59,12.1,32.0,2600.0,12301.0,354.0,RapidOCR,0.732,auto_verified,Food Composition Table for Pakistan (Revised 2001),37,38,30-31,Meat and Meat Products
PK_FCT_143,143,Beef Kidney Gurday,,,Meat and Meat Products,125.0,77.2,14.8,5.3,1.5,,1.2,13.0,206.0,29.0,1.9,,0.32,1.9,6.3,14.0,,,285.0,RapidOCR,0.719,auto_verified,Food Composition Table for Pakistan (Revised 2001),37,38,30-31,Meat and Meat Products
PK_FCT_144,144,Beef heart .Dil,,,Meat and Meat Products,112.0,77.6,15.9,4.4,1.3,,1.1,,,,,,,,,,,,285.0,RapidOCR_recovered,0.706,partial_verified,Food Composition Table for Pakistan (Revised 2001),37,38,30-31,Meat and Meat Products
PK_FCT_145,145,Buffalo,Bains ka Ghost,Babalus,Meat and Meat Products,123.0,76.4,19.0,3.2,2.0,,1.1,12.0,188.0,,1.9,,200.0,0.35,4.1,,,,46.0,RapidOCR,0.716,auto_verified,Food Composition Table for Pakistan (Revised 2001),37,38,30-31,Meat and Meat Products
PK_FCT_146,146,Chicken,Murghi Ghost,Gallus,Meat and Meat Products,187.0,68.7,18.8,17.6,,,1.1,15.0,187.0,1.9,1.5,67.0,0.08,0.16,7.6,,42.0,,70.0,RapidOCR,0.704,auto_verified,Food Composition Table for Pakistan (Revised 2001),37,38,30-31,Meat and Meat Products
PK_FCT_147,147,Duck Meat,Batak Ghost,Anas-boschas,Meat and Meat Products,326.0,56.3,16.0,27.7,,,0.9,14.0,181.0,1.6,1.9,,0.09,0.22,5.5,,,,77.0,RapidOCR,0.717,auto_verified,Food Composition Table for Pakistan (Revised 2001),37,38,30-31,Meat and Meat Products
PK_FCT_148,148,Goat meat,Bakri Ghost,Capra hirsus,Meat and Meat Products,164.0,71.5,19.6,11.2,0.1,,1.3,10.0,163.0,2.2,4.5,,0.16,0.18,4.5,0.0,,,84.0,RapidOCR,0.731,auto_verified,Food Composition Table for Pakistan (Revised 2001),37,38,30-31,Meat and Meat Products
PK_FCT_149,149,Goat Liver Kalajee,,,Meat and Meat Products,152.0,69.7,19.2,8.3,3.4,,14.0,,395.0,5.8,,,0.42,,18.0,47.0,2850.0,4091.0,350.0,RapidOCR,0.71,auto_verified,Food Composition Table for Pakistan (Revised 2001),37,38,30-31,Meat and Meat Products
PK_FCT_150,150,Goat Gurday,,,Meat and Meat Products,104.0,77.6,18.0,2.8,0.2,,1.2,18.0,264.0,,,,0.45,1.6,,,,,,RapidOCR,0.716,auto_verified,Food Composition Table for Pakistan (Revised 2001),37,38,30-31,Meat and Meat Products
PK_FCT_151,151,Goat Heart Di,,,Meat and Meat Products,126.0,78.8,11.0,8.3,1.8,,0.6,10.0,100.0,4.2,,,1.5,2.01,22.7,,,,,RapidOCR_recovered,0.675,partial_verified,Food Composition Table for Pakistan (Revised 2001),37,38,30-31,Meat and Meat Products
PK_FCT_152,152,Sheep meat,Domba Ghost,,Meat and Meat Products,175.0,69.5,17.5,7.7,1.0,0.0,1.2,0.7,171.0,2.2,,,0.13,0.19,4.5,,,,98.0,RapidOCR_recovered,0.691,partial_verified,Food Composition Table for Pakistan (Revised 2001),37,38,30-31,Meat and Meat Products
PK_FCT_153,153,Pigeon meat,Kabootar Ghost,Clumba,Meat and Meat Products,171.0,66.8,23.2,8.5,,,1.2,,,,,,,,,,,,98.0,RapidOCR_recovered,0.71,partial_verified,Food Composition Table for Pakistan (Revised 2001),37,38,30-31,Meat and Meat Products
PK_FCT_154,154,Crab Kaikra,,Portunus,Meat and Meat Products,88.0,77.7,16.7,1.7,1.4,,2.1,116.0,168.0,1.8,3.5,33.0,0.08,0.03,0.2,,45.0,,78.0,RapidOCR,0.704,auto_verified,Food Composition Table for Pakistan (Revised 2001),37,38,30-31,Meat and Meat Products
PK_FCT_155,155,Fish (Roa),Muchli,Labeo rohita,Fish,101.0,75.8,19.0,2.2,,,,105.0,90.0,1.1,1.3,,0.05,0.07,0.7,,22.0,,60.0,RapidOCR,0.707,auto_verified,Food Composition Table for Pakistan (Revised 2001),39,40,32-33,Fish
PK_FCT_156,156,Fish (Promfret),Muchli,,Fish,87.0,77.9,18.9,1.4,,,,150.0,225.0,0.9,1.2,,0.1,0.15,2.6,,20.0,,,RapidOCR,0.721,auto_verified,Food Composition Table for Pakistan (Revised 2001),39,40,32-33,Fish
PK_FCT_157,157,.Fish (Khaga),Muchli,,Fish,104.0,76.1,19.7,1.8,1.1,,,,,,,,,,,,,,,RapidOCR_recovered,0.723,partial_verified,Food Composition Table for Pakistan (Revised 2001),39,40,32-33,Fish
PK_FCT_158,158,Fish (Shanghara),Muchli,,Fish,132.0,72.4,21.2,3.4,,,,,,,,,,,,,,,,RapidOCR_recovered,0.779,partial_verified,Food Composition Table for Pakistan (Revised 2001),39,40,32-33,Fish
PK_FCT_159,159,Fish (Soal),Muchli,Ophiocophalu,Fish,117.0,74.5,20.1,2.9,,,,,,,,,,,,,,,,RapidOCR_recovered,0.787,partial_verified,Food Composition Table for Pakistan (Revised 2001),39,40,32-33,Fish
PK_FCT_160,160,Fish(Surmai),Muchli,Cybiuom,Fish,103.0,74.4,21.0,2.2,,,,60.0,214.0,1.0,3.0,,0.01,0.8,3.0,,,28.0,95.0,RapidOCR,0.731,auto_verified,Food Composition Table for Pakistan (Revised 2001),39,40,32-33,Fish
PK_FCT_161,161,Lobster,Jhenga,Palaemon Spp,Fish,91.0,78.2,18.5,1.3,,,,60.0,214.0,1.0,3.0,,0.01,0.8,3.0,,,28.0,95.0,RapidOCR,0.724,auto_verified,Food Composition Table for Pakistan (Revised 2001),39,40,32-33,Fish
PK_FCT_162,162,Prawn,Jhenga,Penaeus Spp,Fish,96.0,79.5,16.5,1.3,,,,120.0,217.0,1.0,1.3,,0.03,0.8,3.0,,,11.0,,RapidOCR,0.705,auto_verified,Food Composition Table for Pakistan (Revised 2001),39,40,32-33,Fish
PK_FCT_163,163,Shrimp,Jhenga,Palaemonidae,Fish,102.0,78.1,17.0,1.0,,,,257.0,267.0,1.6,1.2,,0.85,0.12,2.2,,,18.0,147.0,RapidOCR,0.733,auto_verified,Food Composition Table for Pakistan (Revised 2001),39,40,32-33,Fish
PK_FCT_164,164,Chicken egg white (Raw),,,Eggs,50.0,87.8,,,,,,9.0,11.0,0.4,0.01,,0.01,0.3,0.1,,,,,RapidOCR,0.709,auto_verified,Food Composition Table for Pakistan (Revised 2001),41,42,34-35,Eggs
PK_FCT_165,165,Chicken egg Yolk (Raw),,,Eggs,350.0,51.4,,,,,,150.0,538.0,6.5,3.1,,0.23,0.42,0.1,,626.0,584.0,1281.0,RapidOCR,0.709,auto_verified,Food Composition Table for Pakistan (Revised 2001),41,42,34-35,Eggs
PK_FCT_166,166,Chicken egg whole (Raw),,,Eggs,155.0,72.2,,,,,,54.0,210.0,2.7,1.1,,0.1,0.29,0.1,,224.0,191.0,425.0,RapidOCR,0.744,auto_verified,Food Composition Table for Pakistan (Revised 2001),41,42,34-35,Eggs
PK_FCT_167,167,Chicken egg Boiled,,,Eggs,163.0,74.3,,,,,,63.0,227.0,3.2,1.1,,0.1,0.37,0.1,,,168.0,424.0,RapidOCR,0.728,auto_verified,Food Composition Table for Pakistan (Revised 2001),41,42,34-35,Eggs
PK_FCT_168,168,Duck egg white Raw,,,Eggs,53.0,87.1,,,,,,5.0,7.0,0.0,1.4,,0.0,0.0,0.2,,,,,RapidOCR,0.713,auto_verified,Food Composition Table for Pakistan (Revised 2001),41,42,34-35,Eggs
PK_FCT_169,169,Duck egg yolk raw,,,Eggs,365.0,47.9,,,,,,145.0,326.0,5.0,3.2,,0.51,0.91,0.2,,695.0,1992.0,,RapidOCR,0.723,auto_verified,Food Composition Table for Pakistan (Revised 2001),41,42,34-35,Eggs
PK_FCT_170,170,Duck egg whole (Raw),,,Eggs,183.0,68.0,,,,,,56.0,204.0,2.9,1.4,,0.15,0.35,0.2,,198.0,420.0,884.0,RapidOCR,0.709,auto_verified,Food Composition Table for Pakistan (Revised 2001),41,42,34-35,Eggs
PK_FCT_171,171,Duck egg boiled,,,Eggs,193.0,71.3,,,,,,,,,,,,,,,,,,RapidOCR_recovered,0.74,partial_verified,Food Composition Table for Pakistan (Revised 2001),41,42,34-35,Eggs
PK_FCT_172,172,Butter,,,Fats and Oils,721.0,16.5,0.8,80.6,1.1,,0.5,25.0,22.0,0.2,,26.0,0.01,,0.12,0.1,480.0,754.0,219.0,RapidOCR_recovered,0.684,partial_verified,Food Composition Table for Pakistan (Revised 2001),43,44,36-37,Fats and Oils
PK_FCT_173,173,Ghee,,,Fats and Oils,874.0,0.5,0.3,99.1,0.0,,0.1,,,0.0,,,0.0,0.0,,0.0,450.0,576.0,,RapidOCR,0.71,auto_verified,Food Composition Table for Pakistan (Revised 2001),43,44,36-37,Fats and Oils
PK_FCT_174,174,Ghee (buffalo),,,Fats and Oils,900.0,0.2,0.2,99.5,0.0,,0.1,,,0.0,,,0.0,,0.0,0.0,570.0,590.0,80.0,RapidOCR,0.717,auto_verified,Food Composition Table for Pakistan (Revised 2001),43,44,36-37,Fats and Oils
PK_FCT_175,175,Lard (Raw),,,Fats and Oils,899.0,0.0,0.2,99.9,0.0,,,,,0.0,,0.1,0.0,0.0,,0.0,,,95.0,RapidOCR_recovered,0.694,partial_verified,Food Composition Table for Pakistan (Revised 2001),43,44,36-37,Fats and Oils
PK_FCT_176,176,Dalda (Hydrogenated oil),,,Fats and Oils,892.0,0.0,0.0,100.0,0.0,,,,,0.0,,,0.0,0.0,,0.0,,,,RapidOCR,0.725,auto_verified,Food Composition Table for Pakistan (Revised 2001),43,44,36-37,Fats and Oils
PK_FCT_177,177,Corn Oil,,,Fats and Oils,900.0,0.0,0.0,100.0,0.0,,,,,0.0,,0.0,0.0,0.0,,0.0,,,,RapidOCR,0.737,auto_verified,Food Composition Table for Pakistan (Revised 2001),43,44,36-37,Fats and Oils
PK_FCT_178,178,Soybean oil,,,Fats and Oils,887.0,0.1,0.0,99.9,0.0,,,7.0,,,,0.02,,,,0.0,,,,RapidOCR,0.722,auto_verified,Food Composition Table for Pakistan (Revised 2001),43,44,36-37,Fats and Oils
PK_FCT_179,179,Sunflower oil,,,Fats and Oils,900.0,0.0,0.0,100.0,0.0,,,,,,,,,,,0.0,,,,RapidOCR,0.726,auto_verified,Food Composition Table for Pakistan (Revised 2001),43,44,36-37,Fats and Oils
PK_FCT_180,180,Coconut oil,,,Fats and Oils,884.0,0.0,0.0,99.9,0.0,,,,,,,,,,,0.0,,,,RapidOCR_recovered,0.699,partial_verified,Food Composition Table for Pakistan (Revised 2001),43,44,36-37,Fats and Oils
PK_FCT_181,181,Cotton oil,,,Fats and Oils,882.0,0.0,0.0,100.0,0.0,,,,,,,,,,,0.0,,,,RapidOCR,0.702,auto_verified,Food Composition Table for Pakistan (Revised 2001),43,44,36-37,Fats and Oils
PK_FCT_182,182,Olive Oil,,,Fats and Oils,900.0,0.0,0.0,99.9,0.0,,,,0.0,,0.1,,,,,0.0,,,,RapidOCR_recovered,0.695,partial_verified,Food Composition Table for Pakistan (Revised 2001),43,44,36-37,Fats and Oils
PK_FCT_183,183,Groundnut oil,,,Fats and Oils,882.0,0.0,0.0,100.0,0.0,,0.0,,,,,,,,,0.0,,,,RapidOCR,0.703,auto_verified,Food Composition Table for Pakistan (Revised 2001),43,44,36-37,Fats and Oils
PK_FCT_184,184,Sesame oil,,,Fats and Oils,886.0,0.1,0.2,99.9,0.1,,,10.0,,0.1,,,0.01,0.07,,0.1,,,,RapidOCR,0.701,auto_verified,Food Composition Table for Pakistan (Revised 2001),43,44,36-37,Fats and Oils
PK_FCT_185,185,Sugar white,,,"Sugar, Sweets and Beverages",390.0,0.4,,,,0.0,1.5,,,0.6,0.0,,,,,,,,,RapidOCR,0.719,auto_verified,Food Composition Table for Pakistan (Revised 2001),45,46,38-39,"Sugar, Sweets and Beverages"
PK_FCT_186,186,Sugar Brown,,,"Sugar, Sweets and Beverages",371.0,2.7,,,,0.0,3.6,80.0,30.0,2.8,2.9,,0.01,0.03,0.2,,,,,RapidOCR_recovered,0.668,partial_verified,Food Composition Table for Pakistan (Revised 2001),45,46,38-39,"Sugar, Sweets and Beverages"
PK_FCT_187,187,Gur,,,"Sugar, Sweets and Beverages",310.0,5.9,0.2,,,,0.2,45.0,40.0,3.1,0.0,,,,,,,,,RapidOCR_recovered,0.645,partial_verified,Food Composition Table for Pakistan (Revised 2001),45,46,38-39,"Sugar, Sweets and Beverages"
PK_FCT_188,188,Honey,,,"Sugar, Sweets and Beverages",310.0,14.8,0.3,,,2.5,0.9,,11.0,0.9,0.4,,0.01,0.04,0.2,,,,,RapidOCR,0.701,auto_verified,Food Composition Table for Pakistan (Revised 2001),45,46,38-39,"Sugar, Sweets and Beverages"
PK_FCT_189,189,Barfi,,,"Sugar, Sweets and Beverages",384.0,3.4,1.5,,,1.2,0.4,76.0,15.0,1.7,0.2,,,,,,,,,RapidOCR_recovered,0.686,partial_verified,Food Composition Table for Pakistan (Revised 2001),45,46,38-39,"Sugar, Sweets and Beverages"
PK_FCT_190,190,Jaleebe,,,"Sugar, Sweets and Beverages",395.0,10.8,0.8,,,0.0,3.1,70.0,14.0,1.6,0.0,,,,,,,,,RapidOCR_recovered,0.679,partial_verified,Food Composition Table for Pakistan (Revised 2001),45,46,38-39,"Sugar, Sweets and Beverages"
PK_FCT_191,191,Koa (whole buffalo milk),,,"Sugar, Sweets and Beverages",401.0,35.6,14.6,,,7.9,0.1,650.0,420.0,5.8,,,,,,,,,,RapidOCR,0.747,auto_verified,Food Composition Table for Pakistan (Revised 2001),45,46,38-39,"Sugar, Sweets and Beverages"
PK_FCT_192,192,Halwa Sohen,,,"Sugar, Sweets and Beverages",481.0,2.4,0.3,,,,0.0,,,1.0,,,,,,,,,,RapidOCR,0.702,auto_verified,Food Composition Table for Pakistan (Revised 2001),45,46,38-39,"Sugar, Sweets and Beverages"
PK_FCT_193,193,Carbonated,beverages,,"Sugar, Sweets and Beverages",39.0,90.2,,,,,,,,0.0,0.01,,,,0.0,,,,,RapidOCR,0.722,auto_verified,Food Composition Table for Pakistan (Revised 2001),45,46,38-39,"Sugar, Sweets and Beverages"
PK_FCT_194,194,Lemon Juice,,,"Sugar, Sweets and Beverages",43.0,89.4,0.3,,,0.5,0.4,,18.0,0.1,0.1,,0.02,,0.1,,0.0,,,RapidOCR_recovered,0.695,partial_verified,Food Composition Table for Pakistan (Revised 2001),45,46,38-39,"Sugar, Sweets and Beverages"
PK_FCT_195,195,Mango Juice,,,"Sugar, Sweets and Beverages",74.0,85.5,0.4,,,,9.7,14.0,16.0,1.3,0.2,,0.08,0.06,0.5,,,,,RapidOCR_recovered,0.682,partial_verified,Food Composition Table for Pakistan (Revised 2001),45,46,38-39,"Sugar, Sweets and Beverages"
PK_FCT_196,196,Cofee Instant (Dry,,,"Sugar, Sweets and Beverages",134.0,2.6,0.0,,,,,179.0,383.0,5.6,0.4,,0.0,0.21,30.6,,,,,RapidOCR,0.709,auto_verified,Food Composition Table for Pakistan (Revised 2001),45,46,38-39,"Sugar, Sweets and Beverages"
PK_FCT_197,197,Black Tea leaves dried,,,"Sugar, Sweets and Beverages",292.0,8.5,22.4,,,,4.7,319.0,327.0,24.3,3.2,,0.06,0.78,7.3,,2700.0,,,RapidOCR,0.718,auto_verified,Food Composition Table for Pakistan (Revised 2001),45,46,38-39,"Sugar, Sweets and Beverages"
PK_FCT_198,198,Green Tea Leaves dried,,,"Sugar, Sweets and Beverages",300.0,7.6,26.3,,,,,243.0,413.0,18.9,0.03,,0.37,1.3,4.9,230.0,8400.0,,,RapidOCR,0.742,auto_verified,Food Composition Table for Pakistan (Revised 2001),45,46,38-39,"Sugar, Sweets and Beverages"
