planner_entity_id,entity_name,entity_type,origin_dataset,origin_entity_id,origin_found,source_document,planner_readiness,audit_status
PK_DISH_001,Chapati,COMPOSITE_DISH,Meal/data/processed/pakistan_recipes.csv,PK_RCP_001,True,Food Composition Table for Pakistan (Revised 2001),READY_RECIPE_AND_NUTRITION,ORIGIN_VERIFIED_FCT_RECIPE
PK_DISH_002,Daal Masoor,COMPOSITE_DISH,Meal/data/processed/pakistan_recipes.csv,PK_RCP_002,True,Food Composition Table for Pakistan (Revised 2001),READY_RECIPE_AND_NUTRITION,ORIGIN_VERIFIED_FCT_RECIPE
PK_DISH_003,Alu Gosht,COMPOSITE_DISH,Meal/data/processed/pakistan_recipes.csv,PK_RCP_003,True,Food Composition Table for Pakistan (Revised 2001),READY_RECIPE_AND_NUTRITION,ORIGIN_VERIFIED_FCT_RECIPE
PK_DISH_004,Kalool / Lobia,COMPOSITE_DISH,Meal/data/processed/pakistan_recipes.csv,PK_RCP_004,True,Food Composition Table for Pakistan (Revised 2001),READY_RECIPE_AND_NUTRITION,ORIGIN_VERIFIED_FCT_RECIPE
PK_DISH_005,Kofta Curry,COMPOSITE_DISH,Meal/data/processed/pakistan_recipes.csv,PK_RCP_005,True,Food Composition Table for Pakistan (Revised 2001),READY_RECIPE_AND_NUTRITION,ORIGIN_VERIFIED_FCT_RECIPE
PK_DISH_006,Pulao Gosht / Beef Pulao,COMPOSITE_DISH,Meal/data/processed/pakistan_recipes.csv,PK_RCP_006,True,Food Composition Table for Pakistan (Revised 2001),READY_RECIPE_AND_NUTRITION,ORIGIN_VERIFIED_FCT_RECIPE
PK_DISH_007,Shami Kabab,COMPOSITE_DISH,Meal/data/processed/pakistan_recipes.csv,PK_RCP_007,True,Food Composition Table for Pakistan (Revised 2001),READY_RECIPE_AND_NUTRITION,ORIGIN_VERIFIED_FCT_RECIPE
PK_DISH_008,Chapli Kabab,COMPOSITE_DISH,Meal/data/processed/pakistan_recipes.csv,PK_RCP_008,True,Food Composition Table for Pakistan (Revised 2001),READY_RECIPE_AND_NUTRITION,ORIGIN_VERIFIED_FCT_RECIPE
PK_DISH_009,Chicken Curry,COMPOSITE_DISH,Meal/data/processed/pakistan_recipes.csv,PK_RCP_009,True,Food Composition Table for Pakistan (Revised 2001),READY_RECIPE_AND_NUTRITION,ORIGIN_VERIFIED_FCT_RECIPE
PK_DISH_010,Haleem,COMPOSITE_DISH,Meal/data/processed/pakistan_recipes.csv,PK_RCP_010,True,Food Composition Table for Pakistan (Revised 2001),READY_RECIPE_AND_NUTRITION,ORIGIN_VERIFIED_FCT_RECIPE
PK_DISH_011,Machli (Battered Fried Fish),COMPOSITE_DISH,Meal/data/processed/pakistan_recipes.csv,PK_RCP_011,True,Food Composition Table for Pakistan (Revised 2001),READY_RECIPE_AND_NUTRITION,ORIGIN_VERIFIED_FCT_RECIPE
PK_DISH_012,Sajji,COMPOSITE_DISH,Meal/data/processed/pakistan_recipes.csv,PK_RCP_012,True,Food Composition Table for Pakistan (Revised 2001),READY_RECIPE_AND_NUTRITION,ORIGIN_VERIFIED_FCT_RECIPE
PK_DISH_013,Chicken Biryani,COMPOSITE_DISH,Meal/data/processed/pakistan_recipes.csv,PK_RCP_013,True,Food Composition Table for Pakistan (Revised 2001),READY_RECIPE_AND_NUTRITION,ORIGIN_VERIFIED_FCT_RECIPE
PK_DISH_014,Halwa Suji,COMPOSITE_DISH,Meal/data/processed/pakistan_recipes.csv,PK_RCP_014,True,Food Composition Table for Pakistan (Revised 2001),READY_RECIPE_AND_NUTRITION,ORIGIN_VERIFIED_FCT_RECIPE
PK_DISH_015,Zarda,COMPOSITE_DISH,Meal/data/processed/pakistan_recipes.csv,PK_RCP_015,True,Food Composition Table for Pakistan (Revised 2001),READY_RECIPE_AND_NUTRITION,ORIGIN_VERIFIED_FCT_RECIPE
PK_DISH_016,Kheer,COMPOSITE_DISH,Meal/data/processed/pakistan_recipes.csv,PK_RCP_016,True,Food Composition Table for Pakistan (Revised 2001),READY_RECIPE_AND_NUTRITION,ORIGIN_VERIFIED_FCT_RECIPE
PK_DISH_017,Halwa Gajar,COMPOSITE_DISH,Meal/data/processed/pakistan_recipes.csv,PK_RCP_017,True,Food Composition Table for Pakistan (Revised 2001),READY_RECIPE_AND_NUTRITION,ORIGIN_VERIFIED_FCT_RECIPE
PK_DISH_018,Beef Korma,COMPOSITE_DISH,Meal/data/research/khan_2019_pakistani_dishes.csv,KHAN_2019_002,True,Khan et al. (2019) PJMS 35(5):1224-1230,READY_NUTRITION_ONLY,ORIGIN_VERIFIED_KHAN_DISH
PK_DISH_019,Chicken Karahi,COMPOSITE_DISH,Meal/data/research/khan_2019_pakistani_dishes.csv,KHAN_2019_008,True,Khan et al. (2019) PJMS 35(5):1224-1230,READY_NUTRITION_ONLY,ORIGIN_VERIFIED_KHAN_DISH
PK_DISH_020,Mutton Karahi,COMPOSITE_DISH,Meal/data/research/khan_2019_pakistani_dishes.csv,KHAN_2019_024,True,Khan et al. (2019) PJMS 35(5):1224-1230,READY_NUTRITION_ONLY,ORIGIN_VERIFIED_KHAN_DISH
PK_DISH_021,Beef Nihari,COMPOSITE_DISH,Meal/data/research/khan_2019_pakistani_dishes.csv,KHAN_2019_025,True,Khan et al. (2019) PJMS 35(5):1224-1230,READY_NUTRITION_ONLY,ORIGIN_VERIFIED_KHAN_DISH
PK_DISH_022,Baingan,COMPOSITE_DISH,Meal/data/research/khan_2019_pakistani_dishes.csv,KHAN_2019_003,True,Khan et al. (2019) PJMS 35(5):1224-1230,READY_NUTRITION_ONLY,ORIGIN_VERIFIED_KHAN_DISH
PK_DISH_023,Bhindi,COMPOSITE_DISH,Meal/data/research/khan_2019_pakistani_dishes.csv,KHAN_2019_004,True,Khan et al. (2019) PJMS 35(5):1224-1230,READY_NUTRITION_ONLY,ORIGIN_VERIFIED_KHAN_DISH
PK_DISH_024,Fish (Marinated Pan-Fried),COMPOSITE_DISH,Meal/data/research/khan_2019_pakistani_dishes.csv,KHAN_2019_013,True,Khan et al. (2019) PJMS 35(5):1224-1230,READY_NUTRITION_ONLY,ORIGIN_VERIFIED_KHAN_DISH
PK_DISH_025,Channa Daal,COMPOSITE_DISH,Meal/data/research/khan_2019_pakistani_dishes.csv,KHAN_2019_005,True,Khan et al. (2019) PJMS 35(5):1224-1230,READY_NUTRITION_ONLY,ORIGIN_VERIFIED_KHAN_DISH
PK_DISH_026,Choley,COMPOSITE_DISH,Meal/data/research/khan_2019_pakistani_dishes.csv,KHAN_2019_010,True,Khan et al. (2019) PJMS 35(5):1224-1230,READY_NUTRITION_ONLY,ORIGIN_VERIFIED_KHAN_DISH
PK_DISH_027,Daal Kadu,COMPOSITE_DISH,Meal/data/research/khan_2019_pakistani_dishes.csv,KHAN_2019_011,True,Khan et al. (2019) PJMS 35(5):1224-1230,READY_NUTRITION_ONLY,ORIGIN_VERIFIED_KHAN_DISH
PK_DISH_028,Daal Mash,COMPOSITE_DISH,Meal/data/research/khan_2019_pakistani_dishes.csv,KHAN_2019_012,True,Khan et al. (2019) PJMS 35(5):1224-1230,READY_NUTRITION_ONLY,ORIGIN_VERIFIED_KHAN_DISH
PK_DISH_029,Mix Moong-Masoor Daal (Peeti),COMPOSITE_DISH,Meal/data/research/khan_2019_pakistani_dishes.csv,KHAN_2019_022,True,Khan et al. (2019) PJMS 35(5):1224-1230,READY_NUTRITION_ONLY,ORIGIN_VERIFIED_KHAN_DISH
PK_DISH_030,Arvi Qeema,COMPOSITE_DISH,Meal/data/research/khan_2019_pakistani_dishes.csv,KHAN_2019_015,True,Khan et al. (2019) PJMS 35(5):1224-1230,READY_NUTRITION_ONLY,ORIGIN_VERIFIED_KHAN_DISH
PK_DISH_031,Kaleji,COMPOSITE_DISH,Meal/data/research/khan_2019_pakistani_dishes.csv,KHAN_2019_016,True,Khan et al. (2019) PJMS 35(5):1224-1230,READY_NUTRITION_ONLY,ORIGIN_VERIFIED_KHAN_DISH
PK_DISH_032,Karelay Qeema,COMPOSITE_DISH,Meal/data/research/khan_2019_pakistani_dishes.csv,KHAN_2019_017,True,Khan et al. (2019) PJMS 35(5):1224-1230,READY_NUTRITION_ONLY,ORIGIN_VERIFIED_KHAN_DISH
PK_DISH_033,Kadhi Pakora,COMPOSITE_DISH,Meal/data/research/khan_2019_pakistani_dishes.csv,KHAN_2019_018,True,Khan et al. (2019) PJMS 35(5):1224-1230,READY_NUTRITION_ONLY,ORIGIN_VERIFIED_KHAN_DISH
PK_DISH_034,Qeema Macaroni,COMPOSITE_DISH,Meal/data/research/khan_2019_pakistani_dishes.csv,KHAN_2019_021,True,Khan et al. (2019) PJMS 35(5):1224-1230,READY_NUTRITION_ONLY,ORIGIN_VERIFIED_KHAN_DISH
PK_DISH_035,Mixed Sabzi,COMPOSITE_DISH,Meal/data/research/khan_2019_pakistani_dishes.csv,KHAN_2019_023,True,Khan et al. (2019) PJMS 35(5):1224-1230,READY_NUTRITION_ONLY,ORIGIN_VERIFIED_KHAN_DISH
PK_DISH_036,Palak,COMPOSITE_DISH,Meal/data/research/khan_2019_pakistani_dishes.csv,KHAN_2019_026,True,Khan et al. (2019) PJMS 35(5):1224-1230,READY_NUTRITION_ONLY,ORIGIN_VERIFIED_KHAN_DISH
PK_DISH_037,Shimla Mirch Qeema,COMPOSITE_DISH,Meal/data/research/khan_2019_pakistani_dishes.csv,KHAN_2019_028,True,Khan et al. (2019) PJMS 35(5):1224-1230,READY_NUTRITION_ONLY,ORIGIN_VERIFIED_KHAN_DISH
PK_DISH_038,Vegetable Rice,COMPOSITE_DISH,Meal/data/research/khan_2019_pakistani_dishes.csv,KHAN_2019_009,True,Khan et al. (2019) PJMS 35(5):1224-1230,READY_NUTRITION_ONLY,ORIGIN_VERIFIED_KHAN_DISH
PK_DISH_039,Chawal (Tempered Rice),COMPOSITE_DISH,Meal/data/research/khan_2019_pakistani_dishes.csv,KHAN_2019_029,True,Khan et al. (2019) PJMS 35(5):1224-1230,READY_NUTRITION_ONLY,ORIGIN_VERIFIED_KHAN_DISH
PK_DISH_040,Tori,COMPOSITE_DISH,Meal/data/research/khan_2019_pakistani_dishes.csv,KHAN_2019_030,True,Khan et al. (2019) PJMS 35(5):1224-1230,READY_NUTRITION_ONLY,ORIGIN_VERIFIED_KHAN_DISH
PK_COMP_001,Curd / Yogurt (Dahi),DIRECT_COMPONENT,Meal/data/processed/pakistan_meal_components.csv,PK_COMP_001,True,Food Composition Table for Pakistan (Revised 2001),READY_DIRECT_COMPONENT,ORIGIN_VERIFIED_PHASE4A_COMPONENT
PK_COMP_002,Butter Milk (Lassi),DIRECT_COMPONENT,Meal/data/processed/pakistan_meal_components.csv,PK_COMP_002,True,Food Composition Table for Pakistan (Revised 2001),READY_DIRECT_COMPONENT,ORIGIN_VERIFIED_PHASE4A_COMPONENT
PK_COMP_003,Whole Buffalo Milk,DIRECT_COMPONENT,Meal/data/processed/pakistan_meal_components.csv,PK_COMP_003,True,Food Composition Table for Pakistan (Revised 2001),READY_DIRECT_COMPONENT,ORIGIN_VERIFIED_PHASE4A_COMPONENT
PK_COMP_004,Cottage Cheese (Paneer),DIRECT_COMPONENT,Meal/data/processed/pakistan_meal_components.csv,PK_COMP_004,True,Food Composition Table for Pakistan (Revised 2001),READY_DIRECT_COMPONENT,ORIGIN_VERIFIED_PHASE4A_COMPONENT
PK_COMP_005,Boiled Chicken Egg,DIRECT_COMPONENT,Meal/data/processed/pakistan_meal_components.csv,PK_COMP_005,True,Food Composition Table for Pakistan (Revised 2001),READY_DIRECT_COMPONENT,ORIGIN_VERIFIED_PHASE4A_COMPONENT
PK_COMP_007,Fresh Apple (Seb),DIRECT_COMPONENT,Meal/data/processed/pakistan_meal_components.csv,PK_COMP_007,True,Food Composition Table for Pakistan (Revised 2001),READY_DIRECT_COMPONENT,ORIGIN_VERIFIED_PHASE4A_COMPONENT
PK_COMP_008,Ripe Banana (Kela),DIRECT_COMPONENT,Meal/data/processed/pakistan_meal_components.csv,PK_COMP_008,True,Food Composition Table for Pakistan (Revised 2001),READY_DIRECT_COMPONENT,ORIGIN_VERIFIED_PHASE4A_COMPONENT
PK_COMP_009,Guava Whole (Amrud),DIRECT_COMPONENT,Meal/data/processed/pakistan_meal_components.csv,PK_COMP_009,True,Food Composition Table for Pakistan (Revised 2001),READY_DIRECT_COMPONENT,ORIGIN_VERIFIED_PHASE4A_COMPONENT
PK_COMP_010,Dried Dates (Khajur),DIRECT_COMPONENT,Meal/data/processed/pakistan_meal_components.csv,PK_COMP_010,True,Food Composition Table for Pakistan (Revised 2001),READY_DIRECT_COMPONENT,ORIGIN_VERIFIED_PHASE4A_COMPONENT
PK_COMP_011,Fresh Apricot (Khubani),DIRECT_COMPONENT,Meal/data/processed/pakistan_meal_components.csv,PK_COMP_011,True,Food Composition Table for Pakistan (Revised 2001),READY_DIRECT_COMPONENT,ORIGIN_VERIFIED_PHASE4A_COMPONENT
PK_COMP_012,Fresh Orange (Malta),DIRECT_COMPONENT,Meal/data/processed/pakistan_meal_components.csv,PK_COMP_012,True,Food Composition Table for Pakistan (Revised 2001),READY_DIRECT_COMPONENT,ORIGIN_VERIFIED_PHASE4A_COMPONENT
PK_COMP_013,Ripe Mango (Aam),DIRECT_COMPONENT,Meal/data/processed/pakistan_meal_components.csv,PK_COMP_013,True,Food Composition Table for Pakistan (Revised 2001),READY_DIRECT_COMPONENT,ORIGIN_VERIFIED_PHASE4A_COMPONENT
PK_COMP_014,Pomegranate (Anar),DIRECT_COMPONENT,Meal/data/processed/pakistan_meal_components.csv,PK_COMP_014,True,Food Composition Table for Pakistan (Revised 2001),READY_DIRECT_COMPONENT,ORIGIN_VERIFIED_PHASE4A_COMPONENT
PK_COMP_015,Watermelon (Tarbuz),DIRECT_COMPONENT,Meal/data/processed/pakistan_meal_components.csv,PK_COMP_015,True,Food Composition Table for Pakistan (Revised 2001),READY_DIRECT_COMPONENT,ORIGIN_VERIFIED_PHASE4A_COMPONENT
PK_COMP_016,Musk Melon (Sarda),DIRECT_COMPONENT,Meal/data/processed/pakistan_meal_components.csv,PK_COMP_016,True,Food Composition Table for Pakistan (Revised 2001),READY_DIRECT_COMPONENT,ORIGIN_VERIFIED_PHASE4A_COMPONENT
PK_COMP_017,Raw Almond (Badam),DIRECT_COMPONENT,Meal/data/processed/pakistan_meal_components.csv,PK_COMP_017,True,Food Composition Table for Pakistan (Revised 2001),READY_DIRECT_COMPONENT,ORIGIN_VERIFIED_PHASE4A_COMPONENT
PK_COMP_018,Raw Walnut (Akhrot),DIRECT_COMPONENT,Meal/data/processed/pakistan_meal_components.csv,PK_COMP_018,True,Food Composition Table for Pakistan (Revised 2001),READY_DIRECT_COMPONENT,ORIGIN_VERIFIED_PHASE4A_COMPONENT
PK_COMP_019,Peanut (Mongphali),DIRECT_COMPONENT,Meal/data/processed/pakistan_meal_components.csv,PK_COMP_019,True,Food Composition Table for Pakistan (Revised 2001),READY_DIRECT_COMPONENT,ORIGIN_VERIFIED_PHASE4A_COMPONENT
PK_COMP_020,Pistachio (Pista),DIRECT_COMPONENT,Meal/data/processed/pakistan_meal_components.csv,PK_COMP_020,True,Food Composition Table for Pakistan (Revised 2001),READY_DIRECT_COMPONENT,ORIGIN_VERIFIED_PHASE4A_COMPONENT
PK_COMP_021,Cooked Chickpea (Channa),DIRECT_COMPONENT,Meal/data/processed/pakistan_meal_components.csv,PK_COMP_021,True,Food Composition Table for Pakistan (Revised 2001),READY_DIRECT_COMPONENT,ORIGIN_VERIFIED_PHASE4A_COMPONENT
PK_COMP_023,Cooked Broad Bean (Lobia),DIRECT_COMPONENT,Meal/data/processed/pakistan_meal_components.csv,PK_COMP_023,True,Food Composition Table for Pakistan (Revised 2001),READY_DIRECT_COMPONENT,ORIGIN_VERIFIED_PHASE4A_COMPONENT
PK_COMP_026,Raw Cucumber (Khira),DIRECT_COMPONENT,Meal/data/processed/pakistan_meal_components.csv,PK_COMP_026,True,Food Composition Table for Pakistan (Revised 2001),READY_DIRECT_COMPONENT,ORIGIN_VERIFIED_PHASE4A_COMPONENT
PK_COMP_027,Raw Tomato (Tamatar),DIRECT_COMPONENT,Meal/data/processed/pakistan_meal_components.csv,PK_COMP_027,True,Food Composition Table for Pakistan (Revised 2001),READY_DIRECT_COMPONENT,ORIGIN_VERIFIED_PHASE4A_COMPONENT
PK_COMP_028,Raw Carrot (Gajor),DIRECT_COMPONENT,Meal/data/processed/pakistan_meal_components.csv,PK_COMP_028,True,Food Composition Table for Pakistan (Revised 2001),READY_DIRECT_COMPONENT,ORIGIN_VERIFIED_PHASE4A_COMPONENT
PK_COMP_029,Raw Radish (Mooli),DIRECT_COMPONENT,Meal/data/processed/pakistan_meal_components.csv,PK_COMP_029,True,Food Composition Table for Pakistan (Revised 2001),READY_DIRECT_COMPONENT,ORIGIN_VERIFIED_PHASE4A_COMPONENT
PK_COMP_030,Raw Beetroot (Chakunder),DIRECT_COMPONENT,Meal/data/processed/pakistan_meal_components.csv,PK_COMP_030,True,Food Composition Table for Pakistan (Revised 2001),READY_DIRECT_COMPONENT,ORIGIN_VERIFIED_PHASE4A_COMPONENT
PK_COMP_031,Raw Onion (Piaz),DIRECT_COMPONENT,Meal/data/processed/pakistan_meal_components.csv,PK_COMP_031,True,Food Composition Table for Pakistan (Revised 2001),READY_DIRECT_COMPONENT,ORIGIN_VERIFIED_PHASE4A_COMPONENT
PK_COMP_034,Corn Bread (Makai Roti),DIRECT_COMPONENT,Meal/data/processed/pakistan_meal_components.csv,PK_COMP_034,True,Food Composition Table for Pakistan (Revised 2001),READY_DIRECT_COMPONENT,ORIGIN_VERIFIED_PHASE4A_COMPONENT
PK_COMP_035,Wheat Tandoori Bread (Nan),DIRECT_COMPONENT,Meal/data/processed/pakistan_meal_components.csv,PK_COMP_035,True,Food Composition Table for Pakistan (Revised 2001),READY_DIRECT_COMPONENT,ORIGIN_VERIFIED_PHASE4A_COMPONENT
PK_PORTION_001,Standard Whole Wheat Chapati,STANDARD_PORTION,Meal/data/processed/pakistan_portion_references.csv,PK_PORTION_001,True,Pakistan Dietary Guidelines for Better Nutrition (2019),READY_STANDARD_PORTION,ORIGIN_VERIFIED_PHASE3_PORTION
PK_PORTION_002,Plain Boiled Rice,STANDARD_PORTION,Meal/data/processed/pakistan_portion_references.csv,PK_PORTION_002,True,Pakistan Dietary Guidelines for Better Nutrition (2019),READY_STANDARD_PORTION,ORIGIN_VERIFIED_PHASE3_PORTION
