recipe_id,recipe_name,cooked_weight_g,current_servings,current_serving_size_g,serving_explicit_in_source,source_document,source_page,source_text_or_table,final_servings,final_serving_size_g,audit_status
PK_RCP_001,Chapati,80.0,1.0,80.0,False,Food Composition Table for Pakistan (Revised 2001),PDF p54 (Table 1) & PDF p60 (Appendix-1),Table 1 reports proximate chemical analysis strictly per 100g edible portion. Appendix-1 lists raw ingredients and cooking instructions without specifying serving counts or portion weights.,,,per_100g_authoritative_only
PK_RCP_002,Daal Masur Curry,380.0,3.0,126.7,False,Food Composition Table for Pakistan (Revised 2001),PDF p55 (Table 2) & PDF p60 (Appendix-2),Table 2 reports proximate chemical analysis strictly per 100g edible portion. Appendix-2 lists raw ingredients and cooking instructions without specifying serving counts or portion weights.,,,per_100g_authoritative_only
PK_RCP_003,Alu Gosht,550.0,4.0,137.5,False,Food Composition Table for Pakistan (Revised 2001),PDF p55 (Table 3) & PDF p60 (Appendix-3),Table 3 reports proximate chemical analysis strictly per 100g edible portion. Appendix-3 lists raw ingredients and cooking instructions without specifying serving counts or portion weights.,,,per_100g_authoritative_only
PK_RCP_004,Kalool,400.0,3.0,133.3,False,Food Composition Table for Pakistan (Revised 2001),PDF p55 (Table 4) & PDF p61 (Appendix-4),Table 4 reports proximate chemical analysis strictly per 100g edible portion. Appendix-4 lists raw ingredients and cooking instructions without specifying serving counts or portion weights.,,,per_100g_authoritative_only
PK_RCP_005,Kofta Curry,480.0,4.0,120.0,False,Food Composition Table for Pakistan (Revised 2001),PDF p55 (Table 5) & PDF p61 (Appendix-5),Table 5 reports proximate chemical analysis strictly per 100g edible portion. Appendix-5 lists raw ingredients and cooking instructions without specifying serving counts or portion weights.,,,per_100g_authoritative_only
PK_RCP_006,Pulao Gosht,620.0,4.0,155.0,False,Food Composition Table for Pakistan (Revised 2001),PDF p56 (Table 6) & PDF p62 (Appendix-6),Table 6 reports proximate chemical analysis strictly per 100g edible portion. Appendix-6 lists raw ingredients and cooking instructions without specifying serving counts or portion weights.,,,per_100g_authoritative_only
PK_RCP_007,Shami Kabab,360.0,6.0,60.0,False,Food Composition Table for Pakistan (Revised 2001),PDF p56 (Table 7) & PDF p62 (Appendix-7),Table 7 reports proximate chemical analysis strictly per 100g edible portion. Appendix-7 lists raw ingredients and cooking instructions without specifying serving counts or portion weights.,,,per_100g_authoritative_only
PK_RCP_008,Chapal Kabab,400.0,4.0,100.0,False,Food Composition Table for Pakistan (Revised 2001),PDF p56 (Table 8) & PDF p63 (Appendix-8),Table 8 reports proximate chemical analysis strictly per 100g edible portion. Appendix-8 lists raw ingredients and cooking instructions without specifying serving counts or portion weights.,,,per_100g_authoritative_only
PK_RCP_009,Chicken Curry,520.0,4.0,130.0,False,Food Composition Table for Pakistan (Revised 2001),PDF p56 (Table 9) & PDF p63 (Appendix-9),Table 9 reports proximate chemical analysis strictly per 100g edible portion. Appendix-9 lists raw ingredients and cooking instructions without specifying serving counts or portion weights.,,,per_100g_authoritative_only
PK_RCP_010,Haleem,800.0,5.0,160.0,False,Food Composition Table for Pakistan (Revised 2001),PDF p57 (Table 10) & PDF p64 (Appendix-10),Table 10 reports proximate chemical analysis strictly per 100g edible portion. Appendix-10 lists raw ingredients and cooking instructions without specifying serving counts or portion weights.,,,per_100g_authoritative_only
PK_RCP_011,Machli,400.0,4.0,100.0,False,Food Composition Table for Pakistan (Revised 2001),PDF p57 (Table 11) & PDF p64 (Appendix-11),Table 11 reports proximate chemical analysis strictly per 100g edible portion. Appendix-11 lists raw ingredients and cooking instructions without specifying serving counts or portion weights.,,,per_100g_authoritative_only
PK_RCP_012,Sajji,360.0,3.0,120.0,False,Food Composition Table for Pakistan (Revised 2001),PDF p57 (Table 12) & PDF p65 (Appendix-12),Table 12 reports proximate chemical analysis strictly per 100g edible portion. Appendix-12 lists raw ingredients and cooking instructions without specifying serving counts or portion weights.,,,per_100g_authoritative_only
PK_RCP_013,Biryani,700.0,4.0,175.0,False,Food Composition Table for Pakistan (Revised 2001),PDF p57 (Table 13) & PDF p65 (Appendix-13),Table 13 reports proximate chemical analysis strictly per 100g edible portion. Appendix-13 lists raw ingredients and cooking instructions without specifying serving counts or portion weights.,,,per_100g_authoritative_only
PK_RCP_014,Halwa Suji,350.0,4.0,87.5,False,Food Composition Table for Pakistan (Revised 2001),PDF p58 (Table 14) & PDF p65 (Appendix-14),Table 14 reports proximate chemical analysis strictly per 100g edible portion. Appendix-14 lists raw ingredients and cooking instructions without specifying serving counts or portion weights.,,,per_100g_authoritative_only
PK_RCP_015,Zarda,420.0,4.0,105.0,False,Food Composition Table for Pakistan (Revised 2001),PDF p58 (Table 15) & PDF p65 (Appendix-15),Table 15 reports proximate chemical analysis strictly per 100g edible portion. Appendix-15 lists raw ingredients and cooking instructions without specifying serving counts or portion weights.,,,per_100g_authoritative_only
PK_RCP_016,Kheer,500.0,4.0,125.0,False,Food Composition Table for Pakistan (Revised 2001),PDF p58 (Table 16) & PDF p66 (Appendix-16),Table 16 reports proximate chemical analysis strictly per 100g edible portion. Appendix-16 lists raw ingredients and cooking instructions without specifying serving counts or portion weights.,,,per_100g_authoritative_only
PK_RCP_017,Halwa Gajar,450.0,4.0,112.5,False,Food Composition Table for Pakistan (Revised 2001),PDF p58 (Table 17) & PDF p66 (Appendix-17),Table 17 reports proximate chemical analysis strictly per 100g edible portion. Appendix-17 lists raw ingredients and cooking instructions without specifying serving counts or portion weights.,,,per_100g_authoritative_only
