recipe_id,recipe_name,ingredient_count_total,ingredient_count_quantified,ingredient_count_unquantified,material_ingredients_complete,compound_ingredients_present,cooked_weight_available,quantified_raw_weight_g,water_weight_g,cooked_weight_g,yield_factor,calculated_energy_kcal_raw_total,calculated_protein_g_raw_total,calculated_fat_g_raw_total,calculated_carb_g_raw_total,calculated_fiber_g_raw_total,calculated_calcium_mg_raw_total,calculated_iron_mg_raw_total,calculated_vit_c_mg_raw_total,calculated_energy_kcal_per_100g,calculated_protein_g_per_100g,calculated_fat_g_per_100g,calculated_carb_g_per_100g,calculated_fiber_g_per_100g,calculated_calcium_mg_per_100g,calculated_iron_mg_per_100g,calculated_vit_c_mg_per_100g,qa_calculation_status,notes
PK_RCP_001,Chapati,2,2,0,True,False,True,95.0,35.0,80.0,0.842,214.2,6.0,0.72,45.06,0.6,19.2,2.7,0.0,267.8,7.5,0.9,56.33,0.75,24.0,3.38,0.0,complete_quantified_calculation,QA ingredient-derived estimate only; primary user-facing nutrition remains Level-A laboratory FCT value.
PK_RCP_002,Daal Masur Curry,5,2,3,False,True,True,165.0,0.0,380.0,,784.6,31.12,41.02,74.62,4.5,160.0,13.62,0.0,206.5,8.19,10.79,19.64,1.18,42.11,3.59,0.0,partial_quantified_estimate,QA ingredient-derived estimate only; primary user-facing nutrition remains Level-A laboratory FCT value.
PK_RCP_003,Alu Gosht,6,3,3,False,True,True,540.0,0.0,550.0,,1167.1,48.87,86.64,0.0,1.0,30.0,8.0,37.5,212.2,8.89,15.75,0.0,0.18,5.45,1.45,6.82,partial_quantified_estimate,QA ingredient-derived estimate only; primary user-facing nutrition remains Level-A laboratory FCT value.
PK_RCP_004,Kalool,3,2,1,False,True,True,240.0,0.0,400.0,,657.6,22.92,41.64,51.4,3.8,92.0,7.2,0.0,164.4,5.73,10.41,12.85,0.95,23.0,1.8,0.0,partial_quantified_estimate,QA ingredient-derived estimate only; primary user-facing nutrition remains Level-A laboratory FCT value.
PK_RCP_005,Kofta Curry,3,3,0,True,False,True,380.0,0.0,480.0,1.263,1277.0,59.1,106.49,18.21,1.17,74.4,8.94,0.0,266.0,12.31,22.19,3.79,0.24,15.5,1.86,0.0,complete_quantified_calculation,QA ingredient-derived estimate only; primary user-facing nutrition remains Level-A laboratory FCT value.
PK_RCP_006,Pulao Gosht,3,3,0,True,False,True,540.0,0.0,620.0,1.148,1859.6,60.87,88.39,198.75,1.0,75.0,9.75,0.0,299.9,9.82,14.26,32.06,0.16,12.1,1.57,0.0,complete_quantified_calculation,QA ingredient-derived estimate only; primary user-facing nutrition remains Level-A laboratory FCT value.
PK_RCP_007,Shami Kabab,4,3,1,False,False,True,390.0,0.0,360.0,,1319.6,64.62,89.94,60.7,3.9,158.0,11.8,0.0,366.6,17.95,24.98,16.86,1.08,43.89,3.28,0.0,partial_quantified_estimate,QA ingredient-derived estimate only; primary user-facing nutrition remains Level-A laboratory FCT value.
PK_RCP_008,Chapal Kabab,4,3,1,False,True,True,380.0,0.0,400.0,,1251.8,55.83,106.31,21.0,0.54,39.6,7.86,0.0,312.9,13.96,26.58,5.25,0.14,9.9,1.97,0.0,partial_quantified_estimate,QA ingredient-derived estimate only; primary user-facing nutrition remains Level-A laboratory FCT value.
PK_RCP_009,Chicken Curry,3,2,1,False,True,True,350.0,0.0,520.0,,998.0,56.55,102.35,0.0,0.0,45.0,5.7,0.0,191.9,10.88,19.68,0.0,0.0,8.65,1.1,0.0,partial_quantified_estimate,QA ingredient-derived estimate only; primary user-facing nutrition remains Level-A laboratory FCT value.
PK_RCP_010,Haleem,7,7,0,True,False,True,450.0,0.0,800.0,1.778,1524.6,64.11,80.69,130.22,5.77,166.3,15.83,0.0,190.6,8.01,10.09,16.28,0.72,20.79,1.98,0.0,complete_quantified_calculation,QA ingredient-derived estimate only; primary user-facing nutrition remains Level-A laboratory FCT value.
PK_RCP_011,Machli,9,9,0,True,True,True,648.0,40.0,400.0,0.617,1291.4,90.8,99.32,4.86,0.12,93.9,0.21,0.0,322.8,22.7,24.83,1.21,0.03,23.48,0.05,0.0,complete_quantified_calculation,QA ingredient-derived estimate only; primary user-facing nutrition remains Level-A laboratory FCT value.
PK_RCP_012,Sajji,3,3,0,True,False,True,552.0,0.0,360.0,0.652,1029.6,95.62,56.64,26.5,0.0,0.0,37.0,160.0,286.0,26.56,15.73,7.36,0.0,0.0,10.28,44.44,complete_quantified_calculation,QA ingredient-derived estimate only; primary user-facing nutrition remains Level-A laboratory FCT value.
PK_RCP_013,Biryani,13,13,0,True,True,True,1344.0,500.0,700.0,0.521,1884.9,66.99,111.65,183.7,2.25,270.8,48.06,33.0,269.3,9.57,15.95,26.24,0.32,38.69,6.87,4.71,complete_quantified_calculation,QA ingredient-derived estimate only; primary user-facing nutrition remains Level-A laboratory FCT value.
PK_RCP_014,Halwa Suji,5,5,0,True,False,True,652.0,300.0,350.0,0.537,1819.0,15.6,102.1,115.95,0.75,30.0,5.4,0.0,519.7,4.46,29.17,33.13,0.21,8.57,1.54,0.0,complete_quantified_calculation,QA ingredient-derived estimate only; primary user-facing nutrition remains Level-A laboratory FCT value.
PK_RCP_015,Zarda,7,7,0,True,False,True,1553.0,1000.0,420.0,0.27,2423.5,26.05,79.3,198.75,1.0,176.5,7.2,0.0,577.0,6.2,18.88,47.32,0.24,42.02,1.71,0.0,complete_quantified_calculation,QA ingredient-derived estimate only; primary user-facing nutrition remains Level-A laboratory FCT value.
PK_RCP_016,Kheer,3,3,0,True,False,True,610.0,0.0,500.0,0.82,939.0,25.85,39.45,61.75,0.2,874.0,1.11,0.0,187.8,5.17,7.89,12.35,0.04,174.8,0.22,0.0,complete_quantified_calculation,QA ingredient-derived estimate only; primary user-facing nutrition remains Level-A laboratory FCT value.
PK_RCP_017,Halwa Gajar,4,4,0,True,False,True,1100.0,0.0,450.0,0.409,2296.5,16.05,119.6,57.0,4.5,642.5,9.0,50.0,510.3,3.57,26.58,12.67,1.0,142.78,2.0,11.11,complete_quantified_calculation,QA ingredient-derived estimate only; primary user-facing nutrition remains Level-A laboratory FCT value.
