observation_id,canonical_dish_id,source_id,source_entity_id,source_dish_name,nutrition_authority,formulation_authority,nutrition_basis,energy_kcal_per_100g,protein_g_per_100g,fat_g_per_100g,carb_g_per_100g,fiber_g_per_100g,moisture_g_per_100g,ash_g_per_100g,calcium_mg_per_100g,iron_mg_per_100g,vit_c_mg_per_100g,source_exchange_available,complete_quantitative_formulation,all_ingredients_quantified_in_grams,recipe_instruction_eligible,source_document,source_page,notes
OBS_FCT_001,PK_DISH_001,SRC_PK_001,PK_RCP_001,Chapati,LAB_TESTED_FCT,QUANTITATIVE_GRAM_FORMULATION,per_100g_cooked,282.0,9.7,2.0,54.7,1.0,31.0,1.6,0.5,0.2,0.9,False,True,True,True,Food Composition Table for Pakistan (Revised 2001),PDF p54,Primary official FCT laboratory chemical proximate analysis for Chapati. Formulated in Appendix.
OBS_FCT_002,PK_DISH_002,SRC_PK_001,PK_RCP_002,Daal Masur Curry,LAB_TESTED_FCT,COMPLETE_SOURCE_FORMULATION,per_100g_cooked,96.0,5.2,2.5,12.6,1.0,75.1,1.2,0.8,1.1,3.0,False,False,False,True,Food Composition Table for Pakistan (Revised 2001),PDF p55,Primary official FCT laboratory chemical proximate analysis for Daal Masur Curry. Formulated in Appendix.
OBS_FCT_003,PK_DISH_003,SRC_PK_001,PK_RCP_003,Alu Gosht,LAB_TESTED_FCT,COMPLETE_SOURCE_FORMULATION,per_100g_cooked,120.0,7.0,4.0,13.0,2.0,73.0,1.0,1.1,0.5,1.4,False,False,False,True,Food Composition Table for Pakistan (Revised 2001),PDF p55,Primary official FCT laboratory chemical proximate analysis for Alu Gosht. Formulated in Appendix.
OBS_FCT_004,PK_DISH_004,SRC_PK_001,PK_RCP_004,Kalool,LAB_TESTED_FCT,COMPLETE_SOURCE_FORMULATION,per_100g_cooked,162.0,11.7,1.5,24.3,2.5,58.0,2.0,1.0,0.8,2.1,False,False,False,True,Food Composition Table for Pakistan (Revised 2001),PDF p55,Primary official FCT laboratory chemical proximate analysis for Kalool. Formulated in Appendix.
OBS_FCT_005,PK_DISH_005,SRC_PK_001,PK_RCP_005,Kofta Curry,LAB_TESTED_FCT,QUANTITATIVE_GRAM_FORMULATION,per_100g_cooked,152.0,13.5,4.0,14.5,0.0,65.0,3.0,1.1,1.0,0.3,False,True,True,True,Food Composition Table for Pakistan (Revised 2001),PDF p55,Primary official FCT laboratory chemical proximate analysis for Kofta Curry. Formulated in Appendix.
OBS_FCT_006,PK_DISH_006,SRC_PK_001,PK_RCP_006,Pulao Gosht,LAB_TESTED_FCT,QUANTITATIVE_GRAM_FORMULATION,per_100g_cooked,179.0,11.0,6.0,18.9,1.1,62.0,1.0,1.0,0.3,0.0,False,True,True,True,Food Composition Table for Pakistan (Revised 2001),PDF p56,Primary official FCT laboratory chemical proximate analysis for Pulao Gosht. Formulated in Appendix.
OBS_FCT_007,PK_DISH_007,SRC_PK_001,PK_RCP_007,Shami Kabab,LAB_TESTED_FCT,COMPLETE_SOURCE_FORMULATION,per_100g_cooked,137.0,10.2,3.0,16.3,0.0,68.0,2.5,1.0,0.9,0.4,False,False,False,True,Food Composition Table for Pakistan (Revised 2001),PDF p56,Primary official FCT laboratory chemical proximate analysis for Shami Kabab. Formulated in Appendix.
OBS_FCT_008,PK_DISH_008,SRC_PK_001,PK_RCP_008,Chapal Kabab,LAB_TESTED_FCT,COMPLETE_SOURCE_FORMULATION,per_100g_cooked,134.0,5.0,6.5,12.8,1.5,74.0,1.3,0.3,1.5,0.2,False,False,False,True,Food Composition Table for Pakistan (Revised 2001),PDF p56,Primary official FCT laboratory chemical proximate analysis for Chapal Kabab. Formulated in Appendix.
OBS_FCT_009,PK_DISH_009,SRC_PK_001,PK_RCP_009,Chicken Curry,LAB_TESTED_FCT,COMPLETE_SOURCE_FORMULATION,per_100g_cooked,167.0,9.8,8.5,11.7,0.0,68.0,1.0,3.0,0.5,0.0,False,False,False,True,Food Composition Table for Pakistan (Revised 2001),PDF p56,Primary official FCT laboratory chemical proximate analysis for Chicken Curry. Formulated in Appendix.
OBS_FCT_010,PK_DISH_010,SRC_PK_001,PK_RCP_010,Haleem,LAB_TESTED_FCT,QUANTITATIVE_GRAM_FORMULATION,per_100g_cooked,156.0,10.2,2.0,23.2,1.0,62.4,1.0,31.0,1.2,8.6,False,True,True,True,Food Composition Table for Pakistan (Revised 2001),PDF p57,Primary official FCT laboratory chemical proximate analysis for Haleem. Formulated in Appendix.
OBS_FCT_011,PK_DISH_011,SRC_PK_001,PK_RCP_011,Machli,LAB_TESTED_FCT,QUANTITATIVE_GRAM_FORMULATION,per_100g_cooked,237.0,23.7,14.2,1.8,0.3,58.0,1.1,42.0,1.5,0.2,False,True,True,True,Food Composition Table for Pakistan (Revised 2001),PDF p57,Primary official FCT laboratory chemical proximate analysis for Machli. Formulated in Appendix.
OBS_FCT_012,PK_DISH_012,SRC_PK_001,PK_RCP_012,Sajji,LAB_TESTED_FCT,QUANTITATIVE_GRAM_FORMULATION,per_100g_cooked,157.0,17.2,6.6,1.5,0.0,60.5,1.2,15.0,1.8,0.0,False,True,True,True,Food Composition Table for Pakistan (Revised 2001),PDF p57,Primary official FCT laboratory chemical proximate analysis for Sajji. Formulated in Appendix.
OBS_FCT_013,PK_DISH_013,SRC_PK_001,PK_RCP_013,Biryani,LAB_TESTED_FCT,QUANTITATIVE_GRAM_FORMULATION,per_100g_cooked,197.0,9.1,6.7,23.8,0.8,57.6,1.2,52.0,0.9,3.6,False,True,True,True,Food Composition Table for Pakistan (Revised 2001),PDF p57,Primary official FCT laboratory chemical proximate analysis for Biryani. Formulated in Appendix.
OBS_FCT_014,PK_DISH_014,SRC_PK_001,PK_RCP_014,Halwa Suji,LAB_TESTED_FCT,QUANTITATIVE_GRAM_FORMULATION,per_100g_cooked,337.0,2.9,12.0,52.1,12.0,21.0,0.2,0.7,0.1,0.0,False,True,True,True,Food Composition Table for Pakistan (Revised 2001),PDF p58,Primary official FCT laboratory chemical proximate analysis for Halwa Suji. Formulated in Appendix.
OBS_FCT_015,PK_DISH_015,SRC_PK_001,PK_RCP_015,Zarda,LAB_TESTED_FCT,QUANTITATIVE_GRAM_FORMULATION,per_100g_cooked,246.0,4.5,4.0,46.5,0.5,43.0,1.5,0.4,0.5,0.3,False,True,True,True,Food Composition Table for Pakistan (Revised 2001),PDF p58,Primary official FCT laboratory chemical proximate analysis for Zarda. Formulated in Appendix.
OBS_FCT_016,PK_DISH_016,SRC_PK_001,PK_RCP_016,Kheer,LAB_TESTED_FCT,QUANTITATIVE_GRAM_FORMULATION,per_100g_cooked,125.0,3.6,2.7,18.2,0.2,72.2,1.1,137.0,0.2,1.7,False,True,True,True,Food Composition Table for Pakistan (Revised 2001),PDF p58,Primary official FCT laboratory chemical proximate analysis for Kheer. Formulated in Appendix.
OBS_FCT_017,PK_DISH_017,SRC_PK_001,PK_RCP_017,Halwa Gajar,LAB_TESTED_FCT,QUANTITATIVE_GRAM_FORMULATION,per_100g_cooked,410.0,5.1,24.2,42.0,2.1,22.6,1.8,150.0,1.1,2.0,False,True,True,True,Food Composition Table for Pakistan (Revised 2001),PDF p58,Primary official FCT laboratory chemical proximate analysis for Halwa Gajar. Formulated in Appendix.
OBS_KHAN_001,PK_DISH_003,SRC_PK_003,KHAN_2019_001,Potato meat,LAB_TESTED_PEER_REVIEWED_PAKISTAN,MAJOR_INGREDIENTS_ONLY,per_100g_cooked,199.34,4.76,15.23,10.8,,67.5,1.71,,,,True,False,False,False,Developing a meal-planning exchange list for commonly consumed Pakistani dishes (Progress in Nutrition 2019; 21(2):421-429),Pages 423-426,Peer-reviewed laboratory proximate analysis (AOAC methods) for Potato meat (Aloo gosht). Published with exchange values.
OBS_KHAN_002,PK_DISH_018,SRC_PK_003,KHAN_2019_002,Beef korma,LAB_TESTED_PEER_REVIEWED_PAKISTAN,MAJOR_INGREDIENTS_ONLY,per_100g_cooked,193.95,7.85,12.21,13.16,,65.5,1.28,,,,True,False,False,False,Developing a meal-planning exchange list for commonly consumed Pakistani dishes (Progress in Nutrition 2019; 21(2):421-429),Pages 423-426,Peer-reviewed laboratory proximate analysis (AOAC methods) for Beef korma (Gosht korma). Published with exchange values.
OBS_KHAN_003,PK_DISH_022,SRC_PK_003,KHAN_2019_003,Bringels,LAB_TESTED_PEER_REVIEWED_PAKISTAN,MAJOR_INGREDIENTS_ONLY,per_100g_cooked,208.63,1.93,18.5,8.61,,69.5,1.46,,,,True,False,False,False,Developing a meal-planning exchange list for commonly consumed Pakistani dishes (Progress in Nutrition 2019; 21(2):421-429),Pages 423-426,Peer-reviewed laboratory proximate analysis (AOAC methods) for Bringels (Baingan). Published with exchange values.
OBS_KHAN_004,PK_DISH_023,SRC_PK_003,KHAN_2019_004,Okra,LAB_TESTED_PEER_REVIEWED_PAKISTAN,MAJOR_INGREDIENTS_ONLY,per_100g_cooked,158.33,1.24,11.64,12.15,,73.0,1.97,,,,True,False,False,False,Developing a meal-planning exchange list for commonly consumed Pakistani dishes (Progress in Nutrition 2019; 21(2):421-429),Pages 423-426,Peer-reviewed laboratory proximate analysis (AOAC methods) for Okra (Bhindi). Published with exchange values.
OBS_KHAN_005,PK_DISH_025,SRC_PK_003,KHAN_2019_005,Slit chickpea lentils,LAB_TESTED_PEER_REVIEWED_PAKISTAN,MAJOR_INGREDIENTS_ONLY,per_100g_cooked,229.22,2.48,17.74,14.91,,63.5,1.37,,,,True,False,False,False,Developing a meal-planning exchange list for commonly consumed Pakistani dishes (Progress in Nutrition 2019; 21(2):421-429),Pages 423-426,Peer-reviewed laboratory proximate analysis (AOAC methods) for Slit chickpea lentils (Channa daal). Published with exchange values.
OBS_KHAN_006,PK_DISH_008,SRC_PK_003,KHAN_2019_006,Chapli kabab,LAB_TESTED_PEER_REVIEWED_PAKISTAN,MAJOR_INGREDIENTS_ONLY,per_100g_cooked,278.76,12.16,19.52,13.61,,52.5,2.21,,,,True,False,False,False,Developing a meal-planning exchange list for commonly consumed Pakistani dishes (Progress in Nutrition 2019; 21(2):421-429),Pages 423-426,Peer-reviewed laboratory proximate analysis (AOAC methods) for Chapli kabab (Chapli kabab). Published with exchange values.
OBS_KHAN_007,PK_DISH_013,SRC_PK_003,KHAN_2019_007,Chicken biryani,LAB_TESTED_PEER_REVIEWED_PAKISTAN,MAJOR_INGREDIENTS_ONLY,per_100g_cooked,160.22,6.43,5.23,21.85,,65.0,1.49,,,,True,False,False,False,Developing a meal-planning exchange list for commonly consumed Pakistani dishes (Progress in Nutrition 2019; 21(2):421-429),Pages 423-426,Peer-reviewed laboratory proximate analysis (AOAC methods) for Chicken biryani (Chicken biryani). Published with exchange values.
OBS_KHAN_008,PK_DISH_019,SRC_PK_003,KHAN_2019_008,Chicken karahi,LAB_TESTED_PEER_REVIEWED_PAKISTAN,MAJOR_INGREDIENTS_ONLY,per_100g_cooked,240.51,13.37,15.85,11.09,,57.5,2.19,,,,True,False,False,False,Developing a meal-planning exchange list for commonly consumed Pakistani dishes (Progress in Nutrition 2019; 21(2):421-429),Pages 423-426,Peer-reviewed laboratory proximate analysis (AOAC methods) for Chicken karahi (Chicken karahi). Published with exchange values.
OBS_KHAN_009,PK_DISH_038,SRC_PK_003,KHAN_2019_009,Vegetable rice,LAB_TESTED_PEER_REVIEWED_PAKISTAN,MAJOR_INGREDIENTS_ONLY,per_100g_cooked,150.42,3.54,5.52,21.99,,67.7,1.52,,,,True,False,False,False,Developing a meal-planning exchange list for commonly consumed Pakistani dishes (Progress in Nutrition 2019; 21(2):421-429),Pages 423-426,Peer-reviewed laboratory proximate analysis (AOAC methods) for Vegetable rice (Vegetable rice). Published with exchange values.
OBS_KHAN_010,PK_DISH_026,SRC_PK_003,KHAN_2019_010,Gram/ Chick pea,LAB_TESTED_PEER_REVIEWED_PAKISTAN,MAJOR_INGREDIENTS_ONLY,per_100g_cooked,182.52,4.15,9.88,19.26,,64.0,2.72,,,,True,False,False,False,Developing a meal-planning exchange list for commonly consumed Pakistani dishes (Progress in Nutrition 2019; 21(2):421-429),Pages 423-426,Peer-reviewed laboratory proximate analysis (AOAC methods) for Gram/ Chick pea (Choley). Published with exchange values.
OBS_KHAN_011,PK_DISH_027,SRC_PK_003,KHAN_2019_011,Slit chick pea lentil with bottle gourd,LAB_TESTED_PEER_REVIEWED_PAKISTAN,MAJOR_INGREDIENTS_ONLY,per_100g_cooked,182.51,2.33,13.11,13.79,,69.5,1.27,,,,True,False,False,False,Developing a meal-planning exchange list for commonly consumed Pakistani dishes (Progress in Nutrition 2019; 21(2):421-429),Pages 423-426,Peer-reviewed laboratory proximate analysis (AOAC methods) for Slit chick pea lentil with bottle gourd (Daal kadu). Published with exchange values.
OBS_KHAN_012,PK_DISH_028,SRC_PK_003,KHAN_2019_012,Mash bean,LAB_TESTED_PEER_REVIEWED_PAKISTAN,MAJOR_INGREDIENTS_ONLY,per_100g_cooked,272.06,6.36,17.98,21.21,,53.0,1.46,,,,True,False,False,False,Developing a meal-planning exchange list for commonly consumed Pakistani dishes (Progress in Nutrition 2019; 21(2):421-429),Pages 423-426,Peer-reviewed laboratory proximate analysis (AOAC methods) for Mash bean (Daal mash). Published with exchange values.
OBS_KHAN_013,PK_DISH_024,SRC_PK_003,KHAN_2019_013,Fish,LAB_TESTED_PEER_REVIEWED_PAKISTAN,MAJOR_INGREDIENTS_ONLY,per_100g_cooked,172.85,18.05,9.04,4.83,,65.0,3.08,,,,True,False,False,False,Developing a meal-planning exchange list for commonly consumed Pakistani dishes (Progress in Nutrition 2019; 21(2):421-429),Pages 423-426,Peer-reviewed laboratory proximate analysis (AOAC methods) for Fish (Machli). Published with exchange values.
OBS_KHAN_014,PK_DISH_010,SRC_PK_003,KHAN_2019_014,Haleem,LAB_TESTED_PEER_REVIEWED_PAKISTAN,MAJOR_INGREDIENTS_ONLY,per_100g_cooked,128.34,5.38,5.38,14.6,,73.0,1.65,,,,True,False,False,False,Developing a meal-planning exchange list for commonly consumed Pakistani dishes (Progress in Nutrition 2019; 21(2):421-429),Pages 423-426,Peer-reviewed laboratory proximate analysis (AOAC methods) for Haleem (Haleem). Published with exchange values.
OBS_KHAN_015,PK_DISH_030,SRC_PK_003,KHAN_2019_015,Colocassia with minced beef,LAB_TESTED_PEER_REVIEWED_PAKISTAN,MAJOR_INGREDIENTS_ONLY,per_100g_cooked,192.81,5.42,11.71,16.45,,65.5,0.93,,,,True,False,False,False,Developing a meal-planning exchange list for commonly consumed Pakistani dishes (Progress in Nutrition 2019; 21(2):421-429),Pages 423-426,Peer-reviewed laboratory proximate analysis (AOAC methods) for Colocassia with minced beef (Kachalo qeema). Published with exchange values.
OBS_KHAN_016,PK_DISH_031,SRC_PK_003,KHAN_2019_016,Liver,LAB_TESTED_PEER_REVIEWED_PAKISTAN,MAJOR_INGREDIENTS_ONLY,per_100g_cooked,276.51,16.04,19.09,10.13,,53.0,1.74,,,,True,False,False,False,Developing a meal-planning exchange list for commonly consumed Pakistani dishes (Progress in Nutrition 2019; 21(2):421-429),Pages 423-426,Peer-reviewed laboratory proximate analysis (AOAC methods) for Liver (Kaleji). Published with exchange values.
OBS_KHAN_017,PK_DISH_032,SRC_PK_003,KHAN_2019_017,Minced beef with bitter gourd,LAB_TESTED_PEER_REVIEWED_PAKISTAN,MAJOR_INGREDIENTS_ONLY,per_100g_cooked,271.04,7.7,20.74,9.42,,61.0,1.14,,,,True,False,False,False,Developing a meal-planning exchange list for commonly consumed Pakistani dishes (Progress in Nutrition 2019; 21(2):421-429),Pages 423-426,Peer-reviewed laboratory proximate analysis (AOAC methods) for Minced beef with bitter gourd (Karella qeema). Published with exchange values.
OBS_KHAN_018,PK_DISH_033,SRC_PK_003,KHAN_2019_018,Yogurt curry with pakoras,LAB_TESTED_PEER_REVIEWED_PAKISTAN,MAJOR_INGREDIENTS_ONLY,per_100g_cooked,177.49,2.92,13.85,10.29,,71.5,1.44,,,,True,False,False,False,Developing a meal-planning exchange list for commonly consumed Pakistani dishes (Progress in Nutrition 2019; 21(2):421-429),Pages 423-426,Peer-reviewed laboratory proximate analysis (AOAC methods) for Yogurt curry with pakoras (Kadhi pakora). Published with exchange values.
OBS_KHAN_019,PK_DISH_005,SRC_PK_003,KHAN_2019_019,Meat balls curry,LAB_TESTED_PEER_REVIEWED_PAKISTAN,MAJOR_INGREDIENTS_ONLY,per_100g_cooked,241.56,11.14,18.28,8.13,,60.5,1.96,,,,True,False,False,False,Developing a meal-planning exchange list for commonly consumed Pakistani dishes (Progress in Nutrition 2019; 21(2):421-429),Pages 423-426,Peer-reviewed laboratory proximate analysis (AOAC methods) for Meat balls curry (Koftay). Published with exchange values.
OBS_KHAN_020,PK_DISH_004,SRC_PK_003,KHAN_2019_020,Kidney beans,LAB_TESTED_PEER_REVIEWED_PAKISTAN,MAJOR_INGREDIENTS_ONLY,per_100g_cooked,171.49,3.67,11.6,13.11,,70.5,1.12,,,,True,False,False,False,Developing a meal-planning exchange list for commonly consumed Pakistani dishes (Progress in Nutrition 2019; 21(2):421-429),Pages 423-426,Peer-reviewed laboratory proximate analysis (AOAC methods) for Kidney beans (Lobia). Published with exchange values.
OBS_KHAN_021,PK_DISH_034,SRC_PK_003,KHAN_2019_021,Macroni with minced beef,LAB_TESTED_PEER_REVIEWED_PAKISTAN,MAJOR_INGREDIENTS_ONLY,per_100g_cooked,171.43,4.7,9.25,17.35,,67.5,1.2,,,,True,False,False,False,Developing a meal-planning exchange list for commonly consumed Pakistani dishes (Progress in Nutrition 2019; 21(2):421-429),Pages 423-426,Peer-reviewed laboratory proximate analysis (AOAC methods) for Macroni with minced beef (Macroni qeema). Published with exchange values.
OBS_KHAN_022,PK_DISH_029,SRC_PK_003,KHAN_2019_022,Mix masoor and moong lentils,LAB_TESTED_PEER_REVIEWED_PAKISTAN,MAJOR_INGREDIENTS_ONLY,per_100g_cooked,183.16,4.9,11.49,15.05,,67.0,1.57,,,,True,False,False,False,Developing a meal-planning exchange list for commonly consumed Pakistani dishes (Progress in Nutrition 2019; 21(2):421-429),Pages 423-426,Peer-reviewed laboratory proximate analysis (AOAC methods) for Mix masoor and moong lentils (Peeti). Published with exchange values.
OBS_KHAN_023,PK_DISH_035,SRC_PK_003,KHAN_2019_023,Mix vegetable,LAB_TESTED_PEER_REVIEWED_PAKISTAN,MAJOR_INGREDIENTS_ONLY,per_100g_cooked,141.86,2.34,9.81,11.04,,75.0,1.8,,,,True,False,False,False,Developing a meal-planning exchange list for commonly consumed Pakistani dishes (Progress in Nutrition 2019; 21(2):421-429),Pages 423-426,Peer-reviewed laboratory proximate analysis (AOAC methods) for Mix vegetable (Mix sabzi). Published with exchange values.
OBS_KHAN_024,PK_DISH_020,SRC_PK_003,KHAN_2019_024,Mutton karahi,LAB_TESTED_PEER_REVIEWED_PAKISTAN,MAJOR_INGREDIENTS_ONLY,per_100g_cooked,242.42,9.02,20.35,5.81,,62.5,2.33,,,,True,False,False,False,Developing a meal-planning exchange list for commonly consumed Pakistani dishes (Progress in Nutrition 2019; 21(2):421-429),Pages 423-426,Peer-reviewed laboratory proximate analysis (AOAC methods) for Mutton karahi (Mutton karahi). Published with exchange values.
OBS_KHAN_025,PK_DISH_021,SRC_PK_003,KHAN_2019_025,Beef nihari,LAB_TESTED_PEER_REVIEWED_PAKISTAN,MAJOR_INGREDIENTS_ONLY,per_100g_cooked,172.07,6.24,13.21,7.06,,71.5,1.99,,,,True,False,False,False,Developing a meal-planning exchange list for commonly consumed Pakistani dishes (Progress in Nutrition 2019; 21(2):421-429),Pages 423-426,Peer-reviewed laboratory proximate analysis (AOAC methods) for Beef nihari (Nihari Gosht). Published with exchange values.
OBS_KHAN_026,PK_DISH_036,SRC_PK_003,KHAN_2019_026,Spinach,LAB_TESTED_PEER_REVIEWED_PAKISTAN,MAJOR_INGREDIENTS_ONLY,per_100g_cooked,167.45,2.49,14.18,7.47,,73.5,2.36,,,,True,False,False,False,Developing a meal-planning exchange list for commonly consumed Pakistani dishes (Progress in Nutrition 2019; 21(2):421-429),Pages 423-426,Peer-reviewed laboratory proximate analysis (AOAC methods) for Spinach (Palak). Published with exchange values.
OBS_KHAN_027,PK_DISH_006,SRC_PK_003,KHAN_2019_027,Beef pulao,LAB_TESTED_PEER_REVIEWED_PAKISTAN,MAJOR_INGREDIENTS_ONLY,per_100g_cooked,180.98,5.82,7.65,22.21,,63.5,0.82,,,,True,False,False,False,Developing a meal-planning exchange list for commonly consumed Pakistani dishes (Progress in Nutrition 2019; 21(2):421-429),Pages 423-426,Peer-reviewed laboratory proximate analysis (AOAC methods) for Beef pulao (Pulao gosht). Published with exchange values.
OBS_KHAN_028,PK_DISH_037,SRC_PK_003,KHAN_2019_028,Minced beef with capsicum,LAB_TESTED_PEER_REVIEWED_PAKISTAN,MAJOR_INGREDIENTS_ONLY,per_100g_cooked,188.43,5.99,15.19,6.93,,71.5,0.39,,,,True,False,False,False,Developing a meal-planning exchange list for commonly consumed Pakistani dishes (Progress in Nutrition 2019; 21(2):421-429),Pages 423-426,Peer-reviewed laboratory proximate analysis (AOAC methods) for Minced beef with capsicum (Shimla mirch qeema). Published with exchange values.
OBS_KHAN_029,PK_DISH_039,SRC_PK_003,KHAN_2019_029,Simple rice,LAB_TESTED_PEER_REVIEWED_PAKISTAN,MAJOR_INGREDIENTS_ONLY,per_100g_cooked,193.52,3.86,6.94,28.91,,59.0,1.29,,,,True,False,False,False,Developing a meal-planning exchange list for commonly consumed Pakistani dishes (Progress in Nutrition 2019; 21(2):421-429),Pages 423-426,Peer-reviewed laboratory proximate analysis (AOAC methods) for Simple rice (Chawal). Published with exchange values.
OBS_KHAN_030,PK_DISH_040,SRC_PK_003,KHAN_2019_030,Ridge gourd,LAB_TESTED_PEER_REVIEWED_PAKISTAN,MAJOR_INGREDIENTS_ONLY,per_100g_cooked,137.64,1.36,10.45,9.54,,77.0,1.65,,,,True,False,False,False,Developing a meal-planning exchange list for commonly consumed Pakistani dishes (Progress in Nutrition 2019; 21(2):421-429),Pages 423-426,Peer-reviewed laboratory proximate analysis (AOAC methods) for Ridge gourd (Tori). Published with exchange values.
