sr_no,dish_name,description,standardized_in_study,published_formula_available,supplementary_source_found,source_url_or_reference,ingredient_quantities_available,cooked_yield_available,serving_available,retrieval_status,notes
1,Aloo Anday,egg and potato curry,True,False,False,"South Asian J Public Health 2024, Vol 3, Issue 1, Pages 5-6 (Table 2)",False,False,False,AUTHOR_REQUEST_REQUIRED,Standardized across 3 kitchen trials and sensory panels at Kinnaird College (KC/ORIC/ERC/2024/001). Quantitative ingredient gram weights not published in journal article. Data available on reasonable request from corresponding author (mahnaz.nasir@kinnaird.edu.pk).
2,Aloo Baingan,potato and eggplant curry,True,False,False,"South Asian J Public Health 2024, Vol 3, Issue 1, Pages 5-6 (Table 2)",False,False,False,AUTHOR_REQUEST_REQUIRED,Standardized across 3 kitchen trials and sensory panels at Kinnaird College (KC/ORIC/ERC/2024/001). Quantitative ingredient gram weights not published in journal article. Data available on reasonable request from corresponding author (mahnaz.nasir@kinnaird.edu.pk).
3,Aloo Bhujia,potato curry,True,False,False,"South Asian J Public Health 2024, Vol 3, Issue 1, Pages 5-6 (Table 2)",False,False,False,AUTHOR_REQUEST_REQUIRED,Standardized across 3 kitchen trials and sensory panels at Kinnaird College (KC/ORIC/ERC/2024/001). Quantitative ingredient gram weights not published in journal article. Data available on reasonable request from corresponding author (mahnaz.nasir@kinnaird.edu.pk).
4,Aloo Gajjar,potato and carrot curry,True,False,False,"South Asian J Public Health 2024, Vol 3, Issue 1, Pages 5-6 (Table 2)",False,False,False,AUTHOR_REQUEST_REQUIRED,Standardized across 3 kitchen trials and sensory panels at Kinnaird College (KC/ORIC/ERC/2024/001). Quantitative ingredient gram weights not published in journal article. Data available on reasonable request from corresponding author (mahnaz.nasir@kinnaird.edu.pk).
5,Aloo Gobhi,potato and cauliflower curry,True,False,False,"South Asian J Public Health 2024, Vol 3, Issue 1, Pages 5-6 (Table 2)",False,False,False,AUTHOR_REQUEST_REQUIRED,Standardized across 3 kitchen trials and sensory panels at Kinnaird College (KC/ORIC/ERC/2024/001). Quantitative ingredient gram weights not published in journal article. Data available on reasonable request from corresponding author (mahnaz.nasir@kinnaird.edu.pk).
6,Aloo Gosht,potato and meat curry,True,False,False,"South Asian J Public Health 2024, Vol 3, Issue 1, Pages 5-6 (Table 2)",False,False,False,AUTHOR_REQUEST_REQUIRED,Standardized across 3 kitchen trials and sensory panels at Kinnaird College (KC/ORIC/ERC/2024/001). Quantitative ingredient gram weights not published in journal article. Data available on reasonable request from corresponding author (mahnaz.nasir@kinnaird.edu.pk).
7,Aloo Kachnar,potato and bauhinia variegate curry,False,False,False,"South Asian J Public Health 2024, Vol 3, Issue 1, Pages 5-6 (Table 2)",False,False,False,SURVEY_FREQUENCY_METADATA_ONLY,Identified in consumer frequency survey (n=423). Not selected for laboratory recipe standardization in Phase II.
8,Aloo Kulfa,potato and purslane curry,False,False,False,"South Asian J Public Health 2024, Vol 3, Issue 1, Pages 5-6 (Table 2)",False,False,False,SURVEY_FREQUENCY_METADATA_ONLY,Identified in consumer frequency survey (n=423). Not selected for laboratory recipe standardization in Phase II.
9,Aloo Mattar,potato and pea curry,True,False,False,"South Asian J Public Health 2024, Vol 3, Issue 1, Pages 5-6 (Table 2)",False,False,False,AUTHOR_REQUEST_REQUIRED,Standardized across 3 kitchen trials and sensory panels at Kinnaird College (KC/ORIC/ERC/2024/001). Quantitative ingredient gram weights not published in journal article. Data available on reasonable request from corresponding author (mahnaz.nasir@kinnaird.edu.pk).
10,Aloo Meethi,potato and fenugreek curry,True,False,False,"South Asian J Public Health 2024, Vol 3, Issue 1, Pages 5-6 (Table 2)",False,False,False,AUTHOR_REQUEST_REQUIRED,Standardized across 3 kitchen trials and sensory panels at Kinnaird College (KC/ORIC/ERC/2024/001). Quantitative ingredient gram weights not published in journal article. Data available on reasonable request from corresponding author (mahnaz.nasir@kinnaird.edu.pk).
11,Aloo Mooli,potato and radish curry,False,False,False,"South Asian J Public Health 2024, Vol 3, Issue 1, Pages 5-6 (Table 2)",False,False,False,SURVEY_FREQUENCY_METADATA_ONLY,Identified in consumer frequency survey (n=423). Not selected for laboratory recipe standardization in Phase II.
12,Aloo Moongray,potato and radish pods curry,True,False,False,"South Asian J Public Health 2024, Vol 3, Issue 1, Pages 5-6 (Table 2)",False,False,False,AUTHOR_REQUEST_REQUIRED,Standardized across 3 kitchen trials and sensory panels at Kinnaird College (KC/ORIC/ERC/2024/001). Quantitative ingredient gram weights not published in journal article. Data available on reasonable request from corresponding author (mahnaz.nasir@kinnaird.edu.pk).
13,Aloo Palaak,potato and spinach curry,False,False,False,"South Asian J Public Health 2024, Vol 3, Issue 1, Pages 5-6 (Table 2)",False,False,False,SURVEY_FREQUENCY_METADATA_ONLY,Identified in consumer frequency survey (n=423). Not selected for laboratory recipe standardization in Phase II.
14,Aloo Qeema,potato and minced meat,True,False,False,"South Asian J Public Health 2024, Vol 3, Issue 1, Pages 5-6 (Table 2)",False,False,False,AUTHOR_REQUEST_REQUIRED,Standardized across 3 kitchen trials and sensory panels at Kinnaird College (KC/ORIC/ERC/2024/001). Quantitative ingredient gram weights not published in journal article. Data available on reasonable request from corresponding author (mahnaz.nasir@kinnaird.edu.pk).
15,Aloo Shimla Mirch,potato and capsicum curry,False,False,False,"South Asian J Public Health 2024, Vol 3, Issue 1, Pages 5-6 (Table 2)",False,False,False,SURVEY_FREQUENCY_METADATA_ONLY,Identified in consumer frequency survey (n=423). Not selected for laboratory recipe standardization in Phase II.
16,Arbi Baingan,taro and eggplant curry,True,False,False,"South Asian J Public Health 2024, Vol 3, Issue 1, Pages 5-6 (Table 2)",False,False,False,AUTHOR_REQUEST_REQUIRED,Standardized across 3 kitchen trials and sensory panels at Kinnaird College (KC/ORIC/ERC/2024/001). Quantitative ingredient gram weights not published in journal article. Data available on reasonable request from corresponding author (mahnaz.nasir@kinnaird.edu.pk).
17,Arbi Bhujia,taro curry,False,False,False,"South Asian J Public Health 2024, Vol 3, Issue 1, Pages 5-6 (Table 2)",False,False,False,SURVEY_FREQUENCY_METADATA_ONLY,Identified in consumer frequency survey (n=423). Not selected for laboratory recipe standardization in Phase II.
18,Arbi Gosht,taro and meat curry,False,False,False,"South Asian J Public Health 2024, Vol 3, Issue 1, Pages 5-6 (Table 2)",False,False,False,SURVEY_FREQUENCY_METADATA_ONLY,Identified in consumer frequency survey (n=423). Not selected for laboratory recipe standardization in Phase II.
19,Baingan Bharta,eggplant curry,True,False,False,"South Asian J Public Health 2024, Vol 3, Issue 1, Pages 5-6 (Table 2)",False,False,False,AUTHOR_REQUEST_REQUIRED,Standardized across 3 kitchen trials and sensory panels at Kinnaird College (KC/ORIC/ERC/2024/001). Quantitative ingredient gram weights not published in journal article. Data available on reasonable request from corresponding author (mahnaz.nasir@kinnaird.edu.pk).
20,Beef Biryani,beef and rice,False,False,False,"South Asian J Public Health 2024, Vol 3, Issue 1, Pages 5-6 (Table 2)",False,False,False,SURVEY_FREQUENCY_METADATA_ONLY,Identified in consumer frequency survey (n=423). Not selected for laboratory recipe standardization in Phase II.
21,Beef Pulao,beef and rice cooked in beef broth,False,False,False,"South Asian J Public Health 2024, Vol 3, Issue 1, Pages 5-6 (Table 2)",False,False,False,SURVEY_FREQUENCY_METADATA_ONLY,Identified in consumer frequency survey (n=423). Not selected for laboratory recipe standardization in Phase II.
22,Bhindi,okra,True,False,False,"South Asian J Public Health 2024, Vol 3, Issue 1, Pages 5-6 (Table 2)",False,False,False,AUTHOR_REQUEST_REQUIRED,Standardized across 3 kitchen trials and sensory panels at Kinnaird College (KC/ORIC/ERC/2024/001). Quantitative ingredient gram weights not published in journal article. Data available on reasonable request from corresponding author (mahnaz.nasir@kinnaird.edu.pk).
23,Bhindi Gosht,okra and meat curry,True,False,False,"South Asian J Public Health 2024, Vol 3, Issue 1, Pages 5-6 (Table 2)",False,False,False,AUTHOR_REQUEST_REQUIRED,Standardized across 3 kitchen trials and sensory panels at Kinnaird College (KC/ORIC/ERC/2024/001). Quantitative ingredient gram weights not published in journal article. Data available on reasonable request from corresponding author (mahnaz.nasir@kinnaird.edu.pk).
24,Channa Pulao,chickpeas and rice,True,False,False,"South Asian J Public Health 2024, Vol 3, Issue 1, Pages 5-6 (Table 2)",False,False,False,AUTHOR_REQUEST_REQUIRED,Standardized across 3 kitchen trials and sensory panels at Kinnaird College (KC/ORIC/ERC/2024/001). Quantitative ingredient gram weights not published in journal article. Data available on reasonable request from corresponding author (mahnaz.nasir@kinnaird.edu.pk).
25,Chicken Biryani,chicken and rice,True,False,False,"South Asian J Public Health 2024, Vol 3, Issue 1, Pages 5-6 (Table 2)",False,False,False,AUTHOR_REQUEST_REQUIRED,Standardized across 3 kitchen trials and sensory panels at Kinnaird College (KC/ORIC/ERC/2024/001). Quantitative ingredient gram weights not published in journal article. Data available on reasonable request from corresponding author (mahnaz.nasir@kinnaird.edu.pk).
26,Chicken Pulao,chicken and rice cooked in chicken broth,True,False,False,"South Asian J Public Health 2024, Vol 3, Issue 1, Pages 5-6 (Table 2)",False,False,False,AUTHOR_REQUEST_REQUIRED,Standardized across 3 kitchen trials and sensory panels at Kinnaird College (KC/ORIC/ERC/2024/001). Quantitative ingredient gram weights not published in journal article. Data available on reasonable request from corresponding author (mahnaz.nasir@kinnaird.edu.pk).
27,Fish Biryani,fish and rice,False,False,False,"South Asian J Public Health 2024, Vol 3, Issue 1, Pages 5-6 (Table 2)",False,False,False,SURVEY_FREQUENCY_METADATA_ONLY,Identified in consumer frequency survey (n=423). Not selected for laboratory recipe standardization in Phase II.
28,Ghiyya,bottle gourd,True,False,False,"South Asian J Public Health 2024, Vol 3, Issue 1, Pages 5-6 (Table 2)",False,False,False,AUTHOR_REQUEST_REQUIRED,Standardized across 3 kitchen trials and sensory panels at Kinnaird College (KC/ORIC/ERC/2024/001). Quantitative ingredient gram weights not published in journal article. Data available on reasonable request from corresponding author (mahnaz.nasir@kinnaird.edu.pk).
29,Ghiyya Gosht,bottle gourd and mutton curry,True,False,False,"South Asian J Public Health 2024, Vol 3, Issue 1, Pages 5-6 (Table 2)",False,False,False,AUTHOR_REQUEST_REQUIRED,Standardized across 3 kitchen trials and sensory panels at Kinnaird College (KC/ORIC/ERC/2024/001). Quantitative ingredient gram weights not published in journal article. Data available on reasonable request from corresponding author (mahnaz.nasir@kinnaird.edu.pk).
30,Gobhi,cauliflower,True,False,False,"South Asian J Public Health 2024, Vol 3, Issue 1, Pages 5-6 (Table 2)",False,False,False,AUTHOR_REQUEST_REQUIRED,Standardized across 3 kitchen trials and sensory panels at Kinnaird College (KC/ORIC/ERC/2024/001). Quantitative ingredient gram weights not published in journal article. Data available on reasonable request from corresponding author (mahnaz.nasir@kinnaird.edu.pk).
31,Kachnar Gosht,meat and bauhinia variegate curry,False,False,False,"South Asian J Public Health 2024, Vol 3, Issue 1, Pages 5-6 (Table 2)",False,False,False,SURVEY_FREQUENCY_METADATA_ONLY,Identified in consumer frequency survey (n=423). Not selected for laboratory recipe standardization in Phase II.
32,Karelay,bitter gourd,True,False,False,"South Asian J Public Health 2024, Vol 3, Issue 1, Pages 5-6 (Table 2)",False,False,False,AUTHOR_REQUEST_REQUIRED,Standardized across 3 kitchen trials and sensory panels at Kinnaird College (KC/ORIC/ERC/2024/001). Quantitative ingredient gram weights not published in journal article. Data available on reasonable request from corresponding author (mahnaz.nasir@kinnaird.edu.pk).
33,Karelay Gosht,bitter gourd and meat curry,True,False,False,"South Asian J Public Health 2024, Vol 3, Issue 1, Pages 5-6 (Table 2)",False,False,False,AUTHOR_REQUEST_REQUIRED,Standardized across 3 kitchen trials and sensory panels at Kinnaird College (KC/ORIC/ERC/2024/001). Quantitative ingredient gram weights not published in journal article. Data available on reasonable request from corresponding author (mahnaz.nasir@kinnaird.edu.pk).
34,Karelay Qeema,bitter gourd and minced meat,False,False,False,"South Asian J Public Health 2024, Vol 3, Issue 1, Pages 5-6 (Table 2)",False,False,False,SURVEY_FREQUENCY_METADATA_ONLY,Identified in consumer frequency survey (n=423). Not selected for laboratory recipe standardization in Phase II.
35,Kichdi,lentils and rice cooked together,False,False,False,"South Asian J Public Health 2024, Vol 3, Issue 1, Pages 5-6 (Table 2)",False,False,False,SURVEY_FREQUENCY_METADATA_ONLY,Identified in consumer frequency survey (n=423). Not selected for laboratory recipe standardization in Phase II.
36,Kulfa Gosht,meat and purslane curry,False,False,False,"South Asian J Public Health 2024, Vol 3, Issue 1, Pages 5-6 (Table 2)",False,False,False,SURVEY_FREQUENCY_METADATA_ONLY,Identified in consumer frequency survey (n=423). Not selected for laboratory recipe standardization in Phase II.
37,Kulfa Qeema,purslane and minced meat,False,False,False,"South Asian J Public Health 2024, Vol 3, Issue 1, Pages 5-6 (Table 2)",False,False,False,SURVEY_FREQUENCY_METADATA_ONLY,Identified in consumer frequency survey (n=423). Not selected for laboratory recipe standardization in Phase II.
38,Lauki Shaljam,bottle gourd and turnip curry,False,False,False,"South Asian J Public Health 2024, Vol 3, Issue 1, Pages 5-6 (Table 2)",False,False,False,SURVEY_FREQUENCY_METADATA_ONLY,Identified in consumer frequency survey (n=423). Not selected for laboratory recipe standardization in Phase II.
39,Makhanay,fox nuts,False,False,False,"South Asian J Public Health 2024, Vol 3, Issue 1, Pages 5-6 (Table 2)",False,False,False,SURVEY_FREQUENCY_METADATA_ONLY,Identified in consumer frequency survey (n=423). Not selected for laboratory recipe standardization in Phase II.
40,Makhanay Gosht,fox nuts and meat curry,False,False,False,"South Asian J Public Health 2024, Vol 3, Issue 1, Pages 5-6 (Table 2)",False,False,False,SURVEY_FREQUENCY_METADATA_ONLY,Identified in consumer frequency survey (n=423). Not selected for laboratory recipe standardization in Phase II.
41,Mattar Pulao,peas and rice,True,False,False,"South Asian J Public Health 2024, Vol 3, Issue 1, Pages 5-6 (Table 2)",False,False,False,AUTHOR_REQUEST_REQUIRED,Standardized across 3 kitchen trials and sensory panels at Kinnaird College (KC/ORIC/ERC/2024/001). Quantitative ingredient gram weights not published in journal article. Data available on reasonable request from corresponding author (mahnaz.nasir@kinnaird.edu.pk).
42,Mattar Qeema,peas and minced meat,False,False,False,"South Asian J Public Health 2024, Vol 3, Issue 1, Pages 5-6 (Table 2)",False,False,False,SURVEY_FREQUENCY_METADATA_ONLY,Identified in consumer frequency survey (n=423). Not selected for laboratory recipe standardization in Phase II.
43,Meethi Gosht,fenugreek and meat curry,False,False,False,"South Asian J Public Health 2024, Vol 3, Issue 1, Pages 5-6 (Table 2)",False,False,False,SURVEY_FREQUENCY_METADATA_ONLY,Identified in consumer frequency survey (n=423). Not selected for laboratory recipe standardization in Phase II.
44,Mixed Sabzi,"mixed vegetables comprising  of potatoes, carrots, peas, cauliflower and fenu- greek",True,False,False,"South Asian J Public Health 2024, Vol 3, Issue 1, Pages 5-6 (Table 2)",False,False,False,AUTHOR_REQUEST_REQUIRED,Standardized across 3 kitchen trials and sensory panels at Kinnaird College (KC/ORIC/ERC/2024/001). Quantitative ingredient gram weights not published in journal article. Data available on reasonable request from corresponding author (mahnaz.nasir@kinnaird.edu.pk).
45,Mixed Sabzi Pulao,"potatoes, carrots and peas in rice",True,False,False,"South Asian J Public Health 2024, Vol 3, Issue 1, Pages 5-6 (Table 2)",False,False,False,AUTHOR_REQUEST_REQUIRED,Standardized across 3 kitchen trials and sensory panels at Kinnaird College (KC/ORIC/ERC/2024/001). Quantitative ingredient gram weights not published in journal article. Data available on reasonable request from corresponding author (mahnaz.nasir@kinnaird.edu.pk).
46,Mooli,radish,False,False,False,"South Asian J Public Health 2024, Vol 3, Issue 1, Pages 5-6 (Table 2)",False,False,False,SURVEY_FREQUENCY_METADATA_ONLY,Identified in consumer frequency survey (n=423). Not selected for laboratory recipe standardization in Phase II.
47,Moongray,radish pods,False,False,False,"South Asian J Public Health 2024, Vol 3, Issue 1, Pages 5-6 (Table 2)",False,False,False,SURVEY_FREQUENCY_METADATA_ONLY,Identified in consumer frequency survey (n=423). Not selected for laboratory recipe standardization in Phase II.
48,Mongray Aloo Mattar,"radish pods, potato and pea curry",False,False,False,"South Asian J Public Health 2024, Vol 3, Issue 1, Pages 5-6 (Table 2)",False,False,False,SURVEY_FREQUENCY_METADATA_ONLY,Identified in consumer frequency survey (n=423). Not selected for laboratory recipe standardization in Phase II.
49,Moongray Gosht,radish pods and mutton curry,False,False,False,"South Asian J Public Health 2024, Vol 3, Issue 1, Pages 5-6 (Table 2)",False,False,False,SURVEY_FREQUENCY_METADATA_ONLY,Identified in consumer frequency survey (n=423). Not selected for laboratory recipe standardization in Phase II.
50,Mutton Biryani,mutton and rice,False,False,False,"South Asian J Public Health 2024, Vol 3, Issue 1, Pages 5-6 (Table 2)",False,False,False,SURVEY_FREQUENCY_METADATA_ONLY,Identified in consumer frequency survey (n=423). Not selected for laboratory recipe standardization in Phase II.
51,Mutton Pulao,mutton and rice cooked in mut- ton broth,False,False,False,"South Asian J Public Health 2024, Vol 3, Issue 1, Pages 5-6 (Table 2)",False,False,False,SURVEY_FREQUENCY_METADATA_ONLY,Identified in consumer frequency survey (n=423). Not selected for laboratory recipe standardization in Phase II.
52,Palaak Paneer,spinach and cottage cheese curry,False,False,False,"South Asian J Public Health 2024, Vol 3, Issue 1, Pages 5-6 (Table 2)",False,False,False,SURVEY_FREQUENCY_METADATA_ONLY,Identified in consumer frequency survey (n=423). Not selected for laboratory recipe standardization in Phase II.
53,Palak Gosht,spinach and meat curry,True,False,False,"South Asian J Public Health 2024, Vol 3, Issue 1, Pages 5-6 (Table 2)",False,False,False,AUTHOR_REQUEST_REQUIRED,Standardized across 3 kitchen trials and sensory panels at Kinnaird College (KC/ORIC/ERC/2024/001). Quantitative ingredient gram weights not published in journal article. Data available on reasonable request from corresponding author (mahnaz.nasir@kinnaird.edu.pk).
54,Saag Gosht,mustard leaves and meat curry,True,False,False,"South Asian J Public Health 2024, Vol 3, Issue 1, Pages 5-6 (Table 2)",False,False,False,AUTHOR_REQUEST_REQUIRED,Standardized across 3 kitchen trials and sensory panels at Kinnaird College (KC/ORIC/ERC/2024/001). Quantitative ingredient gram weights not published in journal article. Data available on reasonable request from corresponding author (mahnaz.nasir@kinnaird.edu.pk).
55,Saag Makhni,mustard leaves and butter,True,False,False,"South Asian J Public Health 2024, Vol 3, Issue 1, Pages 5-6 (Table 2)",False,False,False,AUTHOR_REQUEST_REQUIRED,Standardized across 3 kitchen trials and sensory panels at Kinnaird College (KC/ORIC/ERC/2024/001). Quantitative ingredient gram weights not published in journal article. Data available on reasonable request from corresponding author (mahnaz.nasir@kinnaird.edu.pk).
56,Shaljam Gosht,turnip and meat curry,True,False,False,"South Asian J Public Health 2024, Vol 3, Issue 1, Pages 5-6 (Table 2)",False,False,False,AUTHOR_REQUEST_REQUIRED,Standardized across 3 kitchen trials and sensory panels at Kinnaird College (KC/ORIC/ERC/2024/001). Quantitative ingredient gram weights not published in journal article. Data available on reasonable request from corresponding author (mahnaz.nasir@kinnaird.edu.pk).
57,Shimla Mirch Qeema,capsicum and minced meat,False,False,False,"South Asian J Public Health 2024, Vol 3, Issue 1, Pages 5-6 (Table 2)",False,False,False,SURVEY_FREQUENCY_METADATA_ONLY,Identified in consumer frequency survey (n=423). Not selected for laboratory recipe standardization in Phase II.
58,Tarke Wale Chawwal,tempered rice,True,False,False,"South Asian J Public Health 2024, Vol 3, Issue 1, Pages 5-6 (Table 2)",False,False,False,AUTHOR_REQUEST_REQUIRED,Standardized across 3 kitchen trials and sensory panels at Kinnaird College (KC/ORIC/ERC/2024/001). Quantitative ingredient gram weights not published in journal article. Data available on reasonable request from corresponding author (mahnaz.nasir@kinnaird.edu.pk).
59,Tinday,apple gourd,True,False,False,"South Asian J Public Health 2024, Vol 3, Issue 1, Pages 5-6 (Table 2)",False,False,False,AUTHOR_REQUEST_REQUIRED,Standardized across 3 kitchen trials and sensory panels at Kinnaird College (KC/ORIC/ERC/2024/001). Quantitative ingredient gram weights not published in journal article. Data available on reasonable request from corresponding author (mahnaz.nasir@kinnaird.edu.pk).
60,Tinday Gosht,apple gourd and meat curry,True,False,False,"South Asian J Public Health 2024, Vol 3, Issue 1, Pages 5-6 (Table 2)",False,False,False,AUTHOR_REQUEST_REQUIRED,Standardized across 3 kitchen trials and sensory panels at Kinnaird College (KC/ORIC/ERC/2024/001). Quantitative ingredient gram weights not published in journal article. Data available on reasonable request from corresponding author (mahnaz.nasir@kinnaird.edu.pk).
61,Tori,ridge gourd,True,False,False,"South Asian J Public Health 2024, Vol 3, Issue 1, Pages 5-6 (Table 2)",False,False,False,AUTHOR_REQUEST_REQUIRED,Standardized across 3 kitchen trials and sensory panels at Kinnaird College (KC/ORIC/ERC/2024/001). Quantitative ingredient gram weights not published in journal article. Data available on reasonable request from corresponding author (mahnaz.nasir@kinnaird.edu.pk).
62,Tori Gosht,ridge gourd and meat curry,False,False,False,"South Asian J Public Health 2024, Vol 3, Issue 1, Pages 5-6 (Table 2)",False,False,False,SURVEY_FREQUENCY_METADATA_ONLY,Identified in consumer frequency survey (n=423). Not selected for laboratory recipe standardization in Phase II.
