dish_id,local_name,common_name,major_ingredients,energy_kcal_per_100g,protein_g_per_100g,fat_g_per_100g,carb_g_per_100g,moisture_g_per_100g,ash_g_per_100g,source_exchange_cho_count,source_exchange_protein_count,source_exchange_fat_count,source_exchange_cho_grams,source_exchange_protein_grams,source_exchange_fat_grams,nutrition_basis,nutrition_authority,formulation_authority,portioning_basis,source_serving_size_available,nutrition_planner_eligible,recipe_instruction_eligible,source_document,source_page,source_table
KHAN_2019_001,Aloo gosht,Potato meat,"Potato, beef, onion, tomato, garlic & ginger paste, green chili, cooking oil, spices, coriander, salt, water",199.34,4.76,15.23,10.8,67.5,1.71,0.5,1.0,3.0,139.0,147.0,33.0,per_100g_wet_cooked_dish,LAB_TESTED_PEER_REVIEWED_PAKISTAN,MAJOR_INGREDIENTS_ONLY,PER_100G_LAB_COMPOSITION,False,True,False,Developing a meal-planning exchange list for commonly consumed Pakistani dishes (Progress in Nutrition 2019; 21(2):421-429),Pages 423-426,"Table 1 (Ingredients), Table 2 (Proximate), Table 3 (Energy), Table 4 (Exchanges)"
KHAN_2019_002,Gosht korma,Beef korma,"Beef, slit chick pea lentils, onion, tomato, garlic & ginger paste, green chili, cooking oil, spices, salt, coriander, water",193.95,7.85,12.21,13.16,65.5,1.28,1.0,1.0,2.0,114.0,89.0,41.0,per_100g_wet_cooked_dish,LAB_TESTED_PEER_REVIEWED_PAKISTAN,MAJOR_INGREDIENTS_ONLY,PER_100G_LAB_COMPOSITION,False,True,False,Developing a meal-planning exchange list for commonly consumed Pakistani dishes (Progress in Nutrition 2019; 21(2):421-429),Pages 423-426,"Table 1 (Ingredients), Table 2 (Proximate), Table 3 (Energy), Table 4 (Exchanges)"
KHAN_2019_003,Baingan,Bringels,"Bringles, onion, tomato, green chili, cooking oil, salt, spices, coriander",208.63,1.93,18.5,8.61,69.5,1.46,0.5,*,3.5,174.0,361.0,27.0,per_100g_wet_cooked_dish,LAB_TESTED_PEER_REVIEWED_PAKISTAN,MAJOR_INGREDIENTS_ONLY,PER_100G_LAB_COMPOSITION,False,True,False,Developing a meal-planning exchange list for commonly consumed Pakistani dishes (Progress in Nutrition 2019; 21(2):421-429),Pages 423-426,"Table 1 (Ingredients), Table 2 (Proximate), Table 3 (Energy), Table 4 (Exchanges)"
KHAN_2019_004,Bhindi,Okra,"Okra, onion, tomato, green chili, cooking oil, salt, spices, coriander",158.33,1.24,11.64,12.15,73.0,1.97,1.0,*,2.0,124.0,564.0,43.0,per_100g_wet_cooked_dish,LAB_TESTED_PEER_REVIEWED_PAKISTAN,MAJOR_INGREDIENTS_ONLY,PER_100G_LAB_COMPOSITION,False,True,False,Developing a meal-planning exchange list for commonly consumed Pakistani dishes (Progress in Nutrition 2019; 21(2):421-429),Pages 423-426,"Table 1 (Ingredients), Table 2 (Proximate), Table 3 (Energy), Table 4 (Exchanges)"
KHAN_2019_005,Channa daal,Slit chickpea lentils,"Slit chick pea lentils, onion, tomato, garlic & ginger paste, green chili, cooking oil, spices, salt, coriander, water",229.22,2.48,17.74,14.91,63.5,1.37,1.0,*,3.5,101.0,282.0,28.0,per_100g_wet_cooked_dish,LAB_TESTED_PEER_REVIEWED_PAKISTAN,MAJOR_INGREDIENTS_ONLY,PER_100G_LAB_COMPOSITION,False,True,False,Developing a meal-planning exchange list for commonly consumed Pakistani dishes (Progress in Nutrition 2019; 21(2):421-429),Pages 423-426,"Table 1 (Ingredients), Table 2 (Proximate), Table 3 (Energy), Table 4 (Exchanges)"
KHAN_2019_006,Chapli kabab,Chapli kabab,"Minced beef, onion, tomato, ginger & garlic paste, spices, egg, maize flour, cooking oil, coriander, salt",278.76,12.16,19.52,13.61,52.5,2.21,1.0,1.5,3.5,110.0,56.0,26.0,per_100g_wet_cooked_dish,LAB_TESTED_PEER_REVIEWED_PAKISTAN,MAJOR_INGREDIENTS_ONLY,PER_100G_LAB_COMPOSITION,False,True,False,Developing a meal-planning exchange list for commonly consumed Pakistani dishes (Progress in Nutrition 2019; 21(2):421-429),Pages 423-426,"Table 1 (Ingredients), Table 2 (Proximate), Table 3 (Energy), Table 4 (Exchanges)"
KHAN_2019_007,Chicken biryani,Chicken biryani,"Rice, chicken, onion, tomato, yogurt, green chili, cooking oil, salt, ginger & garlic paste, biryani masala, water",160.22,6.43,5.23,21.85,65.0,1.49,1.5,1.0,1.0,68.0,109.0,96.0,per_100g_wet_cooked_dish,LAB_TESTED_PEER_REVIEWED_PAKISTAN,MAJOR_INGREDIENTS_ONLY,PER_100G_LAB_COMPOSITION,False,True,False,Developing a meal-planning exchange list for commonly consumed Pakistani dishes (Progress in Nutrition 2019; 21(2):421-429),Pages 423-426,"Table 1 (Ingredients), Table 2 (Proximate), Table 3 (Energy), Table 4 (Exchanges)"
KHAN_2019_008,Chicken karahi,Chicken karahi,"Chicken, tomato, ginger & garlic paste, green chili, coriander, cooking oil, salt, spices",240.51,13.37,15.85,11.09,57.5,2.19,1.0,1.5,3.0,135.0,52.0,32.0,per_100g_wet_cooked_dish,LAB_TESTED_PEER_REVIEWED_PAKISTAN,MAJOR_INGREDIENTS_ONLY,PER_100G_LAB_COMPOSITION,False,True,False,Developing a meal-planning exchange list for commonly consumed Pakistani dishes (Progress in Nutrition 2019; 21(2):421-429),Pages 423-426,"Table 1 (Ingredients), Table 2 (Proximate), Table 3 (Energy), Table 4 (Exchanges)"
KHAN_2019_009,Vegetable rice,Vegetable rice,"Rice, capsicum, cabbage, carrot, peas, green onion, vinegar, chili sauce, soya sauce, china salt, salt, chicken cube, cooking oil, black pepper, garlic paste, water",150.42,3.54,5.52,21.99,67.7,1.52,1.5,1.0,1.0,76.0,220.0,91.0,per_100g_wet_cooked_dish,LAB_TESTED_PEER_REVIEWED_PAKISTAN,MAJOR_INGREDIENTS_ONLY,PER_100G_LAB_COMPOSITION,False,True,False,Developing a meal-planning exchange list for commonly consumed Pakistani dishes (Progress in Nutrition 2019; 21(2):421-429),Pages 423-426,"Table 1 (Ingredients), Table 2 (Proximate), Table 3 (Energy), Table 4 (Exchanges)"
KHAN_2019_010,Choley,Gram/ Chick pea,"Chick pea, onion, tomato, green chili, ginger & garlic paste, spices, salt, cooking oil, coriander, soda, water",182.52,4.15,9.88,19.26,64.0,2.72,1.0,1.0,1.5,79.0,168.0,51.0,per_100g_wet_cooked_dish,LAB_TESTED_PEER_REVIEWED_PAKISTAN,MAJOR_INGREDIENTS_ONLY,PER_100G_LAB_COMPOSITION,False,True,False,Developing a meal-planning exchange list for commonly consumed Pakistani dishes (Progress in Nutrition 2019; 21(2):421-429),Pages 423-426,"Table 1 (Ingredients), Table 2 (Proximate), Table 3 (Energy), Table 4 (Exchanges)"
KHAN_2019_011,Daal kadu,Slit chick pea lentil with bottle gourd,"Bottle gourd, slit chick pea lentils, onion, tomato, ginger & garlic paste, green chili, salt, spices, cooking oil, coriander, water",182.51,2.33,13.11,13.79,69.5,1.27,1.0,*,2.5,109.0,300.0,38.0,per_100g_wet_cooked_dish,LAB_TESTED_PEER_REVIEWED_PAKISTAN,MAJOR_INGREDIENTS_ONLY,PER_100G_LAB_COMPOSITION,False,True,False,Developing a meal-planning exchange list for commonly consumed Pakistani dishes (Progress in Nutrition 2019; 21(2):421-429),Pages 423-426,"Table 1 (Ingredients), Table 2 (Proximate), Table 3 (Energy), Table 4 (Exchanges)"
KHAN_2019_012,Daal mash,Mash bean,"Mash beans, onion, tomato, green chili, garlic & ginger paste, cooking oil, salt, spices, coriander, water",272.06,6.36,17.98,21.21,53.0,1.46,1.0,1.0,3.5,71.0,110.0,28.0,per_100g_wet_cooked_dish,LAB_TESTED_PEER_REVIEWED_PAKISTAN,MAJOR_INGREDIENTS_ONLY,PER_100G_LAB_COMPOSITION,False,True,False,Developing a meal-planning exchange list for commonly consumed Pakistani dishes (Progress in Nutrition 2019; 21(2):421-429),Pages 423-426,"Table 1 (Ingredients), Table 2 (Proximate), Table 3 (Energy), Table 4 (Exchanges)"
KHAN_2019_013,Machli,Fish,"Fish, fish masala, lemon, ginger & garlic paste, salt, cooking oil, vinegar",172.85,18.05,9.04,4.83,65.0,3.08,*,2.5,1.5,313.0,39.0,55.0,per_100g_wet_cooked_dish,LAB_TESTED_PEER_REVIEWED_PAKISTAN,MAJOR_INGREDIENTS_ONLY,PER_100G_LAB_COMPOSITION,False,True,False,Developing a meal-planning exchange list for commonly consumed Pakistani dishes (Progress in Nutrition 2019; 21(2):421-429),Pages 423-426,"Table 1 (Ingredients), Table 2 (Proximate), Table 3 (Energy), Table 4 (Exchanges)"
KHAN_2019_014,Haleem,Haleem,"Meat, onion, mash bean, masoor lentils, wheat, slit chick pea lentils, moong lentils, ginger & garlic paste, green chili, haleem masala, salt, cooking oil, coriander, lemon, tomato, water",128.34,5.38,5.38,14.6,73.0,1.65,1.0,1.0,1.0,103.0,130.0,93.0,per_100g_wet_cooked_dish,LAB_TESTED_PEER_REVIEWED_PAKISTAN,MAJOR_INGREDIENTS_ONLY,PER_100G_LAB_COMPOSITION,False,True,False,Developing a meal-planning exchange list for commonly consumed Pakistani dishes (Progress in Nutrition 2019; 21(2):421-429),Pages 423-426,"Table 1 (Ingredients), Table 2 (Proximate), Table 3 (Energy), Table 4 (Exchanges)"
KHAN_2019_015,Kachalo qeema,Colocassia with minced beef,"Colocassia, minced beef, onion, tomato, green chili, ginger & garlic paste, spices, salt, coriander, cooking oil",192.81,5.42,11.71,16.45,65.5,0.93,1.0,1.0,2.0,91.0,129.0,43.0,per_100g_wet_cooked_dish,LAB_TESTED_PEER_REVIEWED_PAKISTAN,MAJOR_INGREDIENTS_ONLY,PER_100G_LAB_COMPOSITION,False,True,False,Developing a meal-planning exchange list for commonly consumed Pakistani dishes (Progress in Nutrition 2019; 21(2):421-429),Pages 423-426,"Table 1 (Ingredients), Table 2 (Proximate), Table 3 (Energy), Table 4 (Exchanges)"
KHAN_2019_016,Kaleji,Liver,"Liver, tomato, green chili, ginger & garlic paste, spices, cooking oil, salt, coriander, lemon",276.51,16.04,19.09,10.13,53.0,1.74,0.5,2.0,3.5,143.0,44.0,26.0,per_100g_wet_cooked_dish,LAB_TESTED_PEER_REVIEWED_PAKISTAN,MAJOR_INGREDIENTS_ONLY,PER_100G_LAB_COMPOSITION,False,True,False,Developing a meal-planning exchange list for commonly consumed Pakistani dishes (Progress in Nutrition 2019; 21(2):421-429),Pages 423-426,"Table 1 (Ingredients), Table 2 (Proximate), Table 3 (Energy), Table 4 (Exchanges)"
KHAN_2019_017,Karella qeema,Minced beef with bitter gourd,"Bitter gourd, minced beef, onion, tomato, salt, cooking oil, ginger & garlic paste, spices, green chili",271.04,7.7,20.74,9.42,61.0,1.14,1.0,1.0,4.0,129.0,74.0,24.0,per_100g_wet_cooked_dish,LAB_TESTED_PEER_REVIEWED_PAKISTAN,MAJOR_INGREDIENTS_ONLY,PER_100G_LAB_COMPOSITION,False,True,False,Developing a meal-planning exchange list for commonly consumed Pakistani dishes (Progress in Nutrition 2019; 21(2):421-429),Pages 423-426,"Table 1 (Ingredients), Table 2 (Proximate), Table 3 (Energy), Table 4 (Exchanges)"
KHAN_2019_018,Kadhi pakora,Yogurt curry with pakoras,"Yogurt, garlic & ginger paste, onion, tomato green chili, cooking oil, spices, salt, chick pea flour, potato, coriander, soda, water",177.49,2.92,13.85,10.29,71.5,1.44,0.5,*,2.5,146.0,240.0,36.0,per_100g_wet_cooked_dish,LAB_TESTED_PEER_REVIEWED_PAKISTAN,MAJOR_INGREDIENTS_ONLY,PER_100G_LAB_COMPOSITION,False,True,False,Developing a meal-planning exchange list for commonly consumed Pakistani dishes (Progress in Nutrition 2019; 21(2):421-429),Pages 423-426,"Table 1 (Ingredients), Table 2 (Proximate), Table 3 (Energy), Table 4 (Exchanges)"
KHAN_2019_019,Koftay,Meat balls curry,"Ground beef, onion, ginger & garlic paste, green chili, salt, cooking oil, spices, tomato, coriander, egg, chick pea flour, yogurt, water",241.56,11.14,18.28,8.13,60.5,1.96,0.5,1.0,3.5,185.0,63.0,27.0,per_100g_wet_cooked_dish,LAB_TESTED_PEER_REVIEWED_PAKISTAN,MAJOR_INGREDIENTS_ONLY,PER_100G_LAB_COMPOSITION,False,True,False,Developing a meal-planning exchange list for commonly consumed Pakistani dishes (Progress in Nutrition 2019; 21(2):421-429),Pages 423-426,"Table 1 (Ingredients), Table 2 (Proximate), Table 3 (Energy), Table 4 (Exchanges)"
KHAN_2019_020,Lobia,Kidney beans,"Kidney beans, tomato, onion, garlic paste, salt, cooking oil, coriander, spices, green chili, water",171.49,3.67,11.6,13.11,70.5,1.12,1.0,*,2.0,115.0,191.0,43.0,per_100g_wet_cooked_dish,LAB_TESTED_PEER_REVIEWED_PAKISTAN,MAJOR_INGREDIENTS_ONLY,PER_100G_LAB_COMPOSITION,False,True,False,Developing a meal-planning exchange list for commonly consumed Pakistani dishes (Progress in Nutrition 2019; 21(2):421-429),Pages 423-426,"Table 1 (Ingredients), Table 2 (Proximate), Table 3 (Energy), Table 4 (Exchanges)"
KHAN_2019_021,Macroni qeema,Macroni with minced beef,"Macroni, minced beef, onion, tomato, green chili, cooking oil, salt, spices, capsicum, black pepper, vinegar, soya sauce, chili sauce, ginger & garlic paste, coriander, water",171.43,4.7,9.25,17.35,67.5,1.2,1.0,1.0,1.5,88.0,149.0,54.0,per_100g_wet_cooked_dish,LAB_TESTED_PEER_REVIEWED_PAKISTAN,MAJOR_INGREDIENTS_ONLY,PER_100G_LAB_COMPOSITION,False,True,False,Developing a meal-planning exchange list for commonly consumed Pakistani dishes (Progress in Nutrition 2019; 21(2):421-429),Pages 423-426,"Table 1 (Ingredients), Table 2 (Proximate), Table 3 (Energy), Table 4 (Exchanges)"
KHAN_2019_022,Peeti,Mix masoor and moong lentils,"Moong lentils, masoor lentils, onion, tomato, ginger & garlic paste, salt, cooking oil, green chili, coriander, water",183.16,4.9,11.49,15.05,67.0,1.57,1.0,1.0,2.0,100.0,143.0,44.0,per_100g_wet_cooked_dish,LAB_TESTED_PEER_REVIEWED_PAKISTAN,MAJOR_INGREDIENTS_ONLY,PER_100G_LAB_COMPOSITION,False,True,False,Developing a meal-planning exchange list for commonly consumed Pakistani dishes (Progress in Nutrition 2019; 21(2):421-429),Pages 423-426,"Table 1 (Ingredients), Table 2 (Proximate), Table 3 (Energy), Table 4 (Exchanges)"
KHAN_2019_023,Mix sabzi,Mix vegetable,"Peas, cauliflower, carrot, potato, onion, tomato, salt, cooking oil, green chili, spices, coriander, water",141.86,2.34,9.81,11.04,75.0,1.8,1.0,*,1.5,136.0,298.0,51.0,per_100g_wet_cooked_dish,LAB_TESTED_PEER_REVIEWED_PAKISTAN,MAJOR_INGREDIENTS_ONLY,PER_100G_LAB_COMPOSITION,False,True,False,Developing a meal-planning exchange list for commonly consumed Pakistani dishes (Progress in Nutrition 2019; 21(2):421-429),Pages 423-426,"Table 1 (Ingredients), Table 2 (Proximate), Table 3 (Energy), Table 4 (Exchanges)"
KHAN_2019_024,Mutton karahi,Mutton karahi,"Mutton, tomato, ginger & garlic paste, green chili, salt, cooking oil, spices, coriander, water",242.42,9.02,20.35,5.81,62.5,2.33,*,1.0,4.0,259.0,78.0,25.0,per_100g_wet_cooked_dish,LAB_TESTED_PEER_REVIEWED_PAKISTAN,MAJOR_INGREDIENTS_ONLY,PER_100G_LAB_COMPOSITION,False,True,False,Developing a meal-planning exchange list for commonly consumed Pakistani dishes (Progress in Nutrition 2019; 21(2):421-429),Pages 423-426,"Table 1 (Ingredients), Table 2 (Proximate), Table 3 (Energy), Table 4 (Exchanges)"
KHAN_2019_025,Nihari Gosht,Beef nihari,"Beef, onion, tomato, ginger & garlic paste, green chili, nihari masala, wheat flour, coriander, cooking oil, salt, water",172.07,6.24,13.21,7.06,71.5,1.99,0.5,1.0,2.5,211.0,112.0,38.0,per_100g_wet_cooked_dish,LAB_TESTED_PEER_REVIEWED_PAKISTAN,MAJOR_INGREDIENTS_ONLY,PER_100G_LAB_COMPOSITION,False,True,False,Developing a meal-planning exchange list for commonly consumed Pakistani dishes (Progress in Nutrition 2019; 21(2):421-429),Pages 423-426,"Table 1 (Ingredients), Table 2 (Proximate), Table 3 (Energy), Table 4 (Exchanges)"
KHAN_2019_026,Palak,Spinach,"Spinach, onion, tomato, garlic paste, green chili, salt, cooking oil, spices",167.45,2.49,14.18,7.47,73.5,2.36,0.5,*,2.5,200.0,281.0,35.0,per_100g_wet_cooked_dish,LAB_TESTED_PEER_REVIEWED_PAKISTAN,MAJOR_INGREDIENTS_ONLY,PER_100G_LAB_COMPOSITION,False,True,False,Developing a meal-planning exchange list for commonly consumed Pakistani dishes (Progress in Nutrition 2019; 21(2):421-429),Pages 423-426,"Table 1 (Ingredients), Table 2 (Proximate), Table 3 (Energy), Table 4 (Exchanges)"
KHAN_2019_027,Pulao gosht,Beef pulao,"Rice, beef, onion, tomato, green chili, salt, cooking oil, ginger & garlic paste, spices, water",180.98,5.82,7.65,22.21,63.5,0.82,1.5,1.0,1.0,68.0,120.0,65.0,per_100g_wet_cooked_dish,LAB_TESTED_PEER_REVIEWED_PAKISTAN,MAJOR_INGREDIENTS_ONLY,PER_100G_LAB_COMPOSITION,False,True,False,Developing a meal-planning exchange list for commonly consumed Pakistani dishes (Progress in Nutrition 2019; 21(2):421-429),Pages 423-426,"Table 1 (Ingredients), Table 2 (Proximate), Table 3 (Energy), Table 4 (Exchanges)"
KHAN_2019_028,Shimla mirch qeema,Minced beef with capsicum,"Capsicum, ground beef, onion, tomato, green chili, salt, cooking oil, ginger & garlic paste, spices",188.43,5.99,15.19,6.93,71.5,0.39,0.5,1.0,3.0,217.0,117.0,33.0,per_100g_wet_cooked_dish,LAB_TESTED_PEER_REVIEWED_PAKISTAN,MAJOR_INGREDIENTS_ONLY,PER_100G_LAB_COMPOSITION,False,True,False,Developing a meal-planning exchange list for commonly consumed Pakistani dishes (Progress in Nutrition 2019; 21(2):421-429),Pages 423-426,"Table 1 (Ingredients), Table 2 (Proximate), Table 3 (Energy), Table 4 (Exchanges)"
KHAN_2019_029,Chawal,Simple rice,"Rice, onion, tomato, garlic & ginger paste, salt, cooking oil, china salt, water",193.52,3.86,6.94,28.91,59.0,1.29,1.5,*,1.0,52.0,182.0,72.0,per_100g_wet_cooked_dish,LAB_TESTED_PEER_REVIEWED_PAKISTAN,MAJOR_INGREDIENTS_ONLY,PER_100G_LAB_COMPOSITION,False,True,False,Developing a meal-planning exchange list for commonly consumed Pakistani dishes (Progress in Nutrition 2019; 21(2):421-429),Pages 423-426,"Table 1 (Ingredients), Table 2 (Proximate), Table 3 (Energy), Table 4 (Exchanges)"
KHAN_2019_030,Tori,Ridge gourd,"Ridge gourd, onion, tomato, salt, spices, green chili, coriander, garlic paste, cooking oil",137.64,1.36,10.45,9.54,77.0,1.65,0.5,*,2.0,158.0,509.0,48.0,per_100g_wet_cooked_dish,LAB_TESTED_PEER_REVIEWED_PAKISTAN,MAJOR_INGREDIENTS_ONLY,PER_100G_LAB_COMPOSITION,False,True,False,Developing a meal-planning exchange list for commonly consumed Pakistani dishes (Progress in Nutrition 2019; 21(2):421-429),Pages 423-426,"Table 1 (Ingredients), Table 2 (Proximate), Table 3 (Energy), Table 4 (Exchanges)"
