file_num,image_path,true_pcom,split,prob_baseline,prob_improved
10001,image10001.jpg,1,dev,0.8184273863381231,0.9500600088971775
10002,image10002.jpg,0,holdout,0.005999733862015985,0.024400286417997505
10003,image10003.jpg,0,dev,0.006281813912458328,0.02939037506720367
10004,image10004.jpg,1,dev,0.7943737566386507,0.6850018432319964
10005,image10005.jpg,0,dev,0.029398208365729955,0.03222129073619659
10006,image10006.jpg,0,dev,0.05870052072946682,0.006541575942161429
10007,image10007.jpg,0,dev,0.030288078781905925,0.1272761217115307
10008,image10008.jpg,0,dev,0.041224138166093084,0.011400637464927525
10009,image10009.jpg,0,dev,0.00738442928063552,0.009294376656804765
10010,image10010.jpg,1,dev,0.9289226055299183,0.9762309496354091
10011,image10011.jpg,1,dev,0.981531612974012,0.9686804296628946
10012,image10012.jpg,1,dev,0.9631242301519203,0.9777242738347924
10013,image10013.jpg,0,dev,0.19765326084845122,0.034351843957521125
10014,image10014.jpg,0,dev,0.01914730722755849,0.04398797571443706
10015,image10015.jpg,0,dev,0.03309271032139673,0.019718881164735805
10016,image10016.jpg,0,holdout,0.040068181102589404,0.024345672329379165
10017,image10017.jpg,0,dev,0.003342698426098143,0.025833064716438925
10018,image10018.jpg,0,dev,0.015555081366469568,0.010114784525509124
10019,image10019.jpg,0,dev,0.007014706376121143,0.014606517016297732
10020,image10020.jpg,1,dev,0.8007126412596247,0.9218237313949574
10021,image10021.jpg,0,dev,0.009068093037699345,0.06987022266660688
10022,image10022.jpg,0,dev,0.10748828652045879,0.1331514555436445
10023,image10023.jpg,0,dev,0.04202434163602572,0.005147328409532251
10024,image10024.jpg,1,holdout,0.9141504413359955,0.9363119794053502
10025,image10025.jpg,0,dev,0.028001405012247182,0.04755255427432962
10026,image10026.jpg,1,holdout,0.9708903924196264,0.9661781006351575
10027,image10027.jpg,0,holdout,0.01692885237931192,0.007727682053253966
10028,image10028.jpg,0,dev,0.009006931480534823,0.013049849665566118
10029,image10029.jpg,0,dev,0.0201589537319343,0.011942021652448433
10030,image10030.jpg,1,holdout,0.9783856926926804,0.9852627593505987
10031,image10031.jpg,0,dev,0.02777248467536611,0.014128496938530077
10032,image10032.jpg,0,dev,0.015992902798080414,0.04068558870730619
10033,image10033.jpg,1,dev,0.9549088381525678,0.9749045600324139
10034,image10034.jpg,0,dev,0.0043918872297375655,0.04117555556986005
10035,image10035.jpg,0,dev,0.02035100368420482,0.039146853516026585
10036,image10036.jpg,0,dev,0.024470620132168917,0.006808344532047033
10037,image10037.jpg,0,dev,0.08488803861465827,0.013151276077577117
10038,image10038.jpg,0,dev,0.014468729623266488,0.024226820778694102
10039,image10039.jpg,0,dev,0.013277309499301544,0.0030985875358417723
10040,image10040.jpg,0,dev,0.036689867853834705,0.15097616016028534
10041,image10041.jpg,0,dev,0.014830367585499512,0.014423592304165636
10042,image10042.jpg,0,holdout,0.018014711079183565,0.0068970280403556
10043,image10043.jpg,1,dev,0.9602765501369165,0.9834603456663892
10044,image10044.jpg,0,dev,0.08019977500184074,0.030716613502775252
10045,image10045.jpg,0,holdout,0.009524527114514004,0.019885852282312804
10046,image10046.jpg,0,dev,0.03516501123249607,0.06802097324983124
10047,image10047.jpg,1,dev,0.9900158178190557,0.9832039386418617
10048,image10048.jpg,0,dev,0.01986576998473946,0.024217751133994454
10049,image10049.jpg,0,dev,0.03915965265960035,0.024691875318753814
10050,image10050.jpg,0,dev,0.017187538640717644,0.00663798683222715
10051,image10051.jpg,0,dev,0.028335680624322738,0.016250575813893567
10052,image10052.jpg,0,dev,0.006544191892360413,0.04196934383286808
10053,image10053.jpg,0,dev,0.035804684624259696,0.01778673438753293
10054,image10054.jpg,0,dev,0.005173566472733681,0.01570741788914701
10055,image10055.jpg,0,dev,0.004035399757605592,0.02445267737292457
10056,image10056.jpg,0,holdout,0.0034973738955282946,0.06238715465335258
10057,image10057.jpg,0,dev,0.012094092785222466,0.004417892589804588
10058,image10058.jpg,0,dev,0.023528298833303984,0.015015217949027637
10059,image10059.jpg,0,dev,0.010103734833729625,0.001195530571620003
10060,image10060.jpg,1,dev,0.9680164409970876,0.9373186784344925
10061,image10061.jpg,0,holdout,0.02008690687272153,0.10115153531708285
10062,image10062.jpg,0,dev,0.008602978323022835,0.04650707580585201
10063,image10063.jpg,1,holdout,0.9729697866496085,0.9594277793371294
10064,image10064.jpg,1,holdout,0.05069444105813681,0.07143594494098995
10065,image10065.jpg,1,dev,0.019698682528576063,0.030699744646686355
10066,image10066.jpg,0,holdout,0.008895108982544583,0.0103743877432734
10067,image10067.jpg,0,holdout,0.019695545229920047,0.015371233422495013
10068,image10068.jpg,0,holdout,0.0541217600429062,0.007956558970578755
10069,image10069.jpg,0,dev,0.05499868247158415,0.08325871486701462
10070,image10070.jpg,0,holdout,0.022575783244206102,0.1109744988594235
10071,image10071.jpg,0,dev,0.019326750452597186,0.05587198327881195
10072,image10072.jpg,0,dev,0.027743071918363078,0.08243240448890392
10073,image10073.jpg,1,dev,0.9904228139474958,0.9140971109486159
10074,image10074.jpg,0,holdout,0.004386084862820337,0.012995136625093742
10075,image10075.jpg,0,dev,0.01564231887710051,0.015755907292964014
10076,image10076.jpg,0,dev,0.01265200879406206,0.051415486704834125
10077,image10077.jpg,0,dev,0.005166731959277138,0.008810365116236623
10078,image10078.jpg,0,dev,0.020478170860010227,0.02987690880028193
10079,image10079.jpg,0,dev,0.03551976482094102,0.03712892762293701
10080,image10080.jpg,0,dev,0.02583073759957834,0.006018134728176566
10081,image10081.jpg,0,dev,0.00941971005385644,0.03768865872807522
10082,image10082.jpg,1,dev,0.9778102288376074,0.9896131693502609
10083,image10083.jpg,1,dev,0.9754358723455375,0.9927375993007903
10084,image10084.jpg,0,dev,0.01226020024308657,0.031881253117892944
10085,image10085.jpg,0,dev,0.15124368443535818,0.37112233557328206
10086,image10086.jpg,0,dev,0.01565166248521122,0.0110991375977166
10087,image10087.jpg,0,dev,0.01912348998919106,0.08411125721269141
10088,image10088.jpg,0,holdout,0.034597221131562356,0.044865278120082404
10089,image10089.jpg,0,dev,0.01763539224668584,0.009385482639928234
10090,image10090.jpg,0,dev,0.027439862608265378,0.008539547959343603
10091,image10091.jpg,0,dev,0.10371654799458914,0.14943103379519834
10092,image10092.jpg,0,dev,0.018098816064979664,0.04110779885396916
10093,image10093.jpg,1,dev,0.4774317141259037,0.6438813841697099
10094,image10094.jpg,0,dev,0.03400079098722306,0.007231658994732791
10095,image10095.jpg,1,dev,0.9609310001518633,0.9584428725732811
10096,image10096.jpg,0,dev,0.0060773460850988515,0.035697020972863654
10097,image10097.jpg,0,dev,0.034854110172586474,0.022872173248827746
10098,image10098.jpg,0,holdout,0.018941643782032645,0.024203186447262222
10099,image10099.jpg,0,dev,0.002624141567886316,0.012530334893784528
10100,image10100.jpg,0,dev,0.008949615460450831,0.0606553529863137
10101,image10101.jpg,0,holdout,0.004245656187321016,0.015071315792291162
10102,image10102.jpg,0,dev,0.04805729489389904,0.029048674879248577
10103,image10103.jpg,0,dev,0.010311879173334728,0.020347117844729024
10104,image10104.jpg,0,dev,0.15474595690670703,0.3149344451316683
10105,image10105.jpg,0,dev,0.4528183375569843,0.050593436929691156
10106,image10106.jpg,0,dev,0.41175945013069337,0.31543094690555346
10107,image10107.jpg,0,dev,0.43795901845518354,0.27547979306273646
10108,image10108.jpg,1,dev,0.48469065201433725,0.45759177679132473
10109,image10109.jpg,0,dev,0.1827629863405703,0.11512365176158312
10110,image10110.jpg,1,dev,0.3968246314001534,0.1075045650333834
10111,image10111.jpg,0,dev,0.050317862460484024,0.047888911133998714
10112,image10112.jpg,0,holdout,0.021816991283660887,0.010931024949790664
10113,image10113.jpg,0,holdout,0.011119942935759004,0.05216027685863994
10114,image10114.jpg,0,dev,0.090532200047113,0.08037540678625944
10115,image10115.jpg,0,dev,0.01816279851925161,0.03023687158728956
10116,image10116.jpg,0,dev,0.04964497266665666,0.08329092097767475
10117,image10117.jpg,0,dev,0.11579470051003415,0.0012340641916445457
10118,image10118.jpg,0,dev,0.10549780930316384,0.029953883627876293
10119,image10119.jpg,0,holdout,0.20589520489866447,0.03164020950484313
10120,image10120.jpg,0,dev,0.07638546294635966,0.13354248673089178
10121,image10121.jpg,0,dev,0.04965841972990039,0.0038096617399018783
10122,image10122.jpg,0,dev,0.10049460189620317,0.03961141812695014
10123,image10123.jpg,0,dev,0.050440240704328156,0.03405252777034063
10124,image10124.jpg,0,dev,0.03128477285578725,0.09360858795656633
10125,image10125.jpg,0,dev,0.03202905899028886,0.009981162543810632
10126,image10126.jpg,0,dev,0.10624174650562644,0.03480365722060449
10127,image10127.jpg,0,dev,0.06787311873528325,0.024002542516142398
10128,image10128.jpg,0,dev,0.09577109512654995,0.061599011581275676
10129,image10129.jpg,0,dev,0.07964917415305252,0.03338845444525402
10130,image10130.jpg,0,holdout,0.05518901948682129,0.010584586032303523
10131,image10131.jpg,0,dev,0.06229962297512385,0.022498480466589643
10132,image10132.jpg,0,dev,0.044829413538418426,0.18224839451312758
10133,image10133.jpg,0,holdout,0.08030217922823951,0.07527050090901403
10134,image10134.jpg,0,dev,0.06793358677144008,0.04451637242131024
10135,image10135.jpg,0,dev,0.06050964885210949,0.03654910719992533
10136,image10136.jpg,0,holdout,0.041578035998348424,0.035221607831605876
10137,image10137.jpg,0,dev,0.04143386749842305,0.008640465264071395
10138,image10138.jpg,0,dev,0.1347647883240725,0.01799997023711677
10139,image10139.jpg,0,holdout,0.14937536486394193,0.025552725560572385
10140,image10140.jpg,0,holdout,0.06471486425279853,0.25315836199810626
10141,image10141.jpg,0,dev,0.02601599389482881,0.014522485827027467
10142,image10142.jpg,0,dev,0.04729699609818891,0.03514210915271286
10143,image10143.jpg,0,dev,0.06330359335841114,0.2740904577802061
10144,image10144.jpg,0,dev,0.06464290556704574,0.06487024117958316
10145,image10145.jpg,0,dev,0.06277771274076971,0.10555520849452694
10146,image10146.jpg,0,dev,0.05961365444013191,0.1706134506586098
10147,image10147.jpg,0,dev,0.01565116880313569,0.027414300118544416
10148,image10148.jpg,0,dev,0.21618789530625762,0.04866837548084516
10149,image10149.jpg,0,holdout,0.009037468442018593,0.03488370133850158
10150,image10150.jpg,0,dev,0.09833861324222508,0.005095324802779064
10151,image10151.jpg,0,dev,0.024748941320249226,0.005999995630316678
10152,image10152.jpg,0,dev,0.014970234061958363,0.06835317898831904
10153,image10153.jpg,0,dev,0.03952583737840195,0.11856222953492913
10154,image10154.jpg,0,dev,0.024604847152840333,0.028498378124225687
10155,image10155.jpg,0,dev,0.14583601726996118,0.07586453923592928
10156,image10156.jpg,0,dev,0.07405655949773042,0.023156160152248684
10157,image10157.jpg,0,dev,0.023488935824947692,0.016609042033785878
10158,image10158.jpg,0,dev,0.009269671097088348,0.02244512051738017
10159,image10159.jpg,0,dev,0.08431603431910961,0.00866962707731613
10160,image10160.jpg,0,dev,0.021069942099774502,0.0245535747217028
10161,image10161.jpg,0,dev,0.17483098859656757,0.027634562749275088
10162,image10162.jpg,1,dev,0.44419224014815645,0.21796139644117277
10163,image10163.jpg,1,dev,0.3511933082262593,0.1971417516236952
10164,image10164.jpg,0,holdout,0.13674685868405054,0.19117710292745466
10165,image10165.jpg,0,dev,0.014998893332620231,0.013644989496371636
10166,image10166.jpg,0,dev,0.1418301100922108,0.10052656755717199
10167,image10167.jpg,1,dev,0.961356776098167,0.9798870818997756
10168,image10168.jpg,0,dev,0.036886534403694445,0.02327882107433368
10169,image10169.jpg,1,dev,0.9643576941155048,0.8693730937249574
10170,image10170.jpg,1,dev,0.9395460792991188,0.9491487079844184
10171,image10171.jpg,0,dev,0.014512332444958448,0.03307988983658566
10172,image10172.jpg,1,dev,0.9351598329503679,0.9010927036132866
10173,image10173.jpg,1,dev,0.9619318356629624,0.9788390808276564
10174,image10174.jpg,1,dev,0.9192142367531734,0.9715576066404138
10175,image10175.jpg,1,dev,0.9837526753937946,0.9707340780495809
10176,image10176.jpg,1,dev,0.9733157703318264,0.9004509601456633
10177,image10177.jpg,1,holdout,0.8335914360957674,0.8838257220884318
10178,image10178.jpg,0,dev,0.21165023226885493,0.09363923947339438
10179,image10179.jpg,1,holdout,0.9477756188637324,0.9695202130960163
10180,image10180.jpg,1,dev,0.9737311262695968,0.9542886231966744
10181,image10181.jpg,1,dev,0.9623950293413822,0.9780251588971502
10182,image10182.jpg,1,dev,0.8696291213221078,0.8720341865005087
10183,image10183.jpg,1,holdout,0.8253955036975439,0.9629982977255598
10184,image10184.jpg,1,dev,0.8518862923182913,0.9223008596772192
10185,image10185.jpg,0,dev,0.017636075188254687,0.03867030558994134
10186,image10186.jpg,1,dev,0.9030671139508574,0.9765644773750587
10187,image10187.jpg,0,holdout,0.06549611317308301,0.042264254751960405
10188,image10188.jpg,0,holdout,0.04562662188906898,0.09974978525455372
10189,image10189.jpg,1,dev,0.9656232650534875,0.975242135636461
10190,image10190.jpg,1,holdout,0.9730879181786151,0.9895673918554226
10191,image10191.jpg,0,dev,0.02321318460914489,0.004698787808533212
10192,image10192.jpg,0,dev,0.0833699456707782,0.016889846220894664
10193,image10193.jpg,1,dev,0.9553925046952289,0.9877471476809808
10194,image10194.jpg,1,dev,0.9873343977934051,0.9944826791461949
10195,image10195.jpg,1,dev,0.9692340324277243,0.8846369954939961
10196,image10196.jpg,1,dev,0.8530601062639396,0.9120224094130762
10197,image10197.jpg,0,dev,0.03484382488748897,0.013266107527972096
10198,image10198.jpg,1,dev,0.7458381634003387,0.8890236461019826
10199,image10199.jpg,1,dev,0.9214872848553917,0.9778897134338481
10200,image10200.jpg,1,holdout,0.9670473180080006,0.908142084883027
10201,image10201.jpg,0,dev,0.03719278856645842,0.05864586574244066
10202,image10202.jpg,1,dev,0.8607677540355764,0.8453524495068976
10203,image10203.jpg,1,dev,0.9735705192717253,0.9536496769072351
10204,image10204.jpg,0,dev,0.0705432456882533,0.012115482322425838
10205,image10205.jpg,1,dev,0.9843424958186002,0.8701584088362518
10206,image10206.jpg,0,holdout,0.04423648654283393,0.059900941301989405
10207,image10207.jpg,0,dev,0.041400962224172146,0.051545578676434535
10208,image10208.jpg,0,dev,0.05154703966461046,0.030009809705363415
10209,image10209.jpg,1,dev,0.9255363469237122,0.9140474801333515
10210,image10210.jpg,0,dev,0.020901210137588347,0.016174356069616747
10211,image10211.jpg,0,holdout,0.039964722020645,0.03811066345258395
10212,image10212.jpg,1,dev,0.889230555207008,0.9824653830917613
10213,image10213.jpg,1,dev,0.9584389608703411,0.9546651174905026
10214,image10214.jpg,1,holdout,0.9140165287208276,0.9822571445304318
10215,image10215.jpg,1,holdout,0.9714324424433585,0.9428722501583134
10216,image10216.jpg,1,dev,0.9776643928753054,0.9600660039062004
10217,image10217.jpg,1,holdout,0.9747920691353009,0.9645794100542968
10218,image10218.jpg,0,dev,0.045494940028207254,0.01081339108438399
10219,image10219.jpg,1,holdout,0.9357628507811209,0.9565723870021788
10220,image10220.jpg,1,dev,0.9840299249125724,0.9748514796495601
10221,image10221.jpg,0,dev,0.029756672343385592,0.005825156334490249
10222,image10222.jpg,1,dev,0.743496773306496,0.8833923850196875
10223,image10223.jpg,1,dev,0.9272388320614424,0.9711479033867211
10224,image10224.jpg,1,dev,0.9189166112508323,0.9086650911060365
10225,image10225.jpg,1,dev,0.9701459587844558,0.9701653348011058
10226,image10226.jpg,1,dev,0.9365747916005628,0.9749714363698168
10227,image10227.jpg,1,dev,0.837217318560754,0.903275031627258
10228,image10228.jpg,0,holdout,0.012403416901288794,0.04085891591825782
10229,image10229.jpg,0,dev,0.0872769035749098,0.019658668654846074
10230,image10230.jpg,1,dev,0.9271052463896597,0.9548186856967661
10231,image10231.jpg,0,dev,0.14012983081397629,0.10458457833069958
10232,image10232.jpg,1,holdout,0.8677900948762469,0.8927896634305569
10233,image10233.jpg,1,dev,0.8666316800522568,0.8090883352637253
10234,image10234.jpg,1,holdout,0.961886517242515,0.9416413652941079
10235,image10235.jpg,0,dev,0.01991058329947443,0.018567215186882466
10236,image10236.jpg,0,dev,0.11247064630255531,0.019176296960222664
10237,image10237.jpg,1,dev,0.9847455997591624,0.9745131301029925
10238,image10238.jpg,1,dev,0.9780554343617847,0.9704544965033574
10239,image10239.jpg,1,dev,0.9495372097269005,0.9696281663847692
10240,image10240.jpg,1,holdout,0.9331526331911283,0.98127304535998
10241,image10241.jpg,0,dev,0.025977277921993253,0.012952892168536909
10242,image10242.jpg,1,dev,0.9520976086350741,0.9903377926072575
10243,image10243.jpg,1,dev,0.9316270408989965,0.9685907840546255
10244,image10244.jpg,1,dev,0.7344472711943842,0.9350927924753978
10245,image10245.jpg,1,dev,0.9712875300908274,0.9731496810040108
10246,image10246.jpg,1,dev,0.9584880429016006,0.9748947420371786
10247,image10247.jpg,1,holdout,0.8714761320405031,0.9466944727512129
10248,image10248.jpg,1,dev,0.8780492811066761,0.8553898492759441
10249,image10249.jpg,0,dev,0.16431743987280317,0.10404154311362353
10250,image10250.jpg,1,dev,0.9649141004464851,0.9924176849357403
10251,image10251.jpg,1,dev,0.8902132133003567,0.9501109609573297
10252,image10252.jpg,1,dev,0.9536698471004662,0.983352225468067
10253,image10253.jpg,1,dev,0.9640805154173561,0.9694655137225214
10254,image10254.jpg,1,dev,0.9713190424542884,0.9668970684344399
10255,image10255.jpg,1,dev,0.877079007550222,0.9381899361031111
10256,image10256.jpg,0,holdout,0.024665641922977828,0.008108596735055509
10257,image10257.jpg,0,dev,0.06024111964137865,0.05681191390554246
10258,image10258.jpg,0,dev,0.04046899944783289,0.042766256672824604
10259,image10259.jpg,0,dev,0.017146051146517346,0.030963292930991527
10260,image10260.jpg,1,dev,0.8996486374936916,0.9607621308748384
10261,image10261.jpg,0,dev,0.027214848473785403,0.04373510560208299
10262,image10262.jpg,0,dev,0.0066007755267994085,0.051533206899798366
10263,image10263.jpg,1,dev,0.9594251807814099,0.973109063548232
10264,image10264.jpg,1,dev,0.9636539155388822,0.9640786519284076
10265,image10265.jpg,1,dev,0.9134639838755971,0.9427652451380042
10266,image10266.jpg,1,dev,0.8932096356422243,0.878339330979908
10267,image10267.jpg,1,dev,0.9648734540563829,0.9809390713231628
10268,image10268.jpg,0,dev,0.022614027605511355,0.049606992272271944
10269,image10269.jpg,0,dev,0.02400771813292345,0.01988666041049758
10270,image10270.jpg,0,dev,0.022018572763740543,0.007976034343803206
10271,image10271.jpg,1,dev,0.902093809327206,0.9640691258072854
10272,image10272.jpg,1,holdout,0.977650825862818,0.9734880263397125
10273,image10273.jpg,1,holdout,0.9461819130564038,0.9651035295379933
10274,image10274.jpg,1,holdout,0.9472378874530968,0.9701087244930637
10275,image10275.jpg,1,holdout,0.9426357713826311,0.9788128648006487
10276,image10276.jpg,1,dev,0.9757183320420348,0.971759850229967
10277,image10277.jpg,0,holdout,0.02441043795068973,0.03140995592230523
10278,image10278.jpg,1,dev,0.9629903117286598,0.9851014086776312
10279,image10279.jpg,1,dev,0.8517994036770565,0.918671569782299
10280,image10280.jpg,0,holdout,0.04309856208998014,0.04565594136749509
10281,image10281.jpg,0,dev,0.03271753419629631,0.08993654487950982
10282,image10282.jpg,1,dev,0.9498599506547954,0.931361538603133
10283,image10283.jpg,1,dev,0.9762216932274971,0.982957290274689
10284,image10284.jpg,0,dev,0.0218788532753024,0.021615776268885528
10285,image10285.jpg,0,dev,0.006628195098123529,0.03741691599867429
10286,image10286.jpg,0,dev,0.9835414630989101,0.965758173293149
10287,image10287.jpg,1,dev,0.9833997587566307,0.9844426865915162
10288,image10288.jpg,1,dev,0.9590512820308085,0.9404593064795166
10289,image10289.jpg,1,dev,0.9687192522754637,0.9013454658785237
10290,image10290.jpg,1,dev,0.9590114395973451,0.9450138823482958
10291,image10291.jpg,1,dev,0.9546829938395173,0.9151305780422456
10292,image10292.jpg,1,dev,0.9707163105851014,0.9922779621886028
10293,image10293.jpg,1,holdout,0.9744802521505489,0.8581868733634662
10294,image10294.jpg,1,holdout,0.9631187617473254,0.9778382956505215
10295,image10295.jpg,0,dev,0.022520515590527878,0.030719990194177194
10296,image10296.jpg,1,dev,0.9477024580046626,0.9438799185430904
10297,image10297.jpg,1,dev,0.8431190340513962,0.9800415948656304
10298,image10298.jpg,1,dev,0.9821692649741287,0.902610072375424
10299,image10299.jpg,0,dev,0.08415234642420912,0.10287566586165052
10300,image10300.jpg,1,holdout,0.9053092502334689,0.9369892600215263
10301,image10301.jpg,1,dev,0.9545097691050338,0.961998918065262
10302,image10302.jpg,1,dev,0.9743613500196036,0.9873292597217315
10303,image10303.jpg,1,holdout,0.8910376239177802,0.9298875396504197
10304,image10304.jpg,1,dev,0.961897443711055,0.9859312599204095
10305,image10305.jpg,1,dev,0.950266305520227,0.9331309792937356
10306,image10306.jpg,1,dev,0.9702727872501292,0.9736953833219424
10307,image10307.jpg,1,dev,0.9781458976071503,0.9784039080240702
10308,image10308.jpg,0,dev,0.05402214352320262,0.07338062955571
10309,image10309.jpg,1,holdout,0.9508444273569989,0.9808256395135728
10310,image10310.jpg,0,dev,0.038936016883177806,0.05363473010803103
10311,image10311.jpg,1,dev,0.9684055927093173,0.9426669675459808
10312,image10312.jpg,1,dev,0.9374224723071265,0.895417014531391
10313,image10313.jpg,0,holdout,0.033316744823191004,0.029158549166635482
10314,image10314.jpg,1,holdout,0.9716786319801992,0.982946541123747
10315,image10315.jpg,0,dev,0.01565913582176838,0.037211605052960596
10316,image10316.jpg,1,dev,0.9584191900687765,0.9850439168954868
10317,image10317.jpg,1,holdout,0.9627536246206096,0.8399573530577197
10318,image10318.jpg,1,dev,0.9833335127422959,0.9736495134998746
10319,image10319.jpg,1,dev,0.9108267658806023,0.9482731654446978
10320,image10320.jpg,1,holdout,0.9026210045460438,0.8905293822061738
10321,image10321.jpg,0,holdout,0.0628345614951191,0.06348542221065542
10322,image10322.jpg,1,dev,0.974457382799419,0.9596484243171141
10323,image10323.jpg,0,dev,0.01319527415004077,0.055960499730435515
10324,image10324.jpg,0,dev,0.01165252255552518,0.020340263474282517
10325,image10325.jpg,1,dev,0.9752555118715711,0.972288121619381
10326,image10326.jpg,1,dev,0.9630530149152589,0.9796438766631423
10327,image10327.jpg,1,dev,0.9910010626041267,0.9502489333680012
10328,image10328.jpg,1,dev,0.9752961628177769,0.9657167493543239
10329,image10329.jpg,1,dev,0.9412088016792123,0.9344048475580792
10330,image10330.jpg,0,dev,0.017169165534158124,0.01692815414792272
10331,image10331.jpg,1,dev,0.9369307714703137,0.9771256272871143
10332,image10332.jpg,1,dev,0.912460294544854,0.9319507831430706
10333,image10333.jpg,1,dev,0.8797452687294541,0.8354299402134769
10334,image10334.jpg,1,dev,0.9572522960194988,0.9446559985534385
10335,image10335.jpg,1,dev,0.98121179776749,0.9915892063463821
10336,image10336.jpg,1,dev,0.9055951594785507,0.9643260420592679
10337,image10337.jpg,1,dev,0.9685218562895613,0.9837372086068065
10338,image10338.jpg,1,dev,0.96836579012685,0.935594740818631
10339,image10339.jpg,1,holdout,0.975854541492831,0.9511552044945543
10340,image10340.jpg,1,dev,0.9854222863500697,0.9901815978685454
10341,image10341.jpg,1,holdout,0.973250547713772,0.8798999480969902
10342,image10342.jpg,0,dev,0.08387698344436219,0.11964419004112725
10343,image10343.jpg,1,dev,0.8479606591423806,0.8757489228696667
10344,image10344.jpg,1,dev,0.9622516239460324,0.9844855309329136
10345,image10345.jpg,1,dev,0.9859051041438557,0.9373855571887724
10346,image10346.jpg,1,dev,0.9686766654863934,0.9731976324699149
10347,image10347.jpg,1,dev,0.9474526572835068,0.9653263689460486
10348,image10348.jpg,1,holdout,0.9825733200333577,0.9916469895805484
10349,image10349.jpg,0,holdout,0.017880325183739224,0.02329438033728312
10350,image10350.jpg,1,dev,0.8786391448217814,0.8762760679964033
10351,image10351.jpg,1,dev,0.9691905211200007,0.9957676021957349
10352,image10352.jpg,1,dev,0.9726186419599022,0.9626491997493384
10353,image10353.jpg,0,dev,0.0052972620180810935,0.040926494320185754
10354,image10354.jpg,1,dev,0.028719988533974884,0.024505928896293355
10355,image10355.jpg,1,dev,0.7857676791701463,0.7890315929562052
10356,image10356.jpg,1,holdout,0.9116246179284386,0.9259439435709942
10357,image10357.jpg,1,holdout,0.9235498348255936,0.9283940656971786
10358,image10358.jpg,1,dev,0.9700385803314671,0.9602419823552294
10359,image10359.jpg,1,holdout,0.95633340743213,0.8845999223300061
10360,image10360.jpg,1,dev,0.9638982001829408,0.9623948380498156
10361,image10361.jpg,0,dev,0.5466974437414106,0.015577722678292908
10362,image10362.jpg,1,dev,0.9814383208570371,0.9815797349593236
10363,image10363.jpg,1,dev,0.9563187439747941,0.9737901439273554
10364,image10364.jpg,0,dev,0.01911722075735676,0.003712214718603224
10365,image10365.jpg,1,dev,0.9926494972759429,0.9900388167272198
10366,image10366.jpg,0,dev,0.03775464725617272,0.04185976174662498
10367,image10367.jpg,1,holdout,0.979984246274926,0.9911190116992847
10368,image10368.jpg,1,holdout,0.8351924014226191,0.8622278079426735
10369,image10369.jpg,1,dev,0.9739943533054567,0.9601971904433766
10370,image10370.jpg,1,holdout,0.8871584648744143,0.9439983219667285
10371,image10371.jpg,1,dev,0.9822165785779644,0.9779999750457536
10372,image10372.jpg,1,dev,0.9422741666369704,0.9868817075226736
10373,image10373.jpg,1,dev,0.8777771180685172,0.9642579086884159
10374,image10374.jpg,1,dev,0.9635629244408751,0.9680732446669339
10375,image10375.jpg,0,dev,0.15904277250147417,0.1403911891184719
10376,image10376.jpg,1,dev,0.9861034513456867,0.9909239901195644
10377,image10377.jpg,1,dev,0.976340231339545,0.9824050495172582
10378,image10378.jpg,1,holdout,0.9365907804788225,0.9583693671114466
10379,image10379.jpg,1,dev,0.7273781780952709,0.8596858447864232
10380,image10380.jpg,1,holdout,0.9493132026807724,0.982138583161408
10381,image10381.jpg,1,dev,0.9755675692534845,0.9774307247306261
10382,image10382.jpg,1,dev,0.9928332051785812,0.9647841199454433
10383,image10383.jpg,0,dev,0.005952968884145615,0.011259407452856049
10384,image10384.jpg,1,holdout,0.9611410600217785,0.9778779077980341
10385,image10385.jpg,1,holdout,0.8490437813235164,0.8699658462452259
10386,image10386.jpg,0,dev,0.04000160123551415,0.03731376823439165
10387,image10387.jpg,1,dev,0.9809307714411403,0.9745642450169575
10388,image10388.jpg,1,dev,0.9801202768458827,0.9600375109261695
10389,image10389.jpg,1,dev,0.973770036481357,0.9746576603148971
10390,image10390.jpg,0,dev,0.026722210253134242,0.02839589177707717
10391,image10391.jpg,1,dev,0.863958149424065,0.7995325339665361
10392,image10392.jpg,1,holdout,0.9030486198100794,0.9077304483272535
10393,image10393.jpg,0,dev,0.024069744170654966,0.03363967818709893
10394,image10394.jpg,0,holdout,0.9711661330341042,0.9800512545870195
10395,image10395.jpg,0,dev,0.027103417462311263,0.012920623896816329
10396,image10396.jpg,0,dev,0.9688022261216025,0.9712715379712616
10397,image10397.jpg,0,dev,0.007401238389285356,0.019576873843276398
10398,image10398.jpg,0,holdout,0.9405336913855484,0.9218624029891178
10399,image10399.jpg,0,holdout,0.965346046500296,0.9703159627661844
10400,image10400.jpg,0,dev,0.9646828145624076,0.9655973695084811
10401,image10401.jpg,0,dev,0.9700096007378916,0.9331591835748233
10402,image10402.jpg,0,holdout,0.9664423548137157,0.9659356108876986
10403,image10403.jpg,0,dev,0.9757524275098511,0.9399140981442566
10404,image10404.jpg,0,dev,0.9705744757347384,0.9414275349484242
10405,image10405.jpg,1,dev,0.9326741352589077,0.8635540320487539
10406,image10406.jpg,1,dev,0.9532402935557167,0.8843380780901992
10407,image10407.jpg,0,dev,0.008518761474560653,0.06378482992438893
10408,image10408.jpg,0,dev,0.03579285655850511,0.017945049126068566
10409,image10409.jpg,1,dev,0.9704927855975424,0.9776558280641677
10410,image10410.jpg,1,dev,0.9801781950093146,0.9710621805006842
10411,image10411.jpg,1,dev,0.9698513632730913,0.977124200004317
10412,image10412.jpg,1,dev,0.9120709432304137,0.9416904398785247
10413,image10413.jpg,1,dev,0.9717488023249596,0.9689257920970725
10414,image10414.jpg,1,dev,0.9710488916368843,0.9812602193084503
10415,image10415.jpg,1,dev,0.9419998096536001,0.9896987031187982
10416,image10416.jpg,1,dev,0.939701484673842,0.9730799322029061
10417,image10417.jpg,1,dev,0.9453373406727449,0.9191805822190794
10418,image10418.jpg,1,dev,0.8965215378313736,0.8932854756841474
10419,image10419.jpg,1,dev,0.9789684362591994,0.973351345426129
10420,image10420.jpg,1,dev,0.9748339988903156,0.9583372361893806
10421,image10421.jpg,1,dev,0.9664965281690426,0.9761114184560163
10422,image10422.jpg,1,dev,0.9698867087652784,0.9869958444143178
10423,image10423.jpg,0,dev,0.11902114815426253,0.11684199478250869
10424,image10424.jpg,1,dev,0.9251990869857273,0.980755980420659
10425,image10425.jpg,1,dev,0.9399895901369152,0.9141566837289647
10426,image10426.jpg,1,dev,0.9560509916938585,0.9740718339533155
10427,image10427.jpg,1,dev,0.981182188267765,0.9797335953295329
10428,image10428.jpg,1,dev,0.8176096455782632,0.8060737613048387
10429,image10429.jpg,0,dev,0.049097875304441936,0.07716619589693441
10430,image10430.jpg,0,dev,0.11414569416580898,0.08494755417554571
10431,image10431.jpg,1,dev,0.9595513195860965,0.900567236418741
10432,image10432.jpg,1,holdout,0.9374087958655959,0.8408741874413881
10433,image10433.jpg,0,dev,0.05069972483211077,0.017832640056492956
10434,image10434.jpg,0,dev,0.017782032561927053,0.033921289170549075
10435,image10435.jpg,0,dev,0.09410981883398044,0.0783508881129858
10436,image10436.jpg,1,dev,0.9767740213134956,0.9726716196965493
10437,image10437.jpg,1,dev,0.9633570690801069,0.9838085925454415
10438,image10438.jpg,1,dev,0.9096766967992463,0.939516741525895
10439,image10439.jpg,1,dev,0.9803211897319205,0.9643854500159175
10440,image10440.jpg,1,holdout,0.9674662700100065,0.9809058884049928
10441,image10441.jpg,1,dev,0.9174545979570619,0.8525281310880616
10442,image10442.jpg,0,dev,0.03287523641569265,0.03971330326608352
10443,image10443.jpg,1,dev,0.8191384699902861,0.823036963799675
10444,image10444.jpg,1,holdout,0.9593327442213953,0.9415377778138658
10445,image10445.jpg,0,holdout,0.01759963792089999,0.12020611403906815
10446,image10446.jpg,0,dev,0.02724922294759452,0.019879248214274142
10447,image10447.jpg,1,dev,0.9784578541591112,0.9713955775242292
10448,image10448.jpg,1,dev,0.98043201419237,0.9957163792240991
10449,image10449.jpg,0,dev,0.041355233944757944,0.0244532585643874
10450,image10450.jpg,0,dev,0.04838392095621554,0.011286452153020316
10451,image10451.jpg,0,dev,0.08918639710913678,0.07509863778093921
10452,image10452.jpg,0,dev,0.04250114007954662,0.014047081988037767
10453,image10453.jpg,0,holdout,0.0821185106768025,0.11170440229015799
10454,image10454.jpg,0,dev,0.07551018802474782,0.014517057639827441
10455,image10455.jpg,1,dev,0.9245066637244599,0.9070506702273327
10456,image10456.jpg,1,holdout,0.963592544520268,0.9848949730317413
10457,image10457.jpg,1,dev,0.9379286897141893,0.9727020557104291
10458,image10458.jpg,0,dev,0.04817395406747795,0.07965673043456534
10459,image10459.jpg,1,dev,0.9607407335352715,0.9492605076031081
10460,image10460.jpg,1,dev,0.9728716971249298,0.968108283782748
10461,image10461.jpg,1,dev,0.9440153647437617,0.9554626929229048
10462,image10462.jpg,1,dev,0.9604695960775166,0.9896412310241907
10463,image10463.jpg,0,dev,0.013181668135606095,0.01781148652452362
10464,image10464.jpg,1,holdout,0.9558991575333267,0.9605678382987903
10465,image10465.jpg,1,holdout,0.9213317242552069,0.9049079742048853
10466,image10466.jpg,1,dev,0.9050290421459217,0.9554554648550694
10467,image10467.jpg,0,holdout,0.1132640036062464,0.055093710548422006
10468,image10468.jpg,1,dev,0.9484557990370321,0.9662835933865872
10469,image10469.jpg,0,dev,0.030429355574181235,0.029160292121092012
10470,image10470.jpg,1,dev,0.9614192736076278,0.9677951375149568
10471,image10471.jpg,0,dev,0.018197154408559412,0.026861818086611224
10472,image10472.jpg,0,dev,0.031601041161396844,0.01140754415571279
10473,image10473.jpg,1,dev,0.9501721396008769,0.9716070942279197
10474,image10474.jpg,0,dev,0.029046109965079864,0.034989810953469445
10475,image10475.jpg,1,dev,0.9777763026403781,0.9625231397295484
10476,image10476.jpg,0,holdout,0.02291472471365056,0.035851661018286476
10477,image10477.jpg,1,dev,0.9782603195771963,0.993617141714648
10478,image10478.jpg,1,dev,0.9397773253859739,0.9832911557429749
10479,image10479.jpg,1,holdout,0.9630747641589471,0.9860875355109391
10480,image10480.jpg,1,dev,0.9834192264323982,0.9898933304849554
10481,image10481.jpg,1,holdout,0.9416271927277995,0.8480636582602582
10482,image10482.jpg,1,dev,0.9774808756622765,0.9817005387277503
10483,image10483.jpg,1,dev,0.8868637400101846,0.9421530221799937
10484,image10484.jpg,1,dev,0.9716720605823141,0.9634359428693101
10485,image10485.jpg,0,dev,0.058544927202105884,0.04225541514438982
10486,image10486.jpg,1,holdout,0.9036570197709665,0.692767330321346
10487,image10487.jpg,1,dev,0.965451678653603,0.955558472017883
10488,image10488.jpg,1,dev,0.9671293492784715,0.9873421995277186
10489,image10489.jpg,1,dev,0.9827709511970227,0.9604761854140431
10490,image10490.jpg,1,dev,0.9662159612608723,0.9509578330732201
10491,image10491.jpg,1,dev,0.9857548803962785,0.9962812477344921
10492,image10492.jpg,1,dev,0.958453705772038,0.9714187482000081
10493,image10493.jpg,1,dev,0.9591614976472688,0.9420929196552822
10494,image10494.jpg,1,dev,0.9028237664163896,0.9694430923113352
10495,image10495.jpg,1,dev,0.8206662239538813,0.7804447080381473
10496,image10496.jpg,1,dev,0.9407628409074467,0.9771708920454615
10497,image10497.jpg,1,dev,0.9611529972281277,0.9591155800378934
10498,image10498.jpg,0,dev,0.03622823849386019,0.07527656754273075
10499,image10499.jpg,0,dev,0.033181479496901624,0.03159698000890355
10500,image10500.jpg,1,dev,0.9627879706693504,0.9879249846637093
10501,image10501.jpg,1,holdout,0.9443432794454779,0.9278857952623669
10502,image10502.jpg,1,holdout,0.9730472145298993,0.9707628532314093
10503,image10503.jpg,1,holdout,0.9828931191667014,0.9803512835838223
10504,image10504.jpg,1,dev,0.835912840314602,0.9569751132875736
10505,image10505.jpg,1,dev,0.8858272854568652,0.9361334487846688
10506,image10506.jpg,1,dev,0.9500833945839798,0.9680804715342983
10507,image10507.jpg,0,dev,0.0274807158011476,0.030820958781396342
10508,image10508.jpg,0,dev,0.07204270766640311,0.08715576226447098
10509,image10509.jpg,0,dev,0.03417116147877674,0.01625800422457729
10510,image10510.jpg,1,dev,0.981834339205717,0.9425426596502069
10511,image10511.jpg,0,dev,0.06362944513659584,0.04353938293888369
10512,image10512.jpg,1,dev,0.973644148983551,0.7809346301023686
10513,image10513.jpg,1,dev,0.9363519118419715,0.9600570834715909
10514,image10514.jpg,1,dev,0.8994313810003324,0.7956656211771271
10515,image10515.jpg,1,dev,0.954453099962925,0.9784627614242732
10516,image10516.jpg,0,holdout,0.9640008434072781,0.955112610031542
10517,image10517.jpg,0,dev,0.04585583933322701,0.033374326880025736
10518,image10518.jpg,1,dev,0.9806754551310471,0.9548026971110503
10519,image10519.jpg,0,dev,0.01727919039048166,0.01786705641099543
10520,image10520.jpg,1,dev,0.9367828633798925,0.920532407738143
10521,image10521.jpg,0,holdout,0.03494461386401946,0.011746858531858357
10522,image10522.jpg,0,holdout,0.8715554290762991,0.9588986699077198
10523,image10523.jpg,0,holdout,0.9424666516019947,0.9397947594956964
10524,image10524.jpg,1,dev,0.9912632237365279,0.9932985013698888
10525,image10525.jpg,1,dev,0.954500334640714,0.9295002551091542
10526,image10526.jpg,0,dev,0.04072140645116883,0.05477275220476565
10527,image10527.jpg,1,dev,0.9855461803018027,0.98669617397733
10528,image10528.jpg,1,dev,0.937097008406469,0.9867944954248061
10529,image10529.jpg,1,dev,0.9663934986011159,0.9884689237558705
10530,image10530.jpg,0,holdout,0.033246803735446216,0.017755468211578206
10531,image10531.jpg,0,dev,0.13156965277691487,0.1432506250868237
10532,image10532.jpg,1,dev,0.9528620791347057,0.9916529945255625
10533,image10533.jpg,1,holdout,0.9205193899373592,0.967180885587114
10534,image10534.jpg,0,holdout,0.04835057172181558,0.07788651256117281
10535,image10535.jpg,1,dev,0.9800218538680835,0.9909399243804707
10536,image10536.jpg,0,dev,0.03694333927491154,0.019478915983472404
10537,image10537.jpg,1,dev,0.9811234993876371,0.983531095544936
10538,image10538.jpg,1,holdout,0.962792953807261,0.9664998801832448
10539,image10539.jpg,1,dev,0.9655810299503603,0.9461033455937353
10540,image10540.jpg,0,holdout,0.8656616868889214,0.9648820190312829
10541,image10541.jpg,0,dev,0.02078310004510048,0.04330531794529008
