experiment_id,configuration_name,backbone,preprocessing,class_weight,calibration,dev_oof_roc_auc,dev_oof_pr_auc,dev_oof_brier,dev_oof_ece,dev_oof_accuracy,dev_oof_sensitivity,dev_oof_specificity,dev_oof_precision,dev_oof_f1,holdout_roc_auc,holdout_pr_auc,holdout_brier,holdout_ece,holdout_accuracy,holdout_sensitivity,holdout_specificity,holdout_precision,holdout_f1,elapsed_sec
EXP-01_B0_PipeA_Sigmoid,"EfficientNet-B0 (Pipeline A, Platt Sigmoid) [BASELINE]",EfficientNet-B0,Pipeline A (Standard),None,sigmoid,0.973311862587225,0.9607950420546576,0.028170859500421922,0.03744037963810974,0.9675925925925926,0.9688888888888889,0.966183574879227,0.9688888888888889,0.9688888888888889,0.9198782961460445,0.9038846689999808,0.07691610779573578,0.04433388206224804,0.9174311926605505,0.9827586206896551,0.8431372549019608,0.8769230769230769,0.9268292682926829,1.89
EXP-02_B0_PipeB_Sigmoid,EfficientNet-B0 (Pipeline B: CLAHE/Percentile),EfficientNet-B0,Pipeline B (CLAHE/Percentile),None,sigmoid,0.970198604401503,0.9498989245732041,0.029202975726825738,0.03277863062549133,0.9722222222222222,0.9733333333333334,0.9710144927536232,0.9733333333333334,0.9733333333333334,0.9232589587559161,0.9000113481836469,0.07687264847670895,0.050073197789814824,0.9174311926605505,0.9827586206896551,0.8431372549019608,0.8769230769230769,0.9268292682926829,1.82
EXP-03_B0_PipeC_Sigmoid,EfficientNet-B0 (Pipeline C: ROI Margin Trim),EfficientNet-B0,Pipeline C (ROI Margin Trim),None,sigmoid,0.9732474503488996,0.9611148072484155,0.028112259826624113,0.037430567214738565,0.9675925925925926,0.9688888888888889,0.966183574879227,0.9688888888888889,0.9688888888888889,0.9215686274509803,0.9070852389817533,0.0768881743465425,0.044156633611505895,0.9174311926605505,0.9827586206896551,0.8431372549019608,0.8769230769230769,0.9268292682926829,2.2
EXP-04_B2_PipeA_Sigmoid,"EfficientNet-B2 (Pipeline A, Platt Sigmoid)",EfficientNet-B2,Pipeline A (Standard),None,sigmoid,0.9770692431561997,0.9703636156372493,0.027559653951983138,0.03526945567391649,0.9722222222222222,0.9733333333333334,0.9710144927536232,0.9733333333333334,0.9733333333333334,0.9080459770114943,0.8692267586360031,0.07981795216138078,0.05327318814520619,0.9174311926605505,0.9827586206896551,0.8431372549019608,0.8769230769230769,0.9268292682926829,2.16
EXP-05_Conv_PipeA_Sigmoid,"ConvNeXt-Tiny (Pipeline A, Platt Sigmoid)",ConvNeXt-Tiny,Pipeline A (Standard),None,sigmoid,0.9777777777777777,0.9547109388586014,0.028241620261348778,0.03796191826037252,0.9722222222222222,0.9777777777777777,0.966183574879227,0.9691629955947136,0.9734513274336283,0.9110885733603786,0.871672508182112,0.07907438495838176,0.06541016858724272,0.9174311926605505,0.9827586206896551,0.8431372549019608,0.8769230769230769,0.9268292682926829,1.7
EXP-06_R50_PipeA_Sigmoid,"ResNet-50 (Pipeline A, Platt Sigmoid)",ResNet-50,Pipeline A (Standard),None,sigmoid,0.9829307568438004,0.9825965708726421,0.0277019888990406,0.027715481849341653,0.9722222222222222,0.9733333333333334,0.9710144927536232,0.9733333333333334,0.9733333333333334,0.9124408384043273,0.900280778083638,0.0806160485578966,0.08096592852796328,0.9174311926605505,0.9827586206896551,0.8431372549019608,0.8769230769230769,0.9268292682926829,2.52
EXP-07_B2_PipeB_Sigmoid,EfficientNet-B2 (Pipeline B: CLAHE/Percentile),EfficientNet-B2,Pipeline B (CLAHE/Percentile),None,sigmoid,0.9727965646806226,0.9426071421905353,0.027794758778627884,0.03886593764107314,0.9722222222222222,0.9822222222222222,0.961352657004831,0.9650655021834061,0.973568281938326,0.9178498985801217,0.8751054437961517,0.07660098006252167,0.048668265556066355,0.9174311926605505,0.9827586206896551,0.8431372549019608,0.8769230769230769,0.9268292682926829,1.89
EXP-08_Conv_PipeB_Sigmoid,ConvNeXt-Tiny (Pipeline B: CLAHE/Percentile),ConvNeXt-Tiny,Pipeline B (CLAHE/Percentile),None,sigmoid,0.9783360171765969,0.957436146007432,0.026915026685415906,0.03530684371743452,0.9745370370370371,0.9777777777777777,0.9710144927536232,0.9734513274336283,0.975609756097561,0.9050033806626099,0.8461848345000033,0.07816048721499805,0.07949391864090921,0.9174311926605505,0.9827586206896551,0.8431372549019608,0.8769230769230769,0.9268292682926829,1.39
EXP-09_R50_PipeB_Sigmoid,ResNet-50 (Pipeline B: CLAHE/Percentile),ResNet-50,Pipeline B (CLAHE/Percentile),None,sigmoid,0.9785292538915727,0.9746481320439677,0.027906873609369626,0.03357966981021731,0.9722222222222222,0.9733333333333334,0.9710144927536232,0.9733333333333334,0.9733333333333334,0.9114266396213657,0.8956872746241814,0.07929457610710984,0.0703295500359411,0.9174311926605505,0.9827586206896551,0.8431372549019608,0.8769230769230769,0.9268292682926829,2.52
EXP-10_B0_PipeA_Weighted,"EfficientNet-B0 (Pipeline A, Balanced Class Weight)",EfficientNet-B0,Pipeline A (Standard),balanced,sigmoid,0.9733333333333334,0.9608431320353563,0.028200117628433243,0.03754369250818277,0.9675925925925926,0.9688888888888889,0.966183574879227,0.9688888888888889,0.9688888888888889,0.9202163624070318,0.9041466654126453,0.07693795091657998,0.04433889103165505,0.9174311926605505,0.9827586206896551,0.8431372549019608,0.8769230769230769,0.9268292682926829,2.18
EXP-11_Conv_PipeA_Weighted,"ConvNeXt-Tiny (Pipeline A, Balanced Class Weight)",ConvNeXt-Tiny,Pipeline A (Standard),balanced,sigmoid,0.9778636607622114,0.9549900555383045,0.028254847615533832,0.03799886962524158,0.9722222222222222,0.9777777777777777,0.966183574879227,0.9691629955947136,0.9734513274336283,0.9110885733603786,0.871672508182112,0.07908725506983992,0.0654052024302571,0.9174311926605505,0.9827586206896551,0.8431372549019608,0.8769230769230769,0.9268292682926829,1.33
EXP-12_B0_PipeA_Isotonic,"EfficientNet-B0 (Pipeline A, Isotonic Calibration)",EfficientNet-B0,Pipeline A (Standard),None,isotonic,0.9778636607622115,0.9638966339799211,0.02466290779349771,0.00873859125398556,0.9722222222222222,0.9777777777777777,0.966183574879227,0.9691629955947136,0.9734513274336283,0.9038201487491548,0.8764460691438379,0.07913981515130554,0.06278857664792595,0.9174311926605505,0.9827586206896551,0.8431372549019608,0.8769230769230769,0.9268292682926829,1.55
EXP-13_B0_PipeA_Raw,"EfficientNet-B0 (Pipeline A, Raw Uncalibrated)",EfficientNet-B0,Pipeline A (Standard),None,raw,0.9738056897477189,0.9576510794948585,0.02779643974182287,0.017114003599157965,0.9675925925925926,0.9688888888888889,0.966183574879227,0.9688888888888889,0.9688888888888889,0.920892494929006,0.8986201719003256,0.08039915119940368,0.07226093487624491,0.9174311926605505,0.9827586206896551,0.8431372549019608,0.8769230769230769,0.9268292682926829,0.6
EXP-14_Conv_PipeA_Isotonic,"ConvNeXt-Tiny (Pipeline A, Isotonic Calibration)",ConvNeXt-Tiny,Pipeline A (Standard),None,isotonic,0.9766076221148684,0.9559518383113668,0.02733464656182582,0.014951816327652382,0.9675925925925926,0.9822222222222222,0.9516908212560387,0.9567099567099567,0.9692982456140351,0.9176808654496281,0.8720320213803225,0.07833353163086547,0.0635164875940638,0.9174311926605505,0.9827586206896551,0.8431372549019608,0.8769230769230769,0.9268292682926829,1.6
EXP-15_Ensemble_B0_Conv,"Ensemble (EfficientNet-B0 + ConvNeXt-Tiny, Equal Blend)",Ensemble (B0 + ConvNeXt),Pipeline A,None,sigmoid,0.9760171765968868,0.9577016800279804,0.027152385940477995,0.0389007745012517,0.9745370370370371,0.9777777777777777,0.9710144927536232,0.9734513274336283,0.975609756097561,0.9131169709263016,0.8808520001725886,0.07741409051676426,0.05556557402840907,0.9174311926605505,0.9827586206896551,0.8431372549019608,0.8769230769230769,0.9268292682926829,0.05
