threshold,sensitivity,specificity,precision,npv,f1,accuracy,fnr,fpr,tp,fp,tn,fn
0.05,1.0,0.013745704467353952,0.3294392523364486,1.0,0.4956063268892794,0.33564814814814814,0.0,0.9862542955326461,141,287,4,0
0.06,1.0,0.041237113402061855,0.3357142857142857,1.0,0.5026737967914439,0.3541666666666667,0.0,0.9587628865979382,141,279,12,0
0.07,1.0,0.054982817869415807,0.3389423076923077,1.0,0.5062836624775584,0.36342592592592593,0.0,0.9450171821305842,141,275,16,0
0.08,0.9929078014184397,0.07903780068728522,0.3431372549019608,0.9583333333333334,0.5100182149362478,0.3773148148148148,0.007092198581560294,0.9209621993127148,140,268,23,1
0.09,0.9929078014184397,0.11683848797250859,0.3526448362720403,0.9714285714285714,0.520446096654275,0.4027777777777778,0.007092198581560294,0.8831615120274914,140,257,34,1
0.1,0.9787234042553191,0.16838487972508592,0.3631578947368421,0.9423076923076923,0.5297504798464492,0.43287037037037035,0.021276595744680882,0.831615120274914,138,242,49,3
0.11,0.9716312056737588,0.20962199312714777,0.37329700272479566,0.9384615384615385,0.5393700787401575,0.4583333333333333,0.028368794326241176,0.7903780068728522,137,230,61,4
0.12,0.9716312056737588,0.24742268041237114,0.3848314606741573,0.9473684210526315,0.5513078470824949,0.4837962962962963,0.028368794326241176,0.7525773195876289,137,219,72,4
0.13,0.9574468085106383,0.29896907216494845,0.39823008849557523,0.9354838709677419,0.5625,0.5138888888888888,0.04255319148936165,0.7010309278350515,135,204,87,6
0.14,0.950354609929078,0.3402061855670103,0.4110429447852761,0.9339622641509434,0.5738758029978587,0.5393518518518519,0.049645390070921946,0.6597938144329897,134,192,99,7
0.15,0.950354609929078,0.3642611683848797,0.4200626959247649,0.9380530973451328,0.582608695652174,0.5555555555555556,0.049645390070921946,0.6357388316151202,134,185,106,7
0.16,0.9432624113475178,0.41237113402061853,0.4375,0.9375,0.5977528089887642,0.5856481481481481,0.05673758865248224,0.5876288659793815,133,171,120,8
0.17,0.9219858156028369,0.422680412371134,0.436241610738255,0.917910447761194,0.5922551252847381,0.5856481481481481,0.07801418439716312,0.5773195876288659,130,168,123,11
0.18,0.9219858156028369,0.4570446735395189,0.4513888888888889,0.9236111111111112,0.6060606060606061,0.6087962962962963,0.07801418439716312,0.5429553264604812,130,158,133,11
0.19,0.9078014184397163,0.4948453608247423,0.46545454545454545,0.9171974522292994,0.6153846153846154,0.6296296296296297,0.09219858156028371,0.5051546391752577,128,147,144,13
0.2,0.8936170212765957,0.5257731958762887,0.4772727272727273,0.9107142857142857,0.6222222222222222,0.6458333333333334,0.1063829787234043,0.4742268041237113,126,138,153,15
0.21,0.8936170212765957,0.5360824742268041,0.4827586206896552,0.9122807017543859,0.6268656716417911,0.6527777777777778,0.1063829787234043,0.4639175257731959,126,135,156,15
0.22,0.8936170212765957,0.5601374570446735,0.49606299212598426,0.9157303370786517,0.6379746835443038,0.6689814814814815,0.1063829787234043,0.43986254295532645,126,128,163,15
0.23,0.8936170212765957,0.5807560137457045,0.5080645161290323,0.9184782608695652,0.6478149100257069,0.6828703703703703,0.1063829787234043,0.4192439862542955,126,122,169,15
0.24,0.8936170212765957,0.6048109965635738,0.5228215767634855,0.9214659685863874,0.6596858638743455,0.6990740740740741,0.1063829787234043,0.39518900343642616,126,115,176,15
0.25,0.8865248226950354,0.6288659793814433,0.5364806866952789,0.9195979899497487,0.6684491978609626,0.7129629629629629,0.11347517730496459,0.3711340206185567,125,108,183,16
0.26,0.8865248226950354,0.6426116838487973,0.5458515283842795,0.9211822660098522,0.6756756756756757,0.7222222222222222,0.11347517730496459,0.3573883161512027,125,104,187,16
0.27,0.8723404255319149,0.6597938144329897,0.5540540540540541,0.9142857142857143,0.6776859504132232,0.7291666666666666,0.12765957446808507,0.3402061855670103,123,99,192,18
0.28,0.8723404255319149,0.6838487972508591,0.5720930232558139,0.9170506912442397,0.6910112359550562,0.7453703703703703,0.12765957446808507,0.3161512027491409,123,92,199,18
0.29,0.8723404255319149,0.6907216494845361,0.5774647887323944,0.9178082191780822,0.6949152542372881,0.75,0.12765957446808507,0.30927835051546393,123,90,201,18
0.3,0.8723404255319149,0.7010309278350515,0.5857142857142857,0.918918918918919,0.7008547008547009,0.7569444444444444,0.12765957446808507,0.2989690721649485,123,87,204,18
0.31,0.8723404255319149,0.711340206185567,0.5942028985507246,0.92,0.7068965517241379,0.7638888888888888,0.12765957446808507,0.28865979381443296,123,84,207,18
0.32,0.8581560283687943,0.718213058419244,0.5960591133004927,0.9126637554585153,0.7034883720930233,0.7638888888888888,0.14184397163120566,0.281786941580756,121,82,209,20
0.33,0.8581560283687943,0.7250859106529209,0.6019900497512438,0.9134199134199135,0.7076023391812866,0.7685185185185185,0.14184397163120566,0.27491408934707906,121,80,211,20
0.34,0.8439716312056738,0.7457044673539519,0.616580310880829,0.9079497907949791,0.7125748502994012,0.7777777777777778,0.15602836879432624,0.2542955326460481,119,74,217,22
0.35,0.8297872340425532,0.7628865979381443,0.6290322580645161,0.9024390243902439,0.7155963302752293,0.7847222222222222,0.17021276595744683,0.23711340206185572,117,69,222,24
0.36,0.8226950354609929,0.7697594501718213,0.6338797814207651,0.8995983935742972,0.7160493827160493,0.7870370370370371,0.17730496453900713,0.23024054982817865,116,67,224,25
0.37,0.8226950354609929,0.7835051546391752,0.6480446927374302,0.9011857707509882,0.7250000000000001,0.7962962962962963,0.17730496453900713,0.21649484536082475,116,63,228,25
0.38,0.8156028368794326,0.7869415807560137,0.6497175141242938,0.8980392156862745,0.7232704402515724,0.7962962962962963,0.18439716312056742,0.21305841924398627,115,62,229,26
0.39,0.8156028368794326,0.7903780068728522,0.6534090909090909,0.8984375,0.7255520504731862,0.7986111111111112,0.18439716312056742,0.2096219931271478,115,61,230,26
0.4,0.8014184397163121,0.7903780068728522,0.6494252873563219,0.8914728682170543,0.7174603174603175,0.7939814814814815,0.1985815602836879,0.2096219931271478,113,61,230,28
0.41,0.7943262411347518,0.8075601374570447,0.6666666666666666,0.8901515151515151,0.7249190938511326,0.8032407407407407,0.2056737588652482,0.1924398625429553,112,56,235,29
0.42,0.7872340425531915,0.8109965635738832,0.6686746987951807,0.8872180451127819,0.7231270358306189,0.8032407407407407,0.21276595744680848,0.18900343642611683,111,55,236,30
0.43,0.7801418439716312,0.8144329896907216,0.6707317073170732,0.8843283582089553,0.7213114754098361,0.8032407407407407,0.21985815602836878,0.18556701030927836,110,54,237,31
0.44,0.7588652482269503,0.8350515463917526,0.6903225806451613,0.8772563176895307,0.722972972972973,0.8101851851851852,0.24113475177304966,0.1649484536082474,107,48,243,34
0.45,0.7588652482269503,0.8384879725085911,0.6948051948051948,0.8776978417266187,0.7254237288135594,0.8125,0.24113475177304966,0.16151202749140892,107,47,244,34
0.46,0.7588652482269503,0.8487972508591065,0.7086092715231788,0.8790035587188612,0.732876712328767,0.8194444444444444,0.24113475177304966,0.1512027491408935,107,44,247,34
0.47,0.7588652482269503,0.8591065292096219,0.722972972972973,0.8802816901408451,0.740484429065744,0.8263888888888888,0.24113475177304966,0.14089347079037806,107,41,250,34
0.48,0.7446808510638298,0.8694158075601375,0.7342657342657343,0.8754325259515571,0.7394366197183099,0.8287037037037037,0.25531914893617025,0.13058419243986252,105,38,253,36
0.49,0.7375886524822695,0.8694158075601375,0.7323943661971831,0.8724137931034482,0.734982332155477,0.8263888888888888,0.26241134751773054,0.13058419243986252,104,38,253,37
0.5,0.7304964539007093,0.8694158075601375,0.7304964539007093,0.8694158075601375,0.7304964539007093,0.8240740740740741,0.2695035460992907,0.13058419243986252,103,38,253,38
0.51,0.723404255319149,0.8762886597938144,0.7391304347826086,0.8673469387755102,0.7311827956989247,0.8263888888888888,0.276595744680851,0.12371134020618557,102,36,255,39
0.52,0.723404255319149,0.8762886597938144,0.7391304347826086,0.8673469387755102,0.7311827956989247,0.8263888888888888,0.276595744680851,0.12371134020618557,102,36,255,39
0.53,0.723404255319149,0.8831615120274914,0.75,0.8682432432432432,0.736462093862816,0.8310185185185185,0.276595744680851,0.11683848797250862,102,34,257,39
0.54,0.7163120567375887,0.8865979381443299,0.753731343283582,0.8657718120805369,0.7345454545454545,0.8310185185185185,0.2836879432624113,0.11340206185567014,101,33,258,40
0.55,0.7092198581560284,0.8969072164948454,0.7692307692307693,0.8642384105960265,0.7380073800738008,0.8356481481481481,0.2907801418439716,0.1030927835051546,100,30,261,41
0.56,0.7021276595744681,0.9003436426116839,0.7734375,0.8618421052631579,0.7360594795539034,0.8356481481481481,0.2978723404255319,0.09965635738831613,99,29,262,42
0.57,0.6950354609929078,0.9072164948453608,0.784,0.8599348534201955,0.7368421052631579,0.8379629629629629,0.3049645390070922,0.09278350515463918,98,27,264,43
0.58,0.6879432624113475,0.9106529209621993,0.7886178861788617,0.8576051779935275,0.7348484848484849,0.8379629629629629,0.3120567375886525,0.0893470790378007,97,26,265,44
0.59,0.6808510638297872,0.9209621993127147,0.8067226890756303,0.8562300319488818,0.7384615384615385,0.8425925925925926,0.3191489361702128,0.07903780068728528,96,23,268,45
0.6,0.6595744680851063,0.9278350515463918,0.8157894736842105,0.8490566037735849,0.7294117647058823,0.8402777777777778,0.34042553191489366,0.07216494845360821,93,21,270,48
0.61,0.6595744680851063,0.9381443298969072,0.8378378378378378,0.8504672897196262,0.7380952380952381,0.8472222222222222,0.34042553191489366,0.061855670103092786,93,18,273,48
0.62,0.6382978723404256,0.9381443298969072,0.8333333333333334,0.8425925925925926,0.7228915662650603,0.8402777777777778,0.36170212765957444,0.061855670103092786,90,18,273,51
0.63,0.6312056737588653,0.9415807560137457,0.839622641509434,0.8404907975460123,0.7206477732793523,0.8402777777777778,0.36879432624113473,0.05841924398625431,89,17,274,52
0.64,0.6170212765957447,0.9450171821305842,0.8446601941747572,0.8358662613981763,0.7131147540983607,0.8379629629629629,0.3829787234042553,0.054982817869415834,87,16,275,54
0.65,0.5957446808510638,0.9484536082474226,0.8484848484848485,0.8288288288288288,0.7,0.8333333333333334,0.4042553191489362,0.05154639175257736,84,15,276,57
0.66,0.5815602836879432,0.9484536082474226,0.845360824742268,0.8238805970149253,0.6890756302521008,0.8287037037037037,0.4184397163120568,0.05154639175257736,82,15,276,59
0.67,0.574468085106383,0.9518900343642611,0.8526315789473684,0.8219584569732937,0.6864406779661018,0.8287037037037037,0.42553191489361697,0.04810996563573888,81,14,277,60
0.68,0.574468085106383,0.9518900343642611,0.8526315789473684,0.8219584569732937,0.6864406779661018,0.8287037037037037,0.42553191489361697,0.04810996563573888,81,14,277,60
0.69,0.5602836879432624,0.9553264604810997,0.8586956521739131,0.8176470588235294,0.6781115879828327,0.8263888888888888,0.43971631205673756,0.044673539518900296,79,13,278,62
0.7,0.5390070921985816,0.9553264604810997,0.8539325842696629,0.8104956268221575,0.6608695652173914,0.8194444444444444,0.46099290780141844,0.044673539518900296,76,13,278,65
0.71,0.5106382978723404,0.9656357388316151,0.8780487804878049,0.8028571428571428,0.6457399103139013,0.8171296296296297,0.4893617021276596,0.03436426116838487,72,10,281,69
0.72,0.475177304964539,0.9656357388316151,0.8701298701298701,0.7915492957746478,0.6146788990825688,0.8055555555555556,0.524822695035461,0.03436426116838487,67,10,281,74
0.73,0.46099290780141844,0.9656357388316151,0.8666666666666667,0.7871148459383753,0.6018518518518519,0.8009259259259259,0.5390070921985816,0.03436426116838487,65,10,281,76
0.74,0.4397163120567376,0.9690721649484536,0.8732394366197183,0.7811634349030471,0.5849056603773586,0.7962962962962963,0.5602836879432624,0.030927835051546393,62,9,282,79
0.75,0.41134751773049644,0.9690721649484536,0.8656716417910447,0.7726027397260274,0.5576923076923076,0.7870370370370371,0.5886524822695036,0.030927835051546393,58,9,282,83
0.76,0.375886524822695,0.9759450171821306,0.8833333333333333,0.7634408602150538,0.5273631840796019,0.7800925925925926,0.624113475177305,0.02405498281786944,53,7,284,88
0.77,0.3475177304964539,0.979381443298969,0.8909090909090909,0.7559681697612732,0.5,0.7731481481481481,0.6524822695035462,0.020618556701030966,49,6,285,92
0.78,0.3191489361702128,0.9862542955326461,0.9183673469387755,0.7493472584856397,0.47368421052631576,0.7685185185185185,0.6808510638297872,0.013745704467353903,45,4,287,96
0.79,0.3049645390070922,0.9896907216494846,0.9347826086956522,0.7461139896373057,0.45989304812834225,0.7662037037037037,0.6950354609929078,0.010309278350515427,43,3,288,98
0.8,0.2765957446808511,0.9896907216494846,0.9285714285714286,0.7384615384615385,0.42622950819672134,0.7569444444444444,0.7234042553191489,0.010309278350515427,39,3,288,102
0.81,0.2695035460992908,0.9896907216494846,0.926829268292683,0.7365728900255755,0.4175824175824176,0.7546296296296297,0.7304964539007093,0.010309278350515427,38,3,288,103
0.82,0.24822695035460993,0.9896907216494846,0.9210526315789473,0.7309644670050761,0.39106145251396646,0.7476851851851852,0.75177304964539,0.010309278350515427,35,3,288,106
0.83,0.22695035460992907,0.9896907216494846,0.9142857142857143,0.72544080604534,0.36363636363636365,0.7407407407407407,0.7730496453900709,0.010309278350515427,32,3,288,109
0.84,0.22695035460992907,0.993127147766323,0.9411764705882353,0.7261306532663316,0.36571428571428566,0.7430555555555556,0.7730496453900709,0.0068728522336769515,32,2,289,109
0.85,0.2198581560283688,0.993127147766323,0.9393939393939394,0.7243107769423559,0.3563218390804598,0.7407407407407407,0.7801418439716312,0.0068728522336769515,31,2,289,110
0.86,0.2127659574468085,0.993127147766323,0.9375,0.7225,0.3468208092485549,0.7384259259259259,0.7872340425531915,0.0068728522336769515,30,2,289,111
0.87,0.15602836879432624,1.0,1.0,0.7097560975609756,0.26993865030674846,0.7245370370370371,0.8439716312056738,0.0,22,0,291,119
0.88,0.14184397163120568,1.0,1.0,0.7063106796116505,0.24844720496894412,0.7199074074074074,0.8581560283687943,0.0,20,0,291,121
0.89,0.12056737588652482,1.0,1.0,0.7012048192771084,0.2151898734177215,0.7129629629629629,0.8794326241134752,0.0,17,0,291,124
0.9,0.0851063829787234,1.0,1.0,0.6928571428571428,0.1568627450980392,0.7013888888888888,0.9148936170212766,0.0,12,0,291,129
0.91,0.0851063829787234,1.0,1.0,0.6928571428571428,0.1568627450980392,0.7013888888888888,0.9148936170212766,0.0,12,0,291,129
0.92,0.0851063829787234,1.0,1.0,0.6928571428571428,0.1568627450980392,0.7013888888888888,0.9148936170212766,0.0,12,0,291,129
0.93,0.07092198581560284,1.0,1.0,0.6895734597156398,0.13245033112582782,0.6967592592592593,0.9290780141843972,0.0,10,0,291,131
0.94,0.06382978723404255,1.0,1.0,0.6879432624113475,0.12,0.6944444444444444,0.9361702127659575,0.0,9,0,291,132
0.95,0.05673758865248227,1.0,1.0,0.6863207547169812,0.10738255033557045,0.6921296296296297,0.9432624113475178,0.0,8,0,291,133
