planner_entity_id,entity_name,minimum_grams,preferred_grams,maximum_grams,source_document,source_reference,source_serving_grams,derivation_rule,constraint_classification,review_status,notes
PK_PORTION_001,Standard Whole Wheat Chapati,40.0,80.0,200.0,Pakistan Dietary Guidelines for Better Nutrition (2019),"Table on Serving Sizes (p56-57) & Annexure-XV (p93)",80.0,"0.5 to 2.5 exchanges (40.0g to 200.0g; preferred 1.0 exchange = 80.0g). Guideline Table 7.2 specifies 1 medium chapatti (60g flour / 80g cooked).",SOURCE_DERIVED_WITH_EXPLICIT_RULE,VERIFIED_PRODUCTION_READY,Derived from Table 7.2 and Annexure-XV (60g dry atta dough yielding 80g cooked chapatti).
PK_PORTION_002,Plain Boiled Rice,37.5,75.0,225.0,Pakistan Dietary Guidelines for Better Nutrition (2019),"Table on Serving Sizes (p56-57) & Table 7.2",75.0,"0.5 to 3.0 exchanges (37.5g to 225.0g; preferred 1.0 exchange = 75.0g). Guideline Table 7.2 specifies 1/2 cup cooked rice (75g).",SOURCE_DERIVED_WITH_EXPLICIT_RULE,VERIFIED_PRODUCTION_READY,Derived from Table 7.2 (1/2 cup cooked rice = 75g cooked yield from ~30g raw basmati).
PK_COMP_001,Curd / Yogurt (Dahi),50.0,100.0,200.0,Pakistan Dietary Guidelines for Better Nutrition (2019),Table 7.2 Balanced Diet Recommendations (p43/57),200.0,"0.25 to 1.0 standard exchange (50.0g to 200.0g; preferred 0.5 exchange = 100.0g / 1/2 cup). Guideline Table 7.2 specifies 1 cup yogurt/dahi (200g).",SOURCE_DERIVED_WITH_EXPLICIT_RULE,VERIFIED_PRODUCTION_READY,Derived from Table 7.2 Milk & Dairy Products exchange (1 cup yogurt/dahi = 200g).
PK_COMP_002,Butter Milk (Lassi),125.0,250.0,250.0,Pakistan Dietary Guidelines for Better Nutrition (2019),Table 7.2 Balanced Diet Recommendations (p43/57),250.0,"0.5 to 1.0 standard exchange (125.0g to 250.0g; preferred 1.0 exchange = 250.0g / 1 glass). Guideline Table 7.2 specifies 1 glass milk/dairy (250ml/g).",SOURCE_DERIVED_WITH_EXPLICIT_RULE,VERIFIED_PRODUCTION_READY,Derived from Table 7.2 Milk & Dairy Products exchange (1 glass = 250ml).
PK_COMP_003,Whole Buffalo Milk,125.0,250.0,250.0,Pakistan Dietary Guidelines for Better Nutrition (2019),Table 7.2 Balanced Diet Recommendations (p43/57),250.0,"0.5 to 1.0 standard exchange (125.0g to 250.0g; preferred 1.0 exchange = 250.0g / 1 glass). Guideline Table 7.2 specifies 1 glass milk (250ml).",SOURCE_DERIVED_WITH_EXPLICIT_RULE,VERIFIED_PRODUCTION_READY,Derived from Table 7.2 Milk & Dairy Products exchange (1 glass milk = 250ml).
PK_COMP_004,Cottage Cheese (Paneer),20.0,40.0,80.0,Pakistan Dietary Guidelines for Better Nutrition (2019),Table 7.2 Balanced Diet Recommendations (p43/57),40.0,"0.5 to 2.0 standard exchanges (20.0g to 80.0g; preferred 1.0 exchange = 40.0g). Guideline Table 7.2 specifies 40g paneer/cheese.",SOURCE_DERIVED_WITH_EXPLICIT_RULE,VERIFIED_PRODUCTION_READY,Derived from Table 7.2 Milk & Dairy Products exchange (40g paneer/cheese).
PK_COMP_005,Boiled Chicken Egg,50.0,50.0,100.0,Pakistan Dietary Guidelines for Better Nutrition (2019),Table 7.2 Balanced Diet Recommendations (p43/57),50.0,"Exact unit servings: 1.0 to 2.0 whole eggs (50.0g to 100.0g; preferred 1.0 whole egg = 50.0g). Guideline Table 7.2 specifies 1 whole egg.",SOURCE_EXACT,VERIFIED_PRODUCTION_READY,Direct exact mapping to Table 7.2 Pulses, Meat, Poultry, Fish & Eggs exchange (1 whole egg = 50g).
PK_COMP_007,Fresh Apple (Seb),60.0,120.0,240.0,Pakistan Dietary Guidelines for Better Nutrition (2019),Table 7.2 Balanced Diet Recommendations (p43/57),120.0,"0.5 to 2.0 fruit exchanges (60.0g to 240.0g; preferred 1.0 exchange = 120.0g / 1 medium apple). Guideline Table 7.2 specifies 1 medium fresh fruit (e.g. apple) = 120g.",SOURCE_DERIVED_WITH_EXPLICIT_RULE,VERIFIED_PRODUCTION_READY,Derived from Table 7.2 Fruit exchange (1 medium fresh fruit e.g. apple = 120g).
PK_COMP_008,Ripe Banana (Kela),60.0,120.0,180.0,Pakistan Dietary Guidelines for Better Nutrition (2019),Table 7.2 Balanced Diet Recommendations (p43/57),120.0,"0.5 to 1.5 fruit exchanges (60.0g to 180.0g; preferred 1.0 exchange = 120.0g / 1 medium banana). Guideline Table 7.2 specifies 1 medium fresh fruit = 120g.",SOURCE_DERIVED_WITH_EXPLICIT_RULE,VERIFIED_PRODUCTION_READY,Derived from Table 7.2 Fruit exchange (1 medium fresh fruit = 120g).
PK_COMP_009,Guava Whole (Amrud),60.0,120.0,240.0,Pakistan Dietary Guidelines for Better Nutrition (2019),Table 7.2 Balanced Diet Recommendations (p43/57),120.0,"0.5 to 2.0 fruit exchanges (60.0g to 240.0g; preferred 1.0 exchange = 120.0g / 1 medium guava). Guideline Table 7.2 specifies 1 medium fresh fruit (e.g. guava) = 120g.",SOURCE_DERIVED_WITH_EXPLICIT_RULE,VERIFIED_PRODUCTION_READY,Derived from Table 7.2 Fruit exchange (1 medium fresh fruit e.g. guava = 120g).
PK_COMP_010,Dried Dates (Khajur),20.0,40.0,60.0,Pakistan Dietary Guidelines for Better Nutrition (2019),Table 7.2 Balanced Diet Recommendations (p43/57),40.0,"0.5 to 1.5 dried fruit exchanges (20.0g to 60.0g; preferred 1.0 exchange = 40.0g / 1/4 cup dried fruit). Guideline Table 7.2 specifies 1/4 cup dried fruit = 40g.",SOURCE_DERIVED_WITH_EXPLICIT_RULE,VERIFIED_PRODUCTION_READY,Derived from Table 7.2 Fruit exchange (1/4 cup dried fruit = 40g).
PK_COMP_011,Fresh Apricot (Khubani),50.0,100.0,150.0,Pakistan Dietary Guidelines for Better Nutrition (2019),Table 7.2 Balanced Diet Recommendations (p43/57),100.0,"0.5 to 1.5 fruit exchanges (50.0g to 150.0g; preferred 1.0 exchange = 100.0g / 1/2 cup fresh fruit). Guideline Table 7.2 specifies 1/2 cup chopped/fresh fruit = 100g.",SOURCE_DERIVED_WITH_EXPLICIT_RULE,VERIFIED_PRODUCTION_READY,Derived from Table 7.2 Fruit exchange (1/2 cup fresh fruit = 100g).
PK_COMP_012,Fresh Orange (Malta),60.0,120.0,240.0,Pakistan Dietary Guidelines for Better Nutrition (2019),Table 7.2 Balanced Diet Recommendations (p43/57),120.0,"0.5 to 2.0 fruit exchanges (60.0g to 240.0g; preferred 1.0 exchange = 120.0g / 1 medium orange). Guideline Table 7.2 specifies 1 medium fresh fruit (e.g. orange) = 120g.",SOURCE_DERIVED_WITH_EXPLICIT_RULE,VERIFIED_PRODUCTION_READY,Derived from Table 7.2 Fruit exchange (1 medium fresh fruit e.g. orange = 120g).
PK_COMP_013,Ripe Mango (Aam),50.0,100.0,150.0,Pakistan Dietary Guidelines for Better Nutrition (2019),Table 7.2 Balanced Diet Recommendations (p43/57),100.0,"0.5 to 1.5 fruit exchanges (50.0g to 150.0g; preferred 1.0 exchange = 100.0g / 1/2 cup chopped fruit). Guideline Table 7.2 specifies 1/2 cup chopped fruit = 100g.",SOURCE_DERIVED_WITH_EXPLICIT_RULE,VERIFIED_PRODUCTION_READY,Derived from Table 7.2 Fruit exchange (1/2 cup chopped fruit = 100g).
PK_COMP_014,Pomegranate (Anar),50.0,100.0,150.0,Pakistan Dietary Guidelines for Better Nutrition (2019),Table 7.2 Balanced Diet Recommendations (p43/57),100.0,"0.5 to 1.5 fruit exchanges (50.0g to 150.0g; preferred 1.0 exchange = 100.0g / 1/2 cup fruit arils). Guideline Table 7.2 specifies 1/2 cup fruit = 100g.",SOURCE_DERIVED_WITH_EXPLICIT_RULE,VERIFIED_PRODUCTION_READY,Derived from Table 7.2 Fruit exchange (1/2 cup fruit arils = 100g).
PK_COMP_015,Watermelon (Tarbuz),75.0,150.0,250.0,Pakistan Dietary Guidelines for Better Nutrition (2019),Table 7.2 Balanced Diet Recommendations (p43/57),150.0,"0.5 to 1.67 fruit exchanges (75.0g to 250.0g; preferred 1.0 exchange = 150.0g / 1 slice or 1 cup diced). Guideline Table 7.2 fruit exchange category.",SOURCE_DERIVED_WITH_EXPLICIT_RULE,VERIFIED_PRODUCTION_READY,Derived from Table 7.2 Fruit exchange (1 slice or 1 cup diced watermelon = 150g).
PK_COMP_016,Musk Melon (Sarda),75.0,150.0,250.0,Pakistan Dietary Guidelines for Better Nutrition (2019),Table 7.2 Balanced Diet Recommendations (p43/57),150.0,"0.5 to 1.67 fruit exchanges (75.0g to 250.0g; preferred 1.0 exchange = 150.0g / 1 slice or 1 cup diced). Guideline Table 7.2 fruit exchange category.",SOURCE_DERIVED_WITH_EXPLICIT_RULE,VERIFIED_PRODUCTION_READY,Derived from Table 7.2 Fruit exchange (1 slice or 1 cup diced melon = 150g).
PK_COMP_021,Cooked Chickpea (Channa),50.0,100.0,200.0,Pakistan Dietary Guidelines for Better Nutrition (2019),Table 7.2 Balanced Diet Recommendations (p43/57),100.0,"0.5 to 2.0 pulse exchanges (50.0g to 200.0g; preferred 1.0 exchange = 100.0g / 1/2 cup cooked pulses). Guideline Table 7.2 specifies 1/2 cup cooked daal/pulses (100g).",SOURCE_DERIVED_WITH_EXPLICIT_RULE,VERIFIED_PRODUCTION_READY,Direct match to Table 7.2 cooked pulse exchange (1/2 cup cooked pulses = 100g).
PK_COMP_023,Cooked Broad Bean (Lobia),50.0,100.0,200.0,Pakistan Dietary Guidelines for Better Nutrition (2019),Table 7.2 Balanced Diet Recommendations (p43/57),100.0,"0.5 to 2.0 pulse exchanges (50.0g to 200.0g; preferred 1.0 exchange = 100.0g / 1/2 cup cooked pulses). Guideline Table 7.2 specifies 1/2 cup cooked daal/pulses (100g).",SOURCE_DERIVED_WITH_EXPLICIT_RULE,VERIFIED_PRODUCTION_READY,Direct match to Table 7.2 cooked pulse exchange (1/2 cup cooked pulses = 100g).
PK_COMP_026,Raw Cucumber (Khira),50.0,100.0,150.0,Pakistan Dietary Guidelines for Better Nutrition (2019),Table 7.2 Balanced Diet Recommendations (p43/57),100.0,"0.5 to 1.5 vegetable exchanges (50.0g to 150.0g; preferred 1.0 exchange = 100.0g / 1 cup raw salad vegetables). Guideline Table 7.2 specifies 1 cup raw vegetables (100g).",SOURCE_DERIVED_WITH_EXPLICIT_RULE,VERIFIED_PRODUCTION_READY,Derived from Table 7.2 Vegetable exchange (1 cup raw salad vegetables = 100g).
PK_COMP_027,Raw Tomato (Tamatar),40.0,80.0,120.0,Pakistan Dietary Guidelines for Better Nutrition (2019),Table 7.2 Balanced Diet Recommendations (p43/57),80.0,"0.5 to 1.5 salad vegetable exchanges (40.0g to 120.0g; preferred 1.0 exchange = 80.0g / 1 medium tomato). Guideline Table 7.2 specifies standard vegetable exchange.",SOURCE_DERIVED_WITH_EXPLICIT_RULE,VERIFIED_PRODUCTION_READY,Derived from Table 7.2 Vegetable exchange (1 medium salad tomato = 80g).
PK_COMP_028,Raw Carrot (Gajor),50.0,100.0,150.0,Pakistan Dietary Guidelines for Better Nutrition (2019),Table 7.2 Balanced Diet Recommendations (p43/57),100.0,"0.5 to 1.5 vegetable exchanges (50.0g to 150.0g; preferred 1.0 exchange = 100.0g / 1/2 cup vegetables). Guideline Table 7.2 specifies 1/2 cup vegetables (100g).",SOURCE_DERIVED_WITH_EXPLICIT_RULE,VERIFIED_PRODUCTION_READY,Derived from Table 7.2 Vegetable exchange (1/2 cup raw/cooked vegetables = 100g).
PK_COMP_029,Raw Radish (Mooli),40.0,80.0,120.0,Pakistan Dietary Guidelines for Better Nutrition (2019),Table 7.2 Balanced Diet Recommendations (p43/57),80.0,"0.5 to 1.5 salad vegetable exchanges (40.0g to 120.0g; preferred 1.0 exchange = 80.0g / 1/2 cup sliced radish). Guideline Table 7.2 specifies standard salad vegetable.",SOURCE_DERIVED_WITH_EXPLICIT_RULE,VERIFIED_PRODUCTION_READY,Derived from Table 7.2 Vegetable exchange (1/2 cup sliced radish = 80g).
PK_COMP_030,Raw Beetroot (Chakunder),40.0,80.0,120.0,Pakistan Dietary Guidelines for Better Nutrition (2019),Table 7.2 Balanced Diet Recommendations (p43/57),80.0,"0.5 to 1.5 vegetable exchanges (40.0g to 120.0g; preferred 1.0 exchange = 80.0g / 1/2 cup sliced beetroot). Guideline Table 7.2 specifies standard vegetable exchange.",SOURCE_DERIVED_WITH_EXPLICIT_RULE,VERIFIED_PRODUCTION_READY,Derived from Table 7.2 Vegetable exchange (1/2 cup sliced beetroot = 80g).
PK_COMP_031,Raw Onion (Piaz),25.0,50.0,80.0,Pakistan Dietary Guidelines for Better Nutrition (2019),Table 7.2 Balanced Diet Recommendations (p43/57),50.0,"0.5 to 1.6 salad vegetable exchanges (25.0g to 80.0g; preferred 1.0 exchange = 50.0g / 1/2 medium onion). Guideline Table 7.2 specifies standard salad vegetable.",SOURCE_DERIVED_WITH_EXPLICIT_RULE,VERIFIED_PRODUCTION_READY,Derived from Table 7.2 Vegetable exchange (1/2 medium onion = 50g).
