roc_auc,pr_auc,sensitivity,specificity,precision,f1,brier_score,tn,fp,fn,tp,threshold
0.8867197972264873,0.8085676473597838,1.0,0.0,0.3263888888888889,0.49214659685863876,0.12893320672742267,0,291,0,141,0.05
0.8867197972264873,0.8085676473597838,1.0,0.0,0.3263888888888889,0.49214659685863876,0.12893320672742267,0,291,0,141,0.06
0.8867197972264873,0.8085676473597838,1.0,0.030927835051546393,0.3333333333333333,0.5,0.12893320672742267,9,282,0,141,0.07
0.8867197972264873,0.8085676473597838,1.0,0.0859106529209622,0.3464373464373464,0.5145985401459854,0.12893320672742267,25,266,0,141,0.08
0.8867197972264873,0.8085676473597838,1.0,0.16494845360824742,0.3671875,0.5371428571428571,0.12893320672742267,48,243,0,141,0.09
0.8867197972264873,0.8085676473597838,0.9929078014184397,0.21649484536082475,0.3804347826086957,0.550098231827112,0.12893320672742267,63,228,1,140,0.09999999999999999
0.8867197972264873,0.8085676473597838,0.9929078014184397,0.25773195876288657,0.39325842696629215,0.5633802816901409,0.12893320672742267,75,216,1,140,0.10999999999999999
0.8867197972264873,0.8085676473597838,0.9787234042553191,0.3161512027491409,0.4094955489614243,0.5774058577405857,0.12893320672742267,92,199,3,138,0.12
0.8867197972264873,0.8085676473597838,0.9716312056737588,0.35738831615120276,0.4228395061728395,0.589247311827957,0.12893320672742267,104,187,4,137,0.13
0.8867197972264873,0.8085676473597838,0.9716312056737588,0.4054982817869416,0.44193548387096776,0.6075388026607539,0.12893320672742267,118,173,4,137,0.13999999999999999
0.8867197972264873,0.8085676473597838,0.950354609929078,0.4536082474226804,0.45733788395904434,0.6175115207373272,0.12893320672742267,132,159,7,134,0.14999999999999997
0.8867197972264873,0.8085676473597838,0.9432624113475178,0.5051546391752577,0.48014440433212996,0.6363636363636364,0.12893320672742267,147,144,8,133,0.15999999999999998
0.8867197972264873,0.8085676473597838,0.9219858156028369,0.5498281786941581,0.49808429118773945,0.6467661691542289,0.12893320672742267,160,131,11,130,0.16999999999999998
0.8867197972264873,0.8085676473597838,0.9078014184397163,0.570446735395189,0.5059288537549407,0.649746192893401,0.12893320672742267,166,125,13,128,0.18
0.8867197972264873,0.8085676473597838,0.9078014184397163,0.5807560137457045,0.512,0.6547314578005116,0.12893320672742267,169,122,13,128,0.19
0.8867197972264873,0.8085676473597838,0.900709219858156,0.5979381443298969,0.5204918032786885,0.6597402597402597,0.12893320672742267,174,117,14,127,0.19999999999999996
0.8867197972264873,0.8085676473597838,0.900709219858156,0.6288659793814433,0.5404255319148936,0.675531914893617,0.12893320672742267,183,108,14,127,0.20999999999999996
0.8867197972264873,0.8085676473597838,0.8936170212765957,0.6666666666666666,0.5650224215246636,0.6923076923076923,0.12893320672742267,194,97,15,126,0.21999999999999997
0.8867197972264873,0.8085676473597838,0.8936170212765957,0.6838487972508591,0.5779816513761468,0.7019498607242339,0.12893320672742267,199,92,15,126,0.22999999999999998
0.8867197972264873,0.8085676473597838,0.8936170212765957,0.6941580756013745,0.586046511627907,0.7078651685393258,0.12893320672742267,202,89,15,126,0.24
0.8867197972264873,0.8085676473597838,0.8794326241134752,0.711340206185567,0.5961538461538461,0.7106017191977078,0.12893320672742267,207,84,17,124,0.24999999999999994
0.8867197972264873,0.8085676473597838,0.8794326241134752,0.711340206185567,0.5961538461538461,0.7106017191977078,0.12893320672742267,207,84,17,124,0.25999999999999995
0.8867197972264873,0.8085676473597838,0.8652482269503546,0.718213058419244,0.5980392156862745,0.7072463768115942,0.12893320672742267,209,82,19,122,0.26999999999999996
0.8867197972264873,0.8085676473597838,0.8581560283687943,0.7250859106529209,0.6019900497512438,0.7076023391812866,0.12893320672742267,211,80,20,121,0.27999999999999997
0.8867197972264873,0.8085676473597838,0.851063829787234,0.7353951890034365,0.6091370558375635,0.7100591715976331,0.12893320672742267,214,77,21,120,0.29
0.8867197972264873,0.8085676473597838,0.8439716312056738,0.738831615120275,0.6102564102564103,0.7083333333333334,0.12893320672742267,215,76,22,119,0.3
0.8867197972264873,0.8085676473597838,0.8297872340425532,0.7560137457044673,0.6223404255319149,0.7112462006079028,0.12893320672742267,220,71,24,117,0.30999999999999994
0.8867197972264873,0.8085676473597838,0.8226950354609929,0.7731958762886598,0.6373626373626373,0.718266253869969,0.12893320672742267,225,66,25,116,0.31999999999999995
0.8867197972264873,0.8085676473597838,0.8156028368794326,0.8041237113402062,0.6686046511627907,0.7348242811501597,0.12893320672742267,234,57,26,115,0.32999999999999996
0.8867197972264873,0.8085676473597838,0.8085106382978723,0.8109965635738832,0.6745562130177515,0.7354838709677419,0.12893320672742267,236,55,27,114,0.33999999999999997
0.8867197972264873,0.8085676473597838,0.7943262411347518,0.8213058419243986,0.6829268292682927,0.7344262295081967,0.12893320672742267,239,52,29,112,0.3499999999999999
0.8867197972264873,0.8085676473597838,0.7943262411347518,0.8316151202749141,0.6956521739130435,0.7417218543046358,0.12893320672742267,242,49,29,112,0.35999999999999993
0.8867197972264873,0.8085676473597838,0.7801418439716312,0.852233676975945,0.7189542483660131,0.7482993197278912,0.12893320672742267,248,43,31,110,0.36999999999999994
0.8867197972264873,0.8085676473597838,0.7730496453900709,0.852233676975945,0.7171052631578947,0.7440273037542662,0.12893320672742267,248,43,32,109,0.37999999999999995
0.8867197972264873,0.8085676473597838,0.7659574468085106,0.8556701030927835,0.72,0.7422680412371134,0.12893320672742267,249,42,33,108,0.38999999999999996
0.8867197972264873,0.8085676473597838,0.7659574468085106,0.8694158075601375,0.7397260273972602,0.7526132404181185,0.12893320672742267,253,38,33,108,0.3999999999999999
0.8867197972264873,0.8085676473597838,0.7659574468085106,0.8762886597938144,0.75,0.7578947368421053,0.12893320672742267,255,36,33,108,0.4099999999999999
0.8867197972264873,0.8085676473597838,0.7588652482269503,0.8969072164948454,0.781021897810219,0.7697841726618705,0.12893320672742267,261,30,34,107,0.41999999999999993
0.8867197972264873,0.8085676473597838,0.75177304964539,0.8969072164948454,0.7794117647058824,0.7653429602888087,0.12893320672742267,261,30,35,106,0.42999999999999994
0.8867197972264873,0.8085676473597838,0.7375886524822695,0.9003436426116839,0.7819548872180451,0.7591240875912408,0.12893320672742267,262,29,37,104,0.43999999999999995
0.8867197972264873,0.8085676473597838,0.7375886524822695,0.9003436426116839,0.7819548872180451,0.7591240875912408,0.12893320672742267,262,29,37,104,0.4499999999999999
0.8867197972264873,0.8085676473597838,0.723404255319149,0.9003436426116839,0.7786259541984732,0.75,0.12893320672742267,262,29,39,102,0.4599999999999999
0.8867197972264873,0.8085676473597838,0.7092198581560284,0.9003436426116839,0.7751937984496124,0.7407407407407407,0.12893320672742267,262,29,41,100,0.4699999999999999
0.8867197972264873,0.8085676473597838,0.6950354609929078,0.9037800687285223,0.7777777777777778,0.7340823970037453,0.12893320672742267,263,28,43,98,0.4799999999999999
0.8867197972264873,0.8085676473597838,0.6737588652482269,0.9072164948453608,0.7786885245901639,0.7224334600760456,0.12893320672742267,264,27,46,95,0.48999999999999994
0.8867197972264873,0.8085676473597838,0.6666666666666666,0.9175257731958762,0.7966101694915254,0.7258687258687259,0.12893320672742267,267,24,47,94,0.49999999999999994
0.8867197972264873,0.8085676473597838,0.6524822695035462,0.9209621993127147,0.8,0.71875,0.12893320672742267,268,23,49,92,0.5099999999999999
0.8867197972264873,0.8085676473597838,0.6312056737588653,0.9312714776632303,0.8165137614678899,0.712,0.12893320672742267,271,20,52,89,0.5199999999999999
0.8867197972264873,0.8085676473597838,0.5957446808510638,0.9415807560137457,0.8316831683168316,0.6942148760330579,0.12893320672742267,274,17,57,84,0.5299999999999999
0.8867197972264873,0.8085676473597838,0.574468085106383,0.9415807560137457,0.826530612244898,0.6778242677824268,0.12893320672742267,274,17,60,81,0.5399999999999999
0.8867197972264873,0.8085676473597838,0.5531914893617021,0.9415807560137457,0.8210526315789474,0.6610169491525424,0.12893320672742267,274,17,63,78,0.5499999999999999
0.8867197972264873,0.8085676473597838,0.5390070921985816,0.9518900343642611,0.8444444444444444,0.658008658008658,0.12893320672742267,277,14,65,76,0.5599999999999999
0.8867197972264873,0.8085676473597838,0.5106382978723404,0.9518900343642611,0.8372093023255814,0.6343612334801763,0.12893320672742267,277,14,69,72,0.57
0.8867197972264873,0.8085676473597838,0.5106382978723404,0.9587628865979382,0.8571428571428571,0.64,0.12893320672742267,279,12,69,72,0.58
0.8867197972264873,0.8085676473597838,0.48226950354609927,0.9621993127147767,0.8607594936708861,0.6181818181818182,0.12893320672742267,280,11,73,68,0.59
0.8867197972264873,0.8085676473597838,0.46808510638297873,0.9621993127147767,0.8571428571428571,0.6055045871559633,0.12893320672742267,280,11,75,66,0.6
0.8867197972264873,0.8085676473597838,0.46099290780141844,0.9621993127147767,0.8552631578947368,0.5990783410138248,0.12893320672742267,280,11,76,65,0.61
0.8867197972264873,0.8085676473597838,0.4326241134751773,0.9621993127147767,0.8472222222222222,0.5727699530516432,0.12893320672742267,280,11,80,61,0.62
0.8867197972264873,0.8085676473597838,0.4326241134751773,0.9656357388316151,0.8591549295774648,0.5754716981132075,0.12893320672742267,281,10,80,61,0.63
0.8867197972264873,0.8085676473597838,0.41134751773049644,0.9690721649484536,0.8656716417910447,0.5576923076923077,0.12893320672742267,282,9,83,58,0.6399999999999999
0.8867197972264873,0.8085676473597838,0.40425531914893614,0.9725085910652921,0.8769230769230769,0.5533980582524272,0.12893320672742267,283,8,84,57,0.6499999999999999
0.8867197972264873,0.8085676473597838,0.3829787234042553,0.9759450171821306,0.8852459016393442,0.5346534653465347,0.12893320672742267,284,7,87,54,0.6599999999999999
0.8867197972264873,0.8085676473597838,0.3475177304964539,0.979381443298969,0.8909090909090909,0.5,0.12893320672742267,285,6,92,49,0.6699999999999999
0.8867197972264873,0.8085676473597838,0.3120567375886525,0.979381443298969,0.88,0.4607329842931937,0.12893320672742267,285,6,97,44,0.6799999999999999
0.8867197972264873,0.8085676473597838,0.2978723404255319,0.9862542955326461,0.9130434782608695,0.44919786096256686,0.12893320672742267,287,4,99,42,0.69
0.8867197972264873,0.8085676473597838,0.2553191489361702,0.993127147766323,0.9473684210526315,0.4022346368715084,0.12893320672742267,289,2,105,36,0.7
0.8867197972264873,0.8085676473597838,0.2127659574468085,0.993127147766323,0.9375,0.3468208092485549,0.12893320672742267,289,2,111,30,0.71
0.8867197972264873,0.8085676473597838,0.18439716312056736,0.9965635738831615,0.9629629629629629,0.30952380952380953,0.12893320672742267,290,1,115,26,0.72
0.8867197972264873,0.8085676473597838,0.16312056737588654,0.9965635738831615,0.9583333333333334,0.2787878787878788,0.12893320672742267,290,1,118,23,0.73
0.8867197972264873,0.8085676473597838,0.14893617021276595,0.9965635738831615,0.9545454545454546,0.25766871165644173,0.12893320672742267,290,1,120,21,0.74
0.8867197972264873,0.8085676473597838,0.1276595744680851,0.9965635738831615,0.9473684210526315,0.225,0.12893320672742267,290,1,123,18,0.7499999999999999
0.8867197972264873,0.8085676473597838,0.12056737588652482,0.9965635738831615,0.9444444444444444,0.2138364779874214,0.12893320672742267,290,1,124,17,0.7599999999999999
0.8867197972264873,0.8085676473597838,0.10638297872340426,0.9965635738831615,0.9375,0.1910828025477707,0.12893320672742267,290,1,126,15,0.7699999999999999
0.8867197972264873,0.8085676473597838,0.09929078014184398,0.9965635738831615,0.9333333333333333,0.1794871794871795,0.12893320672742267,290,1,127,14,0.7799999999999999
0.8867197972264873,0.8085676473597838,0.09929078014184398,0.9965635738831615,0.9333333333333333,0.1794871794871795,0.12893320672742267,290,1,127,14,0.7899999999999999
0.8867197972264873,0.8085676473597838,0.0851063829787234,0.9965635738831615,0.9230769230769231,0.15584415584415584,0.12893320672742267,290,1,129,12,0.7999999999999999
0.8867197972264873,0.8085676473597838,0.07801418439716312,0.9965635738831615,0.9166666666666666,0.1437908496732026,0.12893320672742267,290,1,130,11,0.8099999999999999
0.8867197972264873,0.8085676473597838,0.06382978723404255,1.0,1.0,0.12,0.12893320672742267,291,0,132,9,0.82
0.8867197972264873,0.8085676473597838,0.0425531914893617,1.0,1.0,0.08163265306122448,0.12893320672742267,291,0,135,6,0.83
0.8867197972264873,0.8085676473597838,0.028368794326241134,1.0,1.0,0.05517241379310345,0.12893320672742267,291,0,137,4,0.84
0.8867197972264873,0.8085676473597838,0.028368794326241134,1.0,1.0,0.05517241379310345,0.12893320672742267,291,0,137,4,0.8499999999999999
0.8867197972264873,0.8085676473597838,0.02127659574468085,1.0,1.0,0.041666666666666664,0.12893320672742267,291,0,138,3,0.8599999999999999
0.8867197972264873,0.8085676473597838,0.0,1.0,0.0,0.0,0.12893320672742267,291,0,141,0,0.8699999999999999
0.8867197972264873,0.8085676473597838,0.0,1.0,0.0,0.0,0.12893320672742267,291,0,141,0,0.8799999999999999
0.8867197972264873,0.8085676473597838,0.0,1.0,0.0,0.0,0.12893320672742267,291,0,141,0,0.8899999999999999
0.8867197972264873,0.8085676473597838,0.0,1.0,0.0,0.0,0.12893320672742267,291,0,141,0,0.8999999999999999
0.8867197972264873,0.8085676473597838,0.0,1.0,0.0,0.0,0.12893320672742267,291,0,141,0,0.9099999999999999
0.8867197972264873,0.8085676473597838,0.0,1.0,0.0,0.0,0.12893320672742267,291,0,141,0,0.9199999999999999
0.8867197972264873,0.8085676473597838,0.0,1.0,0.0,0.0,0.12893320672742267,291,0,141,0,0.9299999999999999
0.8867197972264873,0.8085676473597838,0.0,1.0,0.0,0.0,0.12893320672742267,291,0,141,0,0.94
0.8867197972264873,0.8085676473597838,0.0,1.0,0.0,0.0,0.12893320672742267,291,0,141,0,0.95
