age,weight_kg,height_cm,bmi,cycle_regularity,cycle_length_raw,hip_inch,waist_inch,waist_hip_ratio,weight_gain,hirsutism,skin_darkening,hair_loss,pimples_acne,fast_food,regular_exercise,marriage_years,pregnant,abortions_count,pcos_diagnosis
28,44.6,152.0,19.304016620498615,2,5,36,30,0.8333333333333334,0,0,0,0,0,1.0,0,7.0,0,0,0
36,65.0,161.5,24.92116285979929,2,5,38,32,0.8421052631578947,0,0,0,0,0,0.0,0,11.0,1,0,0
33,68.8,165.0,25.270890725436182,2,5,40,36,0.9,0,0,0,1,1,1.0,0,10.0,1,0,1
37,65.0,148.0,29.674945215485756,2,5,42,36,0.8571428571428571,0,0,0,0,0,0.0,0,4.0,0,0,0
25,52.0,161.0,20.060954438486167,2,5,37,30,0.8108108108108109,0,0,0,1,0,0.0,0,1.0,1,0,0
36,74.1,165.0,27.217630853994493,2,5,44,38,0.8636363636363636,1,0,0,1,0,0.0,0,8.0,1,0,0
34,64.0,156.0,26.298487836949374,2,5,39,33,0.8461538461538461,0,0,0,0,0,0.0,0,2.0,0,0,0
33,58.5,159.0,23.139907440370237,2,5,44,38,0.8636363636363636,1,0,0,0,0,0.0,0,13.0,1,2,0
32,40.0,158.0,16.023073225444637,2,5,39,35,0.8974358974358975,0,0,0,0,0,0.0,0,8.0,0,1,0
36,52.0,150.0,23.11111111111111,4,2,40,38,0.95,0,0,0,0,0,0.0,0,4.0,0,0,0
20,71.0,163.0,26.722872520606725,2,5,39,35,0.8974358974358975,0,0,0,0,0,0.0,0,4.0,1,2,0
26,49.0,160.0,19.140624999999996,2,5,39,33,0.8461538461538461,0,0,0,0,0,0.0,0,3.0,0,1,0
25,74.0,152.0,32.029085872576175,4,2,45,40,0.8888888888888888,1,1,1,1,1,1.0,1,7.0,1,0,1
38,50.0,152.0,21.641274238227147,2,5,39,33,0.8461538461538461,0,0,0,0,0,0.0,0,15.0,0,0,0
34,57.3,162.0,21.83356195701874,2,5,38,30,0.7894736842105263,0,0,0,1,1,1.0,0,9.0,0,0,0
38,80.5,154.0,33.943329397874855,2,5,44,41,0.9318181818181818,1,0,0,0,0,0.0,0,20.0,0,0,0
29,43.0,148.0,19.631117604090576,2,5,36,29,0.8055555555555556,0,0,0,0,0,0.0,0,2.0,1,0,0
36,69.2,160.0,27.031249999999996,2,5,39,32,0.8205128205128205,0,0,0,0,0,0.0,0,7.0,0,0,0
31,52.4,159.0,20.727028202998298,2,5,37,33,0.8918918918918919,0,0,0,0,0,0.0,0,7.0,0,0,0
30,85.0,165.0,31.22130394857668,4,7,44,42,0.9545454545454546,0,1,1,1,1,1.0,0,7.0,0,0,1
25,64.0,156.0,26.298487836949374,2,6,39,34,0.8717948717948718,0,0,0,0,0,0.0,0,6.0,0,0,0
38,50.0,156.0,20.5456936226167,4,9,36,29,0.8055555555555556,0,0,0,0,0,0.0,0,12.0,1,0,0
34,64.2,155.0,26.722164412070757,2,5,36,32,0.8888888888888888,0,0,0,0,0,0.0,0,10.0,1,0,0
28,65.0,152.0,28.133656509695292,2,5,37,33,0.8918918918918919,0,0,0,0,1,0.0,0,5.0,1,0,0
34,63.0,158.0,25.236340330075304,2,5,38,32,0.8421052631578947,0,1,0,0,1,1.0,0,12.0,1,0,1
41,42.0,152.0,18.178670360110804,2,5,39,32,0.8205128205128205,0,0,0,0,0,0.0,0,15.0,1,0,0
30,76.0,160.0,29.687499999999993,4,3,45,38,0.8444444444444444,1,1,1,1,1,1.0,1,5.0,0,0,1
20,68.0,152.0,29.43213296398892,4,3,40,33,0.825,0,0,0,0,0,0.0,0,4.0,1,0,0
25,62.0,158.0,24.83576349943919,2,5,42,34,0.8095238095238095,0,0,0,0,0,0.0,0,8.0,0,0,0
28,56.0,152.0,24.238227146814403,4,3,40,33,0.825,1,0,1,0,1,1.0,0,7.0,0,0,1
32,50.0,155.0,20.811654526534856,2,4,34,28,0.8235294117647058,0,0,0,0,0,0.0,0,3.5,1,0,0
34,57.0,150.0,25.333333333333332,2,4,40,37,0.925,1,1,1,1,1,1.0,0,15.0,0,0,1
31,58.0,155.0,24.141519250780433,2,5,39,32,0.8205128205128205,0,0,0,0,0,0.0,0,2.0,0,0,0
38,54.0,165.0,19.834710743801654,2,5,42,34,0.8095238095238095,0,0,0,0,0,0.0,0,15.0,0,3,0
28,50.0,158.0,20.028841531805796,2,5,32,27,0.84375,0,0,0,0,0,0.0,0,6.0,1,0,0
32,71.0,165.0,26.07897153351699,2,5,42,36,0.8571428571428571,0,0,0,0,0,0.0,0,10.0,1,0,0
37,73.0,158.0,29.242108636436463,4,7,45,38,0.8444444444444444,0,0,0,0,0,0.0,0,12.0,0,0,0
26,72.0,157.0,29.21010994360826,2,5,42,34,0.8095238095238095,0,0,0,0,0,0.0,0,1.0,0,0,0
36,53.0,158.0,21.230572023714146,2,5,39,32,0.8205128205128205,0,0,0,0,0,0.0,0,17.0,0,0,0
20,74.0,171.0,25.3069320474676,4,0,42,36,0.8571428571428571,0,0,0,0,0,0.0,0,1.0,0,0,0
32,40.0,156.0,16.43655489809336,2,5,34,30,0.8823529411764706,0,0,0,0,0,0.0,0,6.0,0,0,0
29,78.0,165.0,28.650137741046834,2,5,42,36,0.8571428571428571,0,0,0,0,0,0.0,0,2.0,1,0,0
28,33.0,157.0,13.387967057487119,4,9,32,26,0.8125,0,0,0,0,0,0.0,0,3.5,0,0,0
24,68.0,165.0,24.977043158861342,2,5,39,33,0.8461538461538461,0,0,0,0,0,0.0,0,3.5,1,0,0
29,59.0,158.0,23.634033007530842,4,7,39,33,0.8461538461538461,1,1,1,1,1,1.0,1,7.0,1,0,1
25,56.0,155.0,23.309053069719038,2,5,40,33,0.825,0,0,0,0,0,0.0,0,6.0,1,0,0
28,75.0,165.0,27.548209366391188,2,5,45,41,0.9111111111111111,1,1,0,1,1,1.0,0,2.5,1,0,1
26,40.0,156.0,16.43655489809336,2,5,39,33,0.8461538461538461,0,0,0,0,0,0.0,0,3.0,1,0,0
34,51.0,155.0,21.227887617065555,2,5,39,34,0.8717948717948718,0,0,0,0,0,1.0,0,11.0,0,0,0
27,51.0,154.0,21.504469556417607,4,3,38,34,0.8947368421052632,1,1,1,1,1,1.0,1,4.0,0,0,1
23,68.0,172.0,22.985397512168742,4,10,42,34,0.8095238095238095,1,1,1,1,1,0.0,0,4.0,0,0,1
23,54.0,158.0,21.63114885435026,2,5,38,32,0.8421052631578947,0,0,0,0,0,0.0,0,2.0,1,0,0
31,50.0,157.0,20.28479857195018,2,4,39,32,0.8205128205128205,1,0,1,0,1,1.0,1,1.5,1,0,1
32,62.0,151.0,27.19178983377922,2,5,45,39,0.8666666666666667,0,0,0,0,0,0.0,0,13.0,1,0,0
32,58.0,152.0,25.10387811634349,2,5,40,36,0.9,0,0,0,0,0,0.0,0,16.0,0,0,0
37,68.0,169.0,23.80869017191275,2,5,44,37,0.8409090909090909,0,0,0,0,0,0.0,0,7.0,1,0,0
38,56.0,160.0,21.874999999999996,2,5,40,34,0.85,0,0,0,0,0,0.0,0,15.0,1,0,0
36,58.0,152.0,25.10387811634349,2,5,42,35,0.8333333333333334,0,0,0,0,0,0.0,0,13.0,1,1,0
26,75.0,158.0,30.043262297708697,2,5,45,40,0.8888888888888888,0,0,0,0,0,0.0,0,8.0,0,0,0
26,67.0,137.0,35.6971602109862,4,9,44,39,0.8863636363636364,0,0,0,0,0,0.0,0,12.0,0,0,0
29,63.0,162.0,24.005486968449926,2,5,42,36,0.8571428571428571,0,0,0,0,0,0.0,0,4.0,1,0,0
32,76.0,161.0,29.319856487018246,2,5,45,39,0.8666666666666667,1,1,1,1,1,1.0,1,12.0,0,1,1
24,60.0,170.0,20.761245674740486,2,5,41,36,0.8780487804878049,0,0,0,0,0,0.0,0,3.5,0,0,0
29,55.0,147.0,25.45235781387385,4,2,39,34,0.8717948717948718,0,0,0,0,0,0.0,0,6.0,1,0,0
27,56.0,150.0,24.88888888888889,4,8,40,35,0.875,0,0,0,0,0,0.0,0,6.0,0,0,0
32,71.0,172.0,23.99945916711736,2,5,46,39,0.8478260869565217,0,0,0,0,0,0.0,0,8.0,0,1,0
41,56.0,160.0,21.874999999999996,2,5,38,34,0.8947368421052632,0,0,0,0,0,0.0,0,4.0,0,3,0
35,62.0,152.0,26.83518005540166,2,5,39,33,0.8461538461538461,0,0,0,0,0,0.0,0,12.0,1,1,0
35,55.0,153.0,23.49523687470631,2,5,38,34,0.8947368421052632,1,1,1,1,1,0.0,0,18.0,1,2,1
34,65.0,166.0,23.588329220496444,2,5,41,36,0.8780487804878049,1,0,1,0,1,0.0,1,9.0,1,0,1
33,54.0,150.0,24.0,2,5,40,33,0.825,0,0,0,0,0,0.0,0,9.0,0,0,0
29,61.0,151.0,26.753212578395683,2,5,42,35,0.8333333333333334,0,0,0,0,0,0.0,0,9.0,0,0,0
36,65.0,154.0,27.40765727778715,2,5,43,38,0.8837209302325582,0,0,0,0,0,0.0,0,3.0,1,0,0
26,70.0,163.0,26.346494034400994,2,5,45,40,0.8888888888888888,1,0,0,0,0,0.0,0,3.0,0,2,0
35,59.0,152.0,25.536703601108034,4,12,42,36,0.8571428571428571,0,0,0,0,0,0.0,0,10.0,1,2,0
36,72.0,154.0,30.35925113847192,2,4,44,37,0.8409090909090909,0,0,0,0,0,0.0,0,10.0,1,0,0
32,43.0,152.0,18.611495844875346,4,11,40,34,0.85,0,1,1,1,0,1.0,0,6.0,1,0,1
34,52.0,150.0,23.11111111111111,2,5,41,36,0.8780487804878049,0,0,0,0,0,0.0,0,0.0,0,0,0
37,48.0,150.0,21.333333333333332,2,5,38,34,0.8947368421052632,0,0,0,0,0,0.0,0,2.0,0,1,0
38,108.0,168.0,38.26530612244898,2,5,48,41,0.8541666666666666,0,0,0,0,0,0.0,0,12.0,0,3,0
36,57.6,151.0,25.262049910091662,4,2,39,34,0.8717948717948718,0,0,0,0,0,0.0,0,10.0,0,0,0
34,60.0,162.0,22.86236854138088,2,5,40,36,0.9,0,0,0,0,0,0.0,0,7.0,1,0,0
39,52.0,161.0,20.060954438486167,2,5,39,35,0.8974358974358975,0,0,0,0,0,0.0,0,9.0,0,0,0
35,43.7,146.0,20.501032088571968,2,5,40,34,0.85,0,0,0,0,0,0.0,0,8.0,0,0,0
34,60.0,156.0,24.654832347140037,2,5,39,32,0.8205128205128205,0,0,0,0,0,0.0,0,7.0,0,0,0
27,61.6,153.0,26.314665299671066,2,5,41,36,0.8780487804878049,0,0,0,0,0,0.0,0,7.0,1,0,0
31,64.0,156.0,26.298487836949374,4,9,42,36,0.8571428571428571,0,0,0,0,0,0.0,0,5.0,0,0,0
40,56.0,156.0,23.011176857330703,2,5,38,34,0.8947368421052632,0,0,0,0,0,0.0,0,8.0,1,0,0
22,69.5,168.0,24.624433106575967,4,2,44,39,0.8863636363636364,0,0,0,0,0,0.0,0,3.0,0,0,1
36,65.0,151.0,28.507521599929827,2,5,41,36,0.8780487804878049,0,0,0,0,0,0.0,0,11.0,0,0,0
44,74.4,158.0,29.80291619932703,2,5,48,42,0.875,0,0,0,0,0,0.0,0,22.0,0,2,0
35,45.0,150.0,20.0,2,5,42,36,0.8571428571428571,0,0,0,0,0,0.0,0,6.0,0,0,0
28,83.5,163.0,31.42760359817833,4,11,38,33,0.868421052631579,0,0,0,0,0,0.0,0,8.0,0,0,0
32,52.0,156.0,21.367521367521366,2,5,38,32,0.8421052631578947,0,0,0,0,0,0.0,0,3.0,0,0,0
27,62.5,154.0,26.353516613256875,2,5,41,34,0.8292682926829268,0,0,0,0,0,0.0,0,5.0,0,0,0
22,50.0,155.0,20.811654526534856,2,5,38,32,0.8421052631578947,1,1,1,1,1,1.0,0,1.0,1,0,1
28,67.5,154.0,28.461797942317425,2,5,41,36,0.8780487804878049,0,0,0,0,0,0.0,0,2.0,0,3,1
31,91.4,154.0,38.539382695226855,4,12,39,32,0.8205128205128205,1,1,1,1,1,1.0,0,10.0,1,0,1
32,61.0,163.0,22.95908765854944,2,5,40,39,0.975,0,0,0,0,0,0.0,0,13.0,1,0,0
32,61.7,156.0,25.353385930309006,2,5,41,34,0.8292682926829268,0,0,0,0,0,0.0,0,8.0,0,5,0
30,62.2,158.0,24.915878865566413,2,5,42,37,0.8809523809523809,0,0,0,0,0,0.0,0,5.0,1,1,0
34,74.1,162.0,28.235025148605388,4,11,41,34,0.8292682926829268,0,0,0,0,0,0.0,0,13.0,0,0,0
38,64.3,149.0,28.962659339669383,4,2,42,36,0.8571428571428571,1,1,1,1,1,1.0,0,16.0,1,1,1
34,57.0,160.0,22.265624999999996,2,5,38,32,0.8421052631578947,0,0,0,0,0,0.0,0,12.0,1,1,0
29,60.0,159.0,23.73323840037973,4,9,39,32,0.8205128205128205,0,0,0,0,0,0.0,0,6.0,1,0,0
25,68.6,180.0,21.172839506172835,2,5,44,38,0.8636363636363636,1,0,1,0,1,0.0,1,4.0,1,0,1
28,60.0,160.0,23.437499999999996,4,7,38,32,0.8421052631578947,1,1,1,1,1,0.0,0,3.0,0,0,0
27,54.0,156.0,22.189349112426033,4,8,44,37,0.8409090909090909,1,1,0,1,1,1.0,0,2.0,0,0,1
24,53.0,149.0,23.872798522589072,4,9,45,39,0.8666666666666667,1,1,1,0,0,1.0,1,3.0,1,0,1
34,80.0,160.0,31.249999999999993,4,11,42,37,0.8809523809523809,0,1,1,0,0,1.0,1,19.0,1,0,0
21,59.0,150.0,26.22222222222222,4,6,41,34,0.8292682926829268,0,0,1,1,0,0.0,1,2.0,1,0,0
26,75.0,170.0,25.95155709342561,4,2,40,34,0.85,0,1,1,1,0,1.0,1,3.0,1,0,0
39,71.2,170.0,24.636678200692046,2,5,41,36,0.8780487804878049,1,0,0,1,0,0.0,0,12.0,0,0,0
32,63.0,164.0,23.423557406305775,4,9,46,40,0.8695652173913043,1,0,1,1,1,1.0,1,9.0,0,0,1
29,74.0,162.0,28.19692120103642,2,5,45,38,0.8444444444444444,1,1,1,1,0,0.0,1,6.0,0,0,1
29,67.0,158.0,26.83864765261977,2,5,38,32,0.8421052631578947,1,0,1,0,0,0.0,1,2.0,0,0,0
35,63.0,155.0,26.22268470343392,2,5,36,30,0.8333333333333334,0,1,0,0,1,1.0,1,14.0,0,0,0
28,68.0,155.0,28.303850156087407,4,9,45,37,0.8222222222222222,1,0,1,1,1,1.0,1,7.0,0,0,1
33,83.0,162.0,31.626276482243554,2,5,38,31,0.8157894736842105,0,0,1,1,0,1.0,0,10.0,0,0,0
29,55.0,152.0,23.80540166204986,2,5,39,32,0.8205128205128205,1,0,0,0,0,0.0,0,3.0,0,0,0
30,63.0,159.0,24.919900320398717,4,9,40,33,0.825,0,0,0,0,0,1.0,1,5.0,0,0,0
33,48.0,148.0,21.91380569758948,2,5,38,30,0.7894736842105263,0,1,0,0,0,0.0,0,12.0,0,0,0
22,79.0,155.0,32.882414151925076,2,5,45,37,0.8222222222222222,1,0,1,0,1,1.0,1,4.0,0,0,1
23,40.0,150.0,17.77777777777778,2,5,46,38,0.8260869565217391,1,1,1,1,0,1.0,1,2.0,0,0,1
26,78.0,159.0,30.853209920493647,2,5,45,39,0.8666666666666667,1,0,1,1,1,1.0,1,4.0,0,0,1
38,54.0,155.0,22.476586888657646,2,5,41,33,0.8048780487804879,1,0,0,0,0,0.0,0,4.0,0,1,0
40,56.0,154.0,23.61275088547816,2,5,42,33,0.7857142857142857,0,0,0,1,0,0.0,1,14.0,0,0,0
42,48.0,148.0,21.91380569758948,2,5,40,32,0.8,0,0,0,0,0,0.0,0,8.0,0,0,0
41,54.0,150.0,24.0,2,5,38,30,0.7894736842105263,0,0,0,0,0,0.0,1,10.0,0,0,0
40,40.0,145.0,19.024970273483948,2,5,38,31,0.8157894736842105,0,1,0,0,0,0.0,0,4.0,0,4,0
24,89.0,173.0,29.737044338267232,4,2,44,38,0.8636363636363636,1,0,1,0,1,1.0,1,4.0,0,0,1
25,53.4,159.0,21.122582176337957,2,5,36,30,0.8333333333333334,0,0,0,0,1,1.0,0,4.0,0,0,0
22,60.0,154.0,25.2993759487266,2,5,45,34,0.7555555555555555,1,1,1,0,0,1.0,0,4.0,0,0,1
28,70.0,157.0,28.398718000730252,2,5,42,36,0.8571428571428571,1,1,1,0,0,1.0,1,5.0,0,1,1
35,68.0,154.0,28.67262607522348,2,5,38,30,0.7894736842105263,0,0,0,0,1,0.0,0,10.0,0,0,0
30,71.0,160.0,27.734374999999993,2,5,39,31,0.7948717948717948,0,0,1,0,0,0.0,0,10.0,0,2,0
26,60.0,153.0,25.63116749967961,2,5,37,30,0.8108108108108109,1,0,0,1,0,0.0,1,4.0,0,0,0
35,40.0,144.0,19.290123456790123,2,5,39,33,0.8461538461538461,0,1,0,0,0,0.0,0,4.0,0,0,0
27,59.0,160.0,23.046874999999996,2,5,40,34,0.85,0,0,0,1,1,0.0,0,5.0,1,0,0
35,65.0,154.0,27.40765727778715,2,5,38,30,0.7894736842105263,0,0,0,0,0,0.0,0,5.0,0,0,0
36,51.0,150.0,22.666666666666668,2,5,37,30,0.8108108108108109,1,0,1,0,0,0.0,1,8.0,0,0,0
28,57.0,158.0,22.832879346258608,2,5,42,33,0.7857142857142857,1,0,1,0,1,1.0,1,5.0,0,0,1
30,69.0,158.0,27.639801313892,4,11,42,32,0.7619047619047619,1,1,0,1,1,1.0,1,14.0,0,0,1
32,45.0,150.0,20.0,2,5,38,31,0.8157894736842105,0,0,0,0,0,1.0,1,7.0,0,0,0
37,68.0,153.0,29.04865649963689,2,5,37,30,0.8108108108108109,0,0,0,1,0,1.0,1,14.0,0,0,0
35,68.0,160.0,26.562499999999996,2,5,39,32,0.8205128205128205,0,0,0,0,0,0.0,0,4.0,0,0,0
36,85.0,164.0,31.603212373587155,2,5,40,33,0.825,0,0,0,1,0,0.0,0,12.0,0,1,0
28,72.0,160.0,28.124999999999993,2,5,38,32,0.8421052631578947,0,1,1,1,0,0.0,0,3.0,0,0,0
23,53.0,152.0,22.939750692520775,4,2,45,40,0.8888888888888888,1,1,0,1,0,1.0,1,3.5,0,0,1
24,52.0,152.0,22.506925207756233,2,5,39,32,0.8205128205128205,0,0,0,1,0,0.0,0,4.0,0,0,0
28,63.0,162.0,24.005486968449926,4,2,44,38,0.8636363636363636,1,1,0,1,0,1.0,1,5.0,0,0,1
29,56.4,150.0,25.066666666666666,4,4,44,35,0.7954545454545454,1,1,0,1,0,1.0,0,6.0,0,0,1
31,60.0,156.0,24.654832347140037,4,5,46,36,0.782608695652174,1,1,1,1,1,1.0,0,10.0,0,1,1
29,52.0,147.0,24.06404738766255,4,4,40,35,0.875,1,0,0,1,0,0.0,0,8.0,0,0,1
26,40.0,152.4,17.222256666735554,2,5,38,32,0.8421052631578947,0,0,0,1,0,0.0,0,3.0,1,0,0
26,49.3,158.0,19.748437750360516,4,4,45,35,0.7777777777777778,0,1,0,0,0,0.0,0,4.0,0,0,0
27,53.2,158.0,21.31068738984137,4,4,37,32,0.8648648648648649,0,0,1,1,0,,1,5.0,0,0,0
34,64.0,158.0,25.63691716071142,2,6,42,34,0.8095238095238095,1,0,1,1,1,1.0,0,12.0,1,1,0
25,60.0,151.0,26.314635323012148,2,4,40,34,0.85,1,1,0,1,1,1.0,0,3.0,0,0,1
32,64.0,158.0,25.63691716071142,2,5,38,32,0.8421052631578947,0,0,1,1,0,0.0,0,10.0,1,2,0
36,50.0,143.0,24.451073402122358,2,6,36,32,0.8888888888888888,0,0,0,1,1,0.0,0,15.0,1,1,0
38,70.0,170.0,24.221453287197235,2,5,40,34,0.85,1,1,1,0,0,0.0,0,18.0,0,3,0
23,65.0,158.0,26.037493991347535,2,4,42,35,0.8333333333333334,1,0,1,0,0,1.0,1,3.0,0,0,1
32,60.8,156.0,24.983563445101904,2,5,38,32,0.8421052631578947,1,0,0,1,0,1.0,1,10.0,0,0,0
35,56.0,145.0,26.634958382877528,4,5,40,33,0.825,1,0,1,0,1,0.0,1,15.0,1,1,0
32,46.0,150.0,20.444444444444443,2,6,36,30,0.8333333333333334,0,0,0,1,1,1.0,0,10.0,0,0,0
29,62.0,154.0,26.14268848035082,2,5,38,32,0.8421052631578947,1,0,0,0,1,1.0,0,6.0,1,1,0
29,60.0,150.0,26.666666666666668,2,6,38,30,0.7894736842105263,1,1,0,1,1,1.0,0,10.0,0,0,1
30,72.3,158.0,28.961704854991183,4,4,40,34,0.85,1,1,1,1,1,1.0,0,8.0,0,0,1
33,59.6,163.0,22.43215777786142,4,5,40,32,0.8,1,1,0,1,1,1.0,1,10.0,0,1,1
28,54.0,157.0,21.907582457706194,2,6,36,34,0.9444444444444444,0,0,0,1,1,0.0,0,6.0,1,0,0
29,60.0,156.0,24.654832347140037,4,4,42,36,0.8571428571428571,1,1,0,1,1,1.0,0,8.0,0,0,1
31,50.0,149.0,22.52150804017837,2,6,36,30,0.8333333333333334,0,0,1,0,1,0.0,1,12.0,1,1,0
35,73.5,155.0,30.59313215400624,4,5,42,34,0.8095238095238095,1,1,1,1,0,1.0,0,10.0,0,2,1
37,60.0,152.0,25.969529085872576,2,6,38,32,0.8421052631578947,1,0,1,0,0,1.0,0,15.0,1,1,0
27,58.0,152.0,25.10387811634349,4,4,36,30,0.8333333333333334,1,0,1,1,1,1.0,0,5.0,0,0,1
28,78.0,158.0,31.244992789617044,2,4,42,38,0.9047619047619048,1,1,1,1,0,1.0,0,8.0,0,0,1
24,89.0,173.0,29.737044338267232,4,4,40,35,0.875,1,1,0,1,1,1.0,0,2.5,0,0,1
37,88.0,168.0,31.17913832199547,2,5,41,38,0.926829268292683,1,1,1,1,0,1.0,0,15.0,0,1,1
35,58.0,164.5,21.433652682440112,2,6,36,32,0.8888888888888888,0,0,0,1,1,0.0,0,13.0,1,0,0
30,70.0,150.0,31.11111111111111,4,4,38,32,0.8421052631578947,1,1,0,1,0,1.0,0,8.0,0,0,1
30,59.0,167.7,20.97905330421868,2,5,38,34,0.8947368421052632,0,1,1,0,0,1.0,1,8.0,0,0,0
42,50.0,152.0,21.641274238227147,2,5,36,34,0.9444444444444444,0,1,0,0,1,0.0,0,18.0,0,3,0
36,64.0,150.0,28.444444444444443,2,5,38,35,0.9210526315789473,1,1,0,1,1,0.0,0,13.0,1,0,0
26,60.0,164.5,22.17274415424839,2,6,38,32,0.8421052631578947,0,0,0,1,1,1.0,0,4.0,1,0,0
27,54.0,158.4,21.522038567493112,2,5,36,30,0.8333333333333334,0,0,1,1,0,1.0,1,5.0,0,0,0
32,66.0,155.0,27.47138397502601,4,5,39,35,0.8974358974358975,1,1,0,1,0,1.0,0,10.0,0,1,1
43,66.3,157.0,26.897642906405938,2,5,38,34,0.8947368421052632,1,0,0,1,0,0.0,0,19.0,1,2,0
28,76.0,154.0,32.04587620172036,2,6,40,34,0.85,0,1,0,1,0,1.0,0,8.0,1,0,0
23,58.0,159.0,22.942130453700404,4,4,37,34,0.918918918918919,1,1,0,1,1,1.0,1,2.5,0,0,1
34,54.0,153.0,23.06805074971165,4,4,36,30,0.8333333333333334,0,1,0,0,1,0.0,1,12.0,0,0,0
29,63.0,153.0,26.91272587466359,4,3,39,35,0.8974358974358975,1,1,1,1,1,1.0,0,8.0,0,0,1
30,67.0,167.0,24.023808670084982,4,5,37,32,0.8648648648648649,0,1,0,0,1,0.0,1,10.0,1,1,0
30,55.0,173.7,18.229008716449098,2,5,34,32,0.9411764705882353,0,0,0,1,1,0.0,0,8.0,0,0,0
29,50.0,152.0,21.641274238227147,4,3,36,34,0.9444444444444444,0,1,0,0,1,1.0,0,6.0,1,0,0
35,60.0,153.4,25.497672062540687,4,4,38,35,0.9210526315789473,1,0,1,1,1,1.0,0,14.0,0,1,1
35,56.0,156.0,23.011176857330703,2,4,38,34,0.8947368421052632,1,1,0,1,1,1.0,1,15.0,0,0,1
28,70.0,158.0,28.040378144528116,2,5,39,35,0.8974358974358975,1,1,0,1,0,1.0,0,6.0,0,0,0
32,49.0,154.0,20.66115702479339,2,5,35,32,0.9142857142857143,0,0,0,1,1,1.0,0,12.0,1,1,0
25,58.0,160.0,22.656249999999996,4,3,38,36,0.9473684210526315,1,1,1,1,0,1.0,0,3.0,0,0,1
30,47.0,158.0,18.82711103989745,2,6,36,32,0.8888888888888888,0,0,0,1,1,1.0,1,10.0,0,0,0
28,56.0,158.0,22.432302515622492,2,5,37,35,0.9459459459459459,1,0,0,1,0,1.0,0,8.0,1,0,0
28,80.0,163.0,30.11027889645828,2,6,40,36,0.9,1,1,1,1,1,1.0,0,6.0,1,0,0
23,49.0,145.0,23.305588585017837,4,4,36,34,0.9444444444444444,1,1,0,1,0,1.0,0,4.0,0,0,1
30,55.0,162.0,20.957171162932475,2,6,37,35,0.9459459459459459,0,0,0,1,1,1.0,1,10.0,0,0,0
28,62.0,160.0,24.218749999999996,4,5,39,35,0.8974358974358975,1,1,1,0,1,1.0,1,7.0,0,0,1
24,83.0,161.0,32.02036958450677,4,4,42,38,0.9047619047619048,1,1,1,1,1,1.0,0,2.5,0,0,1
32,60.0,145.0,28.53745541022592,4,5,37,34,0.918918918918919,1,0,0,1,1,0.0,0,12.0,1,2,0
27,51.0,150.0,22.666666666666668,2,6,36,33,0.9166666666666666,0,0,0,1,1,0.0,0,7.0,1,0,0
35,62.0,146.0,29.08613248264215,4,4,38,35,0.9210526315789473,1,1,0,1,1,1.0,1,12.0,0,1,1
32,54.0,145.0,25.68370986920333,4,5,37,34,0.918918918918919,1,0,1,1,0,1.0,0,10.0,0,0,1
39,55.0,150.0,24.444444444444443,4,4,34,32,0.9411764705882353,0,1,1,0,0,1.0,0,13.0,0,0,1
27,52.0,150.0,23.11111111111111,2,5,42,38,0.9047619047619048,0,0,0,1,1,0.0,1,5.0,0,0,0
26,70.0,150.0,31.11111111111111,4,5,36,34,0.9444444444444444,1,1,0,0,1,1.0,0,3.0,1,0,1
29,63.0,152.0,27.268005540166204,2,6,38,34,0.8947368421052632,1,0,0,1,1,1.0,0,11.0,1,4,0
41,71.0,160.0,27.734374999999993,4,3,40,36,0.9,1,0,0,1,1,1.0,1,16.0,0,1,0
36,66.0,162.0,25.14860539551897,2,5,36,34,0.9444444444444444,1,1,1,1,1,1.0,1,13.0,1,2,1
34,72.0,158.0,28.841531805800347,4,4,38,35,0.9210526315789473,1,1,0,1,1,1.0,0,13.0,0,1,1
26,47.8,158.0,19.14757250440634,2,6,34,32,0.9411764705882353,0,0,0,1,1,0.0,0,7.0,1,0,0
27,76.8,155.0,31.96670135275754,4,4,37,35,0.9459459459459459,1,0,0,1,1,1.0,0,1.0,0,0,0
39,61.0,152.0,26.40235457063712,2,4,36,34,0.9444444444444444,0,0,0,1,0,0.0,1,20.0,0,3,0
31,31.0,158.0,12.417881749719594,4,3,32,28,0.875,0,1,1,1,0,1.0,0,3.0,0,0,1
27,65.0,158.0,26.037493991347535,2,5,35,32,0.9142857142857143,1,1,1,0,1,1.0,0,5.0,1,0,1
30,62.0,169.0,21.707923392038097,2,5,38,34,0.8947368421052632,0,0,0,1,0,1.0,1,5.0,0,0,0
36,62.0,152.0,26.83518005540166,2,6,38,36,0.9473684210526315,1,0,1,1,0,1.0,0,11.0,0,0,0
32,52.0,150.0,23.11111111111111,2,5,35,33,0.9428571428571428,0,0,0,1,0,0.0,1,12.0,0,0,0
35,61.0,158.0,24.435186668803073,2,6,36,34,0.9444444444444444,0,1,0,0,1,1.0,1,13.0,1,1,0
29,75.0,163.0,28.228386465429637,2,6,37,35,0.9459459459459459,1,1,1,1,1,1.0,0,3.0,0,0,1
31,61.0,147.0,28.228978666296452,2,4,40,38,0.95,1,0,0,1,1,1.0,1,10.0,0,2,0
28,74.3,154.0,31.32906054983977,2,5,38,36,0.9473684210526315,1,0,1,1,0,1.0,0,6.0,0,3,0
40,71.0,152.0,30.730609418282548,2,5,38,35,0.9210526315789473,1,1,0,1,0,1.0,0,7.0,0,0,1
22,78.0,154.0,32.889188733344575,2,5,40,36,0.9,1,0,0,0,1,0.0,0,9.0,0,1,0
35,55.0,162.0,20.957171162932475,4,4,35,32,0.9142857142857143,0,1,1,0,1,1.0,0,7.0,0,0,1
31,50.0,152.0,21.641274238227147,2,6,34,30,0.8823529411764706,0,0,0,0,1,1.0,1,4.5,0,1,0
27,45.0,152.0,19.47714681440443,2,6,32,30,0.9375,0,1,1,0,1,0.0,1,4.0,0,0,0
28,58.1,153.0,24.81951386218976,2,5,36,34,0.9444444444444444,0,1,0,0,0,1.0,1,4.0,0,0,0
33,54.0,146.0,25.333083130043164,2,3,38,35,0.9210526315789473,0,0,0,0,1,1.0,1,8.0,0,1,0
25,42.0,154.0,17.70956316410862,4,3,33,30,0.9090909090909091,1,0,0,1,1,0.0,0,4.0,0,0,1
32,66.0,164.0,24.538964901844146,4,4,34,31,0.9117647058823529,0,0,1,0,1,1.0,1,13.0,0,0,0
20,56.0,159.0,22.151022507021082,2,5,35,33,0.9428571428571428,0,0,0,0,1,0.0,1,1.5,1,0,0
24,53.6,166.0,19.45129917259399,2,5,34,32,0.9411764705882353,0,1,0,1,1,0.0,0,3.0,1,0,1
23,60.0,157.0,24.341758286340216,2,6,38,35,0.9210526315789473,0,0,0,1,1,0.0,0,2.0,0,0,0
37,65.0,159.0,25.71100826707804,2,5,36,33,0.9166666666666666,1,1,0,1,0,1.0,0,10.0,0,0,0
29,63.0,152.0,27.268005540166204,2,6,40,37,0.925,1,1,1,1,0,1.0,0,2.0,0,0,1
39,104.0,164.4,38.47952593224051,2,6,46,44,0.9565217391304348,1,1,1,1,1,1.0,0,11.0,0,1,1
23,57.0,153.0,24.34960912469563,2,4,38,35,0.9210526315789473,0,0,1,1,1,1.0,1,3.0,1,0,1
26,54.0,163.0,20.32443825510934,2,5,36,34,0.9444444444444444,0,0,0,1,0,1.0,1,2.0,0,0,0
24,79.0,165.0,29.017447199265384,2,5,42,38,0.9047619047619048,1,1,1,0,1,1.0,0,4.0,0,0,1
33,65.0,153.0,27.76709812465291,4,5,38,36,0.9473684210526315,1,1,1,0,1,1.0,0,1.0,0,0,1
29,52.0,157.0,21.096190514828187,2,4,35,33,0.9428571428571428,0,0,0,1,0,0.0,0,1.5,0,1,0
45,85.0,153.0,36.31082062454612,4,4,44,40,0.9090909090909091,1,1,1,1,1,1.0,0,18.0,0,0,1
30,63.8,148.0,29.12710007304602,4,3,40,37,0.925,0,0,0,0,0,1.0,1,7.0,0,0,0
47,62.7,154.0,26.437847866419297,4,4,38,36,0.9473684210526315,1,1,1,1,0,0.0,0,30.0,1,2,1
36,46.0,150.0,20.444444444444443,2,5,34,32,0.9411764705882353,0,0,0,0,1,0.0,0,18.0,0,0,0
28,52.0,156.0,21.367521367521366,2,5,34,32,0.9411764705882353,0,0,0,0,1,0.0,0,11.0,0,1,0
36,32.0,154.0,13.493000505987519,2,6,32,30,0.9375,0,0,0,1,1,0.0,0,15.0,0,0,0
33,35.0,150.0,15.555555555555555,2,5,30,28,0.9333333333333333,0,0,0,1,1,0.0,0,10.0,0,1,0
27,48.0,155.448,19.864194540640778,2,6,33,30,0.9090909090909091,0,0,0,1,0,1.0,0,6.5,0,0,0
43,33.0,152.0,14.283240997229917,2,6,30,28,0.9333333333333333,0,0,0,1,1,1.0,1,6.0,0,0,0
31,50.0,158.496,19.90368050427093,2,5,34,32,0.9411764705882353,0,1,1,1,0,1.0,0,4.0,0,0,1
38,34.0,153.0,14.524328249818446,2,5,32,30,0.9375,0,0,0,1,0,1.0,0,8.0,0,1,0
32,35.0,150.0,15.555555555555555,2,4,32,30,0.9375,0,0,0,0,0,1.0,0,4.0,0,0,0
38,53.5,158.496,21.296938139569896,2,5,35,33,0.9428571428571428,0,0,0,0,0,0.0,0,14.0,0,0,0
37,45.0,156.0,18.49112426035503,2,5,35,32,0.9142857142857143,0,0,0,1,1,0.0,0,10.0,0,0,0
34,35.0,155.0,14.5681581685744,2,4,32,29,0.90625,0,0,0,1,1,0.0,0,8.0,0,0,0
40,32.0,152.0,13.850415512465373,2,3,30,28,0.9333333333333333,0,0,0,0,0,1.0,1,2.0,0,1,0
25,64.4,157.0,26.126820560671835,2,5,34,32,0.9411764705882353,0,0,0,1,1,0.0,0,4.0,0,0,0
28,58.9,159.0,23.2981290297061,2,6,36,34,0.9444444444444444,0,1,1,1,0,1.0,1,1.0,0,0,1
25,53.5,152.0,23.156163434903046,4,3,32,30,0.9375,0,0,0,1,0,0.0,0,3.0,0,0,0
26,59.0,154.0,24.87771968291449,2,4,35,33,0.9428571428571428,1,1,1,1,1,1.0,0,3.0,0,0,1
30,55.1,167.64,19.60632938713077,2,5,34,32,0.9411764705882353,1,1,1,1,1,1.0,0,8.5,0,0,0
26,55.7,162.0,21.223898795915254,2,6,36,33,0.9166666666666666,0,0,0,0,1,0.0,1,1.0,0,0,0
43,40.0,152.0,17.31301939058172,2,6,30,28,0.9333333333333333,0,0,0,0,1,0.0,1,25.0,0,0,0
30,52.0,152.0,22.506925207756233,2,4,32,30,0.9375,0,0,0,1,1,0.0,1,6.0,1,0,0
30,58.9,153.0,25.161262762185483,2,5,35,33,0.9428571428571428,0,0,0,0,0,0.0,1,4.0,0,0,0
27,47.0,152.0,20.342797783933516,2,5,33,28,0.8484848484848485,0,0,0,0,0,0.0,1,8.0,0,0,1
36,65.7,151.0,28.814525678698303,4,4,37,35,0.9459459459459459,1,0,0,1,1,1.0,0,8.0,0,1,1
29,66.0,150.0,29.333333333333332,4,5,36,34,0.9444444444444444,0,1,1,1,0,0.0,1,9.0,0,0,1
45,50.0,154.0,21.0828132906055,4,4,30,27,0.9,1,1,1,1,1,1.0,0,11.0,0,2,1
26,54.0,150.0,24.0,4,3,36,34,0.9444444444444444,1,1,1,1,0,1.0,0,5.0,0,0,0
31,65.0,158.0,26.037493991347535,2,5,38,36,0.9473684210526315,0,1,0,1,1,0.0,1,4.0,0,0,0
31,51.0,155.0,21.227887617065555,4,5,33,30,0.9090909090909091,0,0,0,0,1,0.0,1,5.0,0,0,0
38,62.0,154.0,26.14268848035082,4,4,35,33,0.9428571428571428,1,0,0,1,1,1.0,0,5.0,1,0,1
32,68.0,158.0,27.239224483255885,2,6,37,35,0.9459459459459459,1,0,0,0,1,1.0,1,13.0,0,0,0
32,46.0,152.0,19.909972299168974,2,6,32,30,0.9375,0,0,0,1,1,0.0,0,8.0,0,0,0
38,52.0,156.0,21.367521367521366,2,5,33,30,0.9090909090909091,0,0,0,1,0,0.0,1,10.0,0,0,0
26,67.0,154.0,28.25096980941137,2,5,36,34,0.9444444444444444,1,0,0,1,0,1.0,0,5.0,0,1,0
29,53.0,152.0,22.939750692520775,2,5,34,32,0.9411764705882353,0,1,1,0,1,0.0,0,2.5,0,0,1
35,66.0,155.0,27.47138397502601,4,3,37,35,0.9459459459459459,1,0,0,0,0,1.0,0,4.0,0,2,0
27,65.0,162.0,24.76756591982929,2,5,38,36,0.9473684210526315,1,1,1,1,1,0.0,0,3.5,0,1,0
27,83.0,164.0,30.859607376561577,2,6,39,36,0.9230769230769231,0,0,0,1,1,0.0,0,2.0,0,0,1
35,53.0,158.0,21.230572023714146,2,6,35,33,0.9428571428571428,1,0,0,0,1,1.0,0,11.0,0,1,0
30,68.0,158.0,27.239224483255885,2,4,37,35,0.9459459459459459,0,1,1,1,0,0.0,1,10.0,0,0,0
27,36.0,153.0,15.378700499807767,2,5,30,28,0.9333333333333333,1,1,1,0,1,1.0,0,6.5,1,0,1
28,55.5,144.0,26.765046296296298,2,5,38,35,0.9210526315789473,1,1,1,0,1,1.0,0,6.5,1,2,1
30,57.0,155.0,23.725286160249738,2,5,35,33,0.9428571428571428,0,0,0,0,0,1.0,1,10.0,0,0,1
31,50.0,155.0,20.811654526534856,2,4,33,30,0.9090909090909091,0,0,1,0,1,0.0,0,12.0,0,0,0
20,52.0,150.0,23.11111111111111,2,6,34,32,0.9411764705882353,0,0,0,1,1,1.0,0,3.0,0,0,0
34,67.0,152.0,28.999307479224377,2,6,37,35,0.9459459459459459,1,1,1,1,1,1.0,0,13.0,0,1,0
26,50.0,152.0,21.641274238227147,4,5,32,28,0.875,0,0,1,0,0,1.0,1,2.0,0,0,0
40,85.0,173.0,28.40054796351365,2,5,38,36,0.9473684210526315,1,0,0,0,1,1.0,0,13.0,0,1,1
28,53.0,152.0,22.939750692520775,2,4,33,30,0.9090909090909091,1,1,1,1,0,1.0,0,7.5,0,1,0
26,64.0,153.0,27.339911999658252,4,3,34,31,0.9117647058823529,0,0,0,1,0,0.0,1,3.0,0,0,0
25,57.0,148.0,26.02264426588751,2,5,30,28,0.9333333333333333,1,1,1,1,1,0.0,0,1.0,0,0,1
35,52.0,150.0,23.11111111111111,2,5,34,32,0.9411764705882353,0,0,0,0,1,0.0,1,7.0,0,0,0
37,56.0,152.0,24.238227146814403,2,5,35,33,0.9428571428571428,0,0,0,0,1,0.0,1,9.0,0,0,0
41,40.0,155.0,16.649323621227886,2,5,34,32,0.9411764705882353,0,1,1,0,1,0.0,0,7.0,0,0,1
24,68.0,158.0,27.239224483255885,2,6,39,36,0.9230769230769231,1,0,0,0,1,1.0,0,3.0,1,0,0
33,52.0,152.0,22.506925207756233,2,5,38,32,0.8421052631578947,0,1,1,1,1,1.0,0,8.0,0,1,1
24,52.0,162.0,19.81405273586343,4,3,39,32,0.8205128205128205,0,0,1,0,1,1.0,0,4.0,0,0,1
39,55.0,158.0,22.031725684986377,2,5,38,34,0.8947368421052632,1,0,0,0,1,0.0,1,14.0,0,0,0
30,72.0,161.0,27.776706145596233,4,2,45,38,0.8444444444444444,1,1,1,1,1,1.0,0,1.5,1,0,1
28,56.0,158.0,22.432302515622492,2,5,39,32,0.8205128205128205,1,0,1,0,1,1.0,0,7.0,1,0,1
38,50.0,161.0,19.28937926777516,2,5,38,32,0.8421052631578947,0,0,0,0,1,1.0,1,13.0,1,0,0
34,55.0,158.0,22.031725684986377,2,6,36,32,0.8888888888888888,0,1,1,0,1,1.0,0,10.0,0,0,1
28,65.0,167.0,23.306680053067517,2,6,38,34,0.8947368421052632,0,0,0,0,0,1.0,0,5.0,1,0,0
30,66.0,152.0,28.566481994459835,2,5,40,36,0.9,1,0,0,1,1,1.0,0,7.0,1,0,0
28,53.0,159.0,20.964360587002094,2,6,36,30,0.8333333333333334,0,0,0,1,1,1.0,0,4.0,1,0,0
47,60.0,164.5,22.17274415424839,2,5,36,32,0.8888888888888888,0,0,0,1,1,1.0,0,24.0,1,0,0
32,60.0,154.0,25.2993759487266,2,5,38,34,0.8947368421052632,1,0,0,1,1,1.0,0,5.0,1,0,0
33,64.0,162.0,24.38652644413961,2,5,36,30,0.8333333333333334,0,1,1,1,1,1.0,0,13.0,1,0,1
38,50.0,150.0,22.22222222222222,4,3,34,30,0.8823529411764706,0,0,0,1,1,1.0,0,12.0,0,0,0
28,61.0,150.0,27.11111111111111,2,6,39,35,0.8974358974358975,1,0,0,0,1,1.0,0,6.5,0,0,0
37,56.0,155.0,23.309053069719038,4,2,37,34,0.918918918918919,1,0,1,1,1,1.0,0,14.0,1,0,1
40,64.0,158.0,25.63691716071142,2,5,39,35,0.8974358974358975,1,0,0,0,1,1.0,1,17.0,0,0,0
35,57.0,158.0,22.832879346258608,2,6,36,32,0.8888888888888888,0,0,0,1,1,1.0,1,17.0,1,0,0
45,54.0,152.0,23.372576177285318,2,6,38,35,0.9210526315789473,0,0,0,1,1,0.0,1,23.0,0,3,0
31,55.0,161.0,21.218317194552675,2,5,37,34,0.918918918918919,0,0,0,1,1,0.0,1,11.0,1,0,0
30,65.0,161.0,25.076193048107708,4,2,39,34,0.8717948717948718,1,1,1,0,1,1.0,0,7.0,1,0,1
29,53.0,161.0,20.446742023841672,2,6,38,35,0.9210526315789473,0,0,0,1,1,1.0,0,5.0,1,0,0
33,60.0,162.0,22.86236854138088,2,6,38,35,0.9210526315789473,0,0,0,1,1,0.0,0,13.0,0,0,0
29,59.0,155.0,24.55775234131113,4,3,38,34,0.8947368421052632,0,0,0,0,0,1.0,0,12.0,1,0,0
27,59.0,158.0,23.634033007530842,2,6,36,32,0.8888888888888888,0,0,0,1,1,0.0,0,6.0,1,0,0
31,45.0,153.0,19.223375624759708,2,5,35,30,0.8571428571428571,0,0,1,1,0,0.0,0,8.0,1,0,0
30,62.0,152.0,26.83518005540166,2,5,38,35,0.9210526315789473,1,0,0,1,1,1.0,0,6.0,1,0,0
30,46.0,161.0,17.746228926353147,2,5,34,31,0.9117647058823529,0,0,0,1,1,0.0,0,5.0,1,0,0
21,82.0,158.0,32.847300112161506,4,3,44,38,0.8636363636363636,1,1,1,1,1,1.0,0,3.0,1,0,1
36,89.0,161.0,34.33509509663978,4,3,44,40,0.9090909090909091,1,1,1,1,1,1.0,0,5.0,0,0,1
31,73.0,161.0,28.162493730951734,4,2,42,38,0.9047619047619048,1,1,1,0,0,1.0,0,7.0,0,0,1
29,53.0,152.0,22.939750692520775,2,5,38,34,0.8947368421052632,0,0,1,0,0,1.0,1,2.0,1,0,0
26,60.0,152.0,25.969529085872576,4,2,40,36,0.9,1,1,0,0,1,1.0,0,5.0,1,0,1
26,65.0,158.0,26.037493991347535,2,5,40,35,0.875,1,1,0,0,1,1.0,0,7.0,1,0,1
32,40.0,158.0,16.023073225444637,2,5,36,32,0.8888888888888888,0,0,0,1,1,1.0,0,12.0,1,0,1
25,85.0,161.0,32.79194475521777,2,5,42,38,0.9047619047619048,1,0,0,1,0,1.0,0,3.0,1,2,0
36,62.0,158.0,24.83576349943919,2,6,40,36,0.9,0,0,0,1,1,1.0,0,14.0,1,0,0
30,50.0,152.0,21.641274238227147,4,3,38,35,0.9210526315789473,0,0,0,0,1,1.0,0,2.0,1,0,0
28,83.0,164.0,30.859607376561577,4,2,42,37,0.8809523809523809,1,1,0,1,1,1.0,0,7.0,0,1,1
31,56.0,158.0,22.432302515622492,2,6,38,35,0.9210526315789473,0,0,0,1,1,1.0,0,10.0,1,0,0
32,57.0,157.0,23.124670372023203,2,5,38,34,0.8947368421052632,0,0,1,0,1,1.0,1,4.0,0,0,0
30,71.0,157.0,28.804413972169254,4,2,42,36,0.8571428571428571,1,0,0,1,1,1.0,0,5.0,0,0,0
22,56.0,154.0,23.61275088547816,2,6,39,34,0.8717948717948718,0,0,0,1,1,1.0,0,1.0,1,0,0
36,54.0,148.0,24.653031409788166,4,2,38,33,0.868421052631579,0,1,0,1,1,1.0,0,15.0,1,0,1
27,60.0,164.0,22.308149910767405,2,6,40,35,0.875,0,1,1,0,0,1.0,0,2.5,1,0,1
30,55.0,164.0,20.449137418203453,2,6,37,34,0.918918918918919,0,0,0,1,1,1.0,0,7.0,1,1,0
33,50.0,152.0,21.641274238227147,4,2,38,35,0.9210526315789473,0,0,0,1,1,1.0,0,12.0,1,0,0
28,61.0,158.0,24.435186668803073,2,6,40,35,0.875,0,1,0,0,1,0.0,1,6.0,1,0,0
32,80.4,165.0,29.531680440771357,4,3,42,38,0.9047619047619048,1,1,1,0,1,1.0,0,10.0,0,0,1
32,47.0,158.0,18.82711103989745,2,6,37,33,0.8918918918918919,0,1,0,0,1,0.0,0,7.0,1,0,0
34,53.0,145.0,25.20808561236623,2,6,38,35,0.9210526315789473,1,0,1,0,0,1.0,0,10.0,1,0,0
36,61.0,154.0,25.72103221453871,2,6,38,35,0.9210526315789473,1,0,0,1,1,0.0,1,12.0,1,0,0
34,61.0,154.0,25.72103221453871,2,5,39,34,0.8717948717948718,1,0,0,1,0,0.0,0,7.0,0,0,0
35,62.0,148.0,28.305332359386416,2,6,40,36,0.9,1,0,0,1,1,0.0,1,17.0,0,1,0
42,50.0,161.0,19.28937926777516,4,3,37,32,0.8648648648648649,0,0,0,1,0,0.0,0,5.0,1,0,0
31,48.0,152.0,20.775623268698062,2,6,35,30,0.8571428571428571,0,0,0,1,1,1.0,0,8.0,0,0,0
35,48.0,158.0,19.227687870533565,2,5,36,30,0.8333333333333334,0,0,1,0,0,1.0,0,10.0,1,1,0
38,77.9,161.0,30.052852899193702,2,5,42,37,0.8809523809523809,1,1,0,0,1,1.0,0,2.0,0,0,0
23,67.0,152.0,28.999307479224377,4,2,38,32,0.8421052631578947,1,0,1,1,1,0.0,0,2.0,0,0,1
20,64.0,165.0,23.507805325987146,2,6,38,35,0.9210526315789473,0,0,0,1,1,1.0,0,8.0,1,0,0
22,58.0,161.0,22.375679950619187,4,3,38,34,0.8947368421052632,0,1,0,1,1,1.0,0,5.0,1,0,1
35,60.0,152.0,25.969529085872576,2,5,39,36,0.9230769230769231,1,0,0,1,0,1.0,0,3.0,1,0,0
28,58.0,164.0,21.564544913741823,2,6,37,34,0.918918918918919,0,1,1,0,1,1.0,1,1.0,1,0,1
31,68.0,161.0,26.23355580417422,2,6,39,35,0.8974358974358975,1,0,0,1,1,1.0,0,6.0,1,0,0
29,74.0,159.0,29.270994027135,4,3,40,37,0.925,1,1,1,0,0,1.0,0,3.0,1,1,1
28,42.0,163.0,15.807896420640597,2,5,35,30,0.8571428571428571,0,0,0,1,1,0.0,0,7.0,1,0,0
32,65.0,161.0,25.076193048107708,2,6,38,34,0.8947368421052632,1,0,0,0,1,1.0,0,11.0,1,0,0
27,60.0,158.0,24.034609838166958,2,4,36,32,0.8888888888888888,0,1,0,0,1,0.0,1,8.0,1,0,1
35,60.0,152.0,25.969529085872576,2,6,38,35,0.9210526315789473,0,0,1,0,1,1.0,0,10.0,1,0,0
28,61.0,152.0,26.40235457063712,4,3,39,35,0.8974358974358975,1,0,0,0,1,1.0,0,3.0,0,0,0
23,50.0,155.0,20.811654526534856,4,6,37,34,0.918918918918919,0,0,0,1,1,0.0,0,3.0,0,0,0
31,55.5,151.0,24.341037673786236,2,6,38,34,0.8947368421052632,0,0,1,0,1,1.0,0,5.0,1,0,0
37,65.0,161.0,25.076193048107708,2,5,38,34,0.8947368421052632,1,0,0,0,1,1.0,0,6.0,0,0,0
35,60.0,146.0,28.147870144492405,4,3,37,35,0.9459459459459459,1,0,0,1,0,1.0,0,10.0,0,0,0
29,46.0,150.0,20.444444444444443,2,6,34,33,0.9705882352941176,0,0,0,1,1,1.0,0,6.0,1,1,0
32,60.5,158.0,24.234898253485014,2,6,38,34,0.8947368421052632,1,0,0,0,1,0.0,1,9.0,0,2,0
37,50.0,148.0,22.826880934989045,2,7,37,33,0.8918918918918919,0,0,0,1,0,1.0,0,5.0,1,0,0
41,76.9,165.0,28.246097337006432,4,3,42,38,0.9047619047619048,1,0,1,1,0,1.0,0,14.0,0,0,0
40,63.0,171.0,21.545090797168363,2,6,38,34,0.8947368421052632,0,0,1,0,0,1.0,0,17.0,0,0,0
24,60.0,152.0,25.969529085872576,2,5,38,32,0.8421052631578947,1,0,1,1,1,1.0,0,8.0,1,0,1
31,55.5,151.0,24.341037673786236,2,5,37,34,0.918918918918919,0,0,0,0,1,1.0,1,5.0,1,0,0
23,50.0,155.0,20.811654526534856,4,2,36,32,0.8888888888888888,0,0,0,1,0,0.0,1,3.0,0,0,0
28,61.0,152.0,26.40235457063712,4,2,38,35,0.9210526315789473,1,0,0,1,1,1.0,0,3.0,0,0,1
35,60.0,152.0,25.969529085872576,2,6,39,36,0.9230769230769231,1,0,0,1,0,0.0,0,10.0,1,0,0
27,45.0,158.0,18.02595737862522,2,5,36,32,0.8888888888888888,0,0,1,0,0,1.0,1,8.0,1,0,1
32,65.0,161.0,25.076193048107708,2,5,38,35,0.9210526315789473,1,0,0,0,0,1.0,0,11.0,1,0,0
28,42.0,163.0,15.807896420640597,2,6,35,30,0.8571428571428571,0,0,1,0,1,1.0,0,7.0,1,0,0
29,74.0,159.0,29.270994027135,4,3,42,38,0.9047619047619048,1,0,1,1,1,1.0,0,3.0,1,0,1
31,68.0,161.0,26.23355580417422,2,6,40,37,0.925,1,0,0,1,1,0.0,0,6.0,1,0,0
35,60.0,152.0,25.969529085872576,2,6,38,34,0.8947368421052632,1,0,0,0,1,0.0,1,3.0,1,0,0
36,60.0,154.0,25.2993759487266,2,4,38,35,0.9210526315789473,1,1,0,0,1,1.0,0,5.0,1,1,1
30,67.0,165.0,24.609733700642796,2,6,39,35,0.8974358974358975,0,0,0,1,0,1.0,0,5.0,1,0,0
27,58.0,161.0,22.375679950619187,2,5,37,34,0.918918918918919,0,0,0,1,1,0.0,0,8.0,0,0,0
28,65.6,159.0,25.948340651081836,2,6,39,36,0.9230769230769231,1,0,0,1,0,1.0,0,5.0,0,0,0
28,65.0,158.0,26.037493991347535,4,3,36,32,0.8888888888888888,1,0,1,1,1,1.0,0,4.5,1,0,1
27,64.0,160.0,24.999999999999996,2,5,36,32,0.8888888888888888,1,0,1,1,0,1.0,0,3.0,0,0,1
26,38.0,148.0,17.348429510591675,2,6,28,25,0.8928571428571429,0,0,1,0,0,0.0,0,3.0,1,0,0
33,50.0,158.0,20.028841531805796,2,5,35,31,0.8857142857142857,0,0,0,1,1,1.0,0,2.0,1,0,0
33,45.0,142.0,22.317000595120017,2,6,35,31,0.8857142857142857,0,0,0,1,0,1.0,0,9.0,0,0,0
36,59.0,155.0,24.55775234131113,2,5,38,34,0.8947368421052632,0,0,0,0,1,1.0,0,17.0,0,0,0
45,57.0,160.0,22.265624999999996,2,6,38,35,0.9210526315789473,0,0,1,0,1,1.0,0,23.0,0,0,0
40,60.0,161.0,23.147255121330193,2,6,38,35,0.9210526315789473,0,0,0,1,1,0.0,0,13.0,1,0,0
34,54.7,158.0,21.911552635795545,2,5,37,33,0.8918918918918919,0,0,0,1,1,1.0,1,9.0,1,0,0
40,53.0,150.0,23.555555555555557,2,5,34,30,0.8823529411764706,0,0,0,1,0,1.0,0,14.0,1,0,0
23,55.0,152.0,23.80540166204986,2,5,36,32,0.8888888888888888,0,1,1,1,1,0.0,1,3.0,0,0,1
26,52.0,150.0,23.11111111111111,2,5,35,31,0.8857142857142857,0,0,0,1,1,1.0,0,9.0,0,0,0
30,64.0,158.0,25.63691716071142,2,4,38,35,0.9210526315789473,1,0,1,0,1,1.0,0,2.2,1,0,1
31,60.0,160.0,23.437499999999996,4,2,39,35,0.8974358974358975,0,1,1,0,1,1.0,0,7.0,1,0,1
26,45.0,149.0,20.269357236160534,2,5,32,28,0.875,0,0,0,1,0,1.0,0,8.0,1,0,0
32,71.8,162.0,27.358634354519122,2,6,41,38,0.926829268292683,1,0,1,0,1,0.0,1,4.0,0,0,0
27,65.0,160.0,25.390624999999996,2,4,37,34,0.918918918918919,1,0,1,0,1,1.0,0,2.0,0,0,1
36,58.0,154.0,24.456063417102378,2,5,36,32,0.8888888888888888,0,0,0,1,1,1.0,0,12.0,0,0,0
25,45.6,152.0,19.736842105263158,2,5,30,26,0.8666666666666667,0,1,0,1,1,1.0,0,1.0,1,0,1
40,74.1,164.0,27.55056513979774,2,6,42,38,0.9047619047619048,1,0,1,0,1,1.0,1,18.0,0,0,0
38,68.0,164.0,25.282569898869724,4,2,38,35,0.9210526315789473,1,0,1,1,1,1.0,0,1.0,1,0,1
42,55.0,150.0,24.444444444444443,2,5,36,32,0.8888888888888888,0,0,0,1,1,1.0,0,5.0,1,0,0
29,51.0,158.0,20.429418362441915,2,5,32,28,0.875,0,0,0,0,0,1.0,1,7.0,1,0,0
37,59.0,148.0,26.93571950328707,4,3,36,32,0.8888888888888888,1,0,1,0,1,1.0,0,4.0,0,0,1
33,64.0,158.0,25.63691716071142,2,5,36,32,0.8888888888888888,1,0,0,1,0,0.0,1,12.0,1,1,0
32,63.0,158.0,25.236340330075304,4,2,36,31,0.8611111111111112,1,0,1,1,1,0.0,0,10.0,1,1,1
28,48.0,148.0,21.91380569758948,2,6,30,26,0.8666666666666667,0,0,1,1,1,1.0,0,4.0,1,0,1
33,60.0,152.0,25.969529085872576,2,5,38,34,0.8947368421052632,1,0,1,1,1,1.0,0,6.0,1,0,1
25,65.0,154.0,27.40765727778715,4,3,36,32,0.8888888888888888,1,0,1,0,0,0.0,1,5.0,1,0,1
42,65.0,158.0,26.037493991347535,2,6,38,35,0.9210526315789473,1,0,0,0,1,1.0,0,2.0,1,0,0
29,50.0,148.0,22.826880934989045,2,5,32,28,0.875,0,0,0,1,1,0.0,0,5.0,0,0,0
33,57.0,163.0,21.453573713726524,2,6,32,28,0.875,0,0,0,1,1,1.0,1,10.0,0,0,0
23,70.0,158.0,28.040378144528116,2,5,42,38,0.9047619047619048,1,0,1,1,1,1.0,0,2.0,0,0,1
30,64.0,170.0,22.145328719723185,2,5,40,36,0.9,0,0,0,1,1,0.0,1,6.0,0,0,0
29,48.0,150.0,21.333333333333332,2,6,32,27,0.84375,0,0,0,1,0,1.0,0,6.0,1,0,0
32,71.0,157.0,28.804413972169254,4,3,42,38,0.9047619047619048,1,0,1,1,1,1.0,0,13.0,0,0,1
33,76.0,164.0,28.256989886972047,4,2,42,39,0.9285714285714286,1,0,1,0,1,1.0,0,6.0,1,1,1
34,73.0,161.0,28.162493730951734,2,5,40,36,0.9,1,0,0,1,1,1.0,0,3.0,1,0,1
26,56.0,160.0,21.874999999999996,2,6,34,30,0.8823529411764706,0,0,0,1,0,1.0,1,3.0,1,0,0
31,64.0,170.0,22.145328719723185,4,3,36,32,0.8888888888888888,0,0,0,0,1,0.0,1,6.0,0,0,0
40,56.0,158.0,22.432302515622492,2,6,34,30,0.8823529411764706,0,0,0,1,0,0.0,1,22.0,1,2,0
39,55.0,150.0,24.444444444444443,4,7,38,36,0.9473684210526315,0,0,0,0,1,1.0,0,13.0,1,0,1
27,52.0,150.0,23.11111111111111,2,5,36,32,0.8888888888888888,0,0,0,0,0,1.0,1,5.0,0,0,1
26,72.0,150.0,32.0,4,2,42,40,0.9523809523809523,1,0,1,0,1,1.0,0,3.0,0,0,1
29,63.0,162.0,24.005486968449926,2,5,39,37,0.9487179487179487,0,1,1,0,0,1.0,0,11.0,0,0,0
47,62.7,160.0,24.492187499999996,4,7,39,36,0.9230769230769231,0,0,0,0,1,1.0,1,30.0,0,0,1
41,71.5,160.0,27.929687499999993,4,7,42,39,0.9285714285714286,1,1,1,0,0,1.0,0,16.0,1,1,0
33,63.0,159.0,24.919900320398717,4,2,39,37,0.9487179487179487,0,0,0,0,1,1.0,0,7.0,1,0,1
34,69.0,167.64,24.55239070257755,2,5,40,38,0.95,1,1,0,1,1,1.0,0,10.0,0,0,1
30,44.0,161.544,16.860521834646764,2,4,28,24,0.8571428571428571,0,0,0,0,0,0.0,1,4.0,1,0,1
31,50.0,158.0,20.028841531805796,2,5,36,30,0.8333333333333334,0,0,1,0,1,1.0,1,11.0,0,0,1
35,57.0,154.0,24.034407151290267,2,5,38,32,0.8421052631578947,0,0,0,0,0,0.0,1,7.0,0,0,1
35,61.0,158.0,24.435186668803073,2,5,38,33,0.868421052631579,0,0,1,0,1,1.0,1,13.0,0,1,1
32,52.0,150.0,23.11111111111111,2,5,36,32,0.8888888888888888,0,0,0,0,1,0.0,1,12.0,0,0,1
31,51.0,156.0,20.956607495069033,2,6,36,31,0.8611111111111112,0,0,1,0,1,0.0,1,5.0,0,0,1
31,38.0,158.496,15.126797183245907,4,2,26,25,0.9615384615384616,0,0,0,0,1,0.0,0,3.0,0,0,1
36,66.0,162.0,25.14860539551897,4,7,39,37,0.9487179487179487,0,0,0,0,0,0.0,0,,0,0,1
36,55.0,154.0,23.19109461966605,2,5,38,37,0.9736842105263158,0,0,0,1,0,1.0,0,8.0,0,0,0
27,63.0,158.0,25.236340330075304,2,4,39,37,0.9487179487179487,0,0,0,0,0,1.0,0,2.5,0,1,0
33,55.0,158.496,21.894048554698024,2,5,38,36,0.9473684210526315,0,0,0,0,0,1.0,0,6.0,1,0,0
33,89.0,163.0,33.49768527230984,4,7,46,40,0.8695652173913043,1,0,1,1,1,1.0,0,6.0,1,0,1
41,45.0,160.0,17.578124999999996,2,5,38,37,0.9736842105263158,0,1,1,1,1,1.0,0,18.0,1,0,0
34,54.0,153.0,23.06805074971165,4,7,36,35,0.9722222222222222,0,0,0,0,0,0.0,0,3.5,0,0,1
33,50.0,150.0,22.22222222222222,2,4,36,34,0.9444444444444444,0,0,0,0,0,0.0,0,8.0,0,0,0
35,61.8,153.0,26.400102524669997,2,4,39,38,0.9743589743589743,0,0,0,0,0,1.0,0,11.0,0,0,0
32,64.0,162.0,24.38652644413961,4,2,39,34,0.8717948717948718,1,0,0,0,0,0.0,0,9.0,1,0,1
40,56.0,148.0,25.56610664718773,2,5,38,34,0.8947368421052632,0,0,1,0,0,1.0,1,7.0,1,1,0
25,55.0,154.0,23.19109461966605,2,5,38,36,0.9473684210526315,0,0,0,1,0,0.0,1,4.0,0,0,1
34,52.0,149.0,23.422368361785505,4,7,36,32,0.8888888888888888,0,1,1,1,0,1.0,1,10.0,0,2,1
31,50.0,152.0,21.641274238227147,2,5,36,34,0.9444444444444444,0,0,0,1,0,1.0,0,7.0,0,0,1
26,68.0,164.592,25.10102566310909,2,5,42,38,0.9047619047619048,1,0,0,0,1,1.0,0,6.0,1,1,1
39,50.0,154.0,21.0828132906055,2,5,34,30,0.8823529411764706,0,0,0,0,0,0.0,0,16.0,0,0,0
48,55.0,151.0,24.121749046094468,4,2,38,36,0.9473684210526315,0,0,0,0,1,0.0,1,25.0,0,0,0
31,55.0,156.0,22.600262984878366,2,4,38,32,0.8421052631578947,0,0,1,0,0,0.0,1,7.0,1,0,1
32,61.0,165.0,22.4058769513315,2,5,40,35,0.875,0,0,0,0,0,0.0,1,1.5,1,0,0
42,94.0,155.448,38.90071430875486,4,7,48,47,0.9791666666666666,1,1,1,1,0,1.0,0,16.0,0,0,1
28,60.0,160.0,23.437499999999996,2,5,39,37,0.9487179487179487,0,0,0,0,0,0.0,0,4.0,0,0,0
27,60.0,158.496,23.884416605125118,2,5,39,38,0.9743589743589743,0,0,1,1,1,0.0,0,7.0,1,0,0
26,52.0,164.592,19.19490197767166,2,5,36,35,0.9722222222222222,0,0,0,0,0,0.0,0,3.0,0,0,0
44,66.1,148.0,30.177136596055515,2,5,40,34,0.85,1,0,0,0,1,0.0,0,8.0,0,0,0
32,43.0,161.544,16.477328156586612,2,5,34,30,0.8823529411764706,0,0,0,0,1,1.0,1,7.0,1,0,0
33,87.9,158.0,35.21070341291459,4,2,46,44,0.9565217391304348,1,0,0,0,1,1.0,0,8.0,0,0,1
31,63.0,156.0,25.88757396449704,2,5,39,36,0.9230769230769231,0,1,0,1,0,1.0,1,5.0,0,0,0
30,44.8,157.0,18.17517952046736,2,5,34,30,0.8823529411764706,0,0,0,0,0,1.0,1,9.0,1,0,0
30,49.1,159.0,19.421700090977414,4,2,36,32,0.8888888888888888,0,1,1,0,0,1.0,1,4.0,1,0,1
36,62.0,152.0,26.83518005540166,4,2,40,37,0.925,1,1,0,0,0,1.0,0,9.0,0,3,0
36,76.9,165.0,28.246097337006432,2,5,42,41,0.9761904761904762,1,0,0,0,0,1.0,0,7.0,0,0,0
28,63.0,143.0,30.80835248667417,2,4,40,39,0.975,1,0,0,0,0,0.0,0,11.0,0,0,1
35,61.0,154.0,25.72103221453871,4,7,40,38,0.95,1,1,1,1,1,1.0,0,16.0,0,0,0
23,66.0,164.592,24.362760202429413,4,2,38,37,0.9736842105263158,0,0,0,0,1,1.0,0,3.0,1,0,0
25,58.0,155.448,24.002568403274275,2,5,34,32,0.9411764705882353,0,1,0,1,0,0.0,0,3.0,1,0,0
30,50.0,154.0,21.0828132906055,2,4,34,33,0.9705882352941176,0,0,0,0,0,0.0,1,6.0,1,0,1
30,48.0,148.0,21.91380569758948,2,5,28,27,0.9642857142857143,1,0,1,0,1,1.0,0,6.0,1,0,0
27,64.0,155.0,26.638917793964616,4,2,40,36,0.9,1,1,1,1,1,1.0,0,5.0,0,0,1
34,45.0,150.0,20.0,2,5,28,26,0.9285714285714286,0,0,0,0,0,0.0,0,8.0,0,0,0
35,54.0,140.0,27.551020408163268,2,5,36,34,0.9444444444444444,0,0,0,0,1,0.0,0,5.0,1,0,0
23,52.0,148.0,23.739956172388606,2,5,32,30,0.9375,0,0,0,0,0,0.0,0,4.0,0,0,0
28,65.0,163.0,24.46460160337235,2,5,32,31,0.96875,0,0,0,0,0,0.0,0,3.0,0,0,0
40,59.0,152.0,25.536703601108034,2,5,44,42,0.9545454545454546,1,1,0,1,0,0.0,0,10.0,1,1,0
38,70.0,164.592,25.839291123788772,2,4,46,42,0.9130434782608695,1,1,0,0,1,0.0,0,8.0,0,0,0
38,52.0,150.0,23.11111111111111,2,5,36,35,0.9722222222222222,0,0,0,0,0,0.0,0,15.0,0,0,0
31,52.9,153.0,22.598146012217523,2,5,34,32,0.9411764705882353,0,0,0,0,0,0.0,0,9.0,0,0,0
33,48.0,162.0,18.289894833104707,2,5,28,24,0.8571428571428571,0,0,0,0,0,0.0,0,5.0,0,0,0
35,52.0,152.0,22.506925207756233,2,4,30,29,0.9666666666666667,0,0,0,0,0,0.0,0,15.0,1,1,0
35,42.0,152.4,18.083369500072333,2,5,28,24,0.8571428571428571,0,0,1,1,0,0.0,0,12.0,0,1,0
37,62.0,153.0,26.48553974966893,2,4,44,43,0.9772727272727273,0,1,0,1,0,1.0,0,13.0,0,0,0
36,54.3,150.0,24.133333333333333,2,5,32,30,0.9375,0,1,0,0,0,0.0,0,12.0,0,0,0
46,54.0,152.0,23.372576177285318,2,4,30,28,0.9333333333333333,1,0,0,0,0,1.0,0,16.0,1,1,1
24,57.0,158.496,22.69019577486886,2,5,32,30,0.9375,1,0,0,0,0,0.0,0,3.0,0,0,0
44,56.0,142.0,27.772267407260465,2,5,38,36,0.9473684210526315,0,0,0,0,1,0.0,0,3.0,0,0,0
23,72.0,165.0,26.44628099173554,5,7,42,40,0.9523809523809523,0,1,1,0,0,1.0,0,5.0,0,0,1
21,55.0,158.496,21.894048554698024,2,5,40,38,0.95,0,0,0,0,0,0.0,0,3.0,0,0,0
32,65.0,170.688,22.310401055042473,2,5,38,36,0.9473684210526315,0,0,0,0,0,1.0,0,6.0,0,0,0
31,69.0,164.0,25.654372397382513,2,5,46,44,0.9565217391304348,0,0,0,1,0,0.0,0,4.0,0,0,0
34,50.0,152.0,21.641274238227147,2,5,32,28,0.875,0,0,1,0,0,0.0,0,8.0,0,0,0
27,59.0,152.0,25.536703601108034,2,5,36,34,0.9444444444444444,0,0,0,0,0,0.0,0,2.0,0,0,0
24,56.0,154.0,23.61275088547816,2,5,30,28,0.9333333333333333,0,0,0,0,0,0.0,0,4.0,0,0,0
28,53.0,158.496,21.097901334527187,2,5,28,26,0.9285714285714286,0,0,1,0,0,0.0,0,5.0,1,0,0
27,50.0,168.0,17.71541950113379,4,2,26,25,0.9615384615384616,0,1,0,0,1,0.0,0,7.0,0,0,1
40,78.0,155.0,32.46618106139438,2,5,48,46,0.9583333333333334,0,1,0,0,1,0.0,0,14.0,0,0,0
29,52.0,154.0,21.926125822229718,2,5,28,25,0.8928571428571429,1,0,1,1,0,0.0,0,8.0,1,0,0
36,60.0,150.0,26.666666666666668,4,7,42,40,0.9523809523809523,1,0,0,0,1,0.0,0,8.0,0,0,1
27,70.0,170.688,24.0265857515842,2,5,44,42,0.9545454545454546,1,0,0,0,0,0.0,0,4.0,1,2,1
27,48.0,158.496,19.107533284100093,2,5,26,24,0.9230769230769231,0,1,0,0,0,0.0,0,2.0,0,0,0
32,60.0,155.0,24.97398543184183,4,7,42,40,0.9523809523809523,0,1,0,0,0,0.0,0,4.0,1,1,0
22,62.0,162.0,23.624447492760247,2,4,44,42,0.9545454545454546,0,0,0,0,1,0.0,0,3.0,0,0,0
41,58.0,146.304,27.096649486508845,2,6,42,40,0.9523809523809523,1,0,0,0,0,1.0,0,6.0,0,0,0
32,52.0,163.0,19.57168128269788,2,6,30,28,0.9333333333333333,0,0,0,0,0,1.0,0,4.0,0,0,0
38,61.0,158.0,24.435186668803073,2,5,38,34,0.8947368421052632,0,0,0,0,0,0.0,0,10.0,0,0,0
34,70.0,164.0,26.026174895895306,2,5,48,44,0.9166666666666666,0,0,0,0,0,0.0,0,8.0,0,0,0
39,56.0,158.496,22.292122164783443,2,4,32,28,0.875,0,0,0,0,0,0.0,0,13.0,0,0,0
26,53.5,161.544,20.500861776218226,4,7,28,26,0.9285714285714286,0,0,0,0,1,0.0,0,3.0,0,0,1
24,48.0,158.496,19.107533284100093,2,5,30,28,0.9333333333333333,0,0,0,0,0,0.0,0,4.0,0,0,0
26,80.0,161.544,30.655494244812303,2,5,48,44,0.9166666666666666,0,0,0,0,0,0.0,0,4.0,0,0,0
35,50.0,164.592,18.456636516991978,2,5,28,26,0.9285714285714286,0,0,0,0,0,0.0,0,8.0,0,1,0
30,63.2,158.0,25.316455696202528,2,5,34,32,0.9411764705882353,1,0,0,0,0,0.0,0,4.0,1,1,0
36,54.0,152.0,23.372576177285318,2,6,30,28,0.9333333333333333,0,0,0,0,0,0.0,0,8.0,0,0,0
27,50.0,150.0,22.22222222222222,4,2,28,26,0.9285714285714286,0,0,0,0,1,0.0,0,2.0,0,0,0
23,82.0,165.0,30.119375573921033,4,7,48,46,0.9583333333333334,1,1,1,1,1,1.0,0,2.0,0,0,1
